2026-04-28 15:02:05 | INFO     | __main__:181 | Checking Binance connectivity...
2026-04-28 15:02:05 | WARNING  | __main__:190 | Starting live mode — ensure PAPER_TRADING=True in settings.py
2026-04-28 15:02:05 | INFO     | __main__:57 | ============================================================
2026-04-28 15:02:05 | INFO     | __main__:58 | QF623 Crypto Algo — Backtest Pipeline
2026-04-28 15:02:05 | INFO     | __main__:59 | ============================================================
2026-04-28 15:02:05 | INFO     | __main__:62 | Step 1/6: Loading universe data
2026-04-28 15:02:05 | INFO     | data.ingestion:85 | Fetching BTCUSDT 1d from 2021-01-01
2026-04-28 15:02:05 | SUCCESS  | data.ingestion:105 | Cached BTCUSDT: 1944 bars → BTCUSDT_1d.parquet
2026-04-28 15:02:05 | INFO     | data.ingestion:85 | Fetching ETHUSDT 1d from 2021-01-01
2026-04-28 15:02:06 | SUCCESS  | data.ingestion:105 | Cached ETHUSDT: 1944 bars → ETHUSDT_1d.parquet
2026-04-28 15:02:06 | INFO     | data.ingestion:85 | Fetching BNBUSDT 1d from 2021-01-01
2026-04-28 15:02:07 | SUCCESS  | data.ingestion:105 | Cached BNBUSDT: 1944 bars → BNBUSDT_1d.parquet
2026-04-28 15:02:07 | INFO     | data.ingestion:85 | Fetching SOLUSDT 1d from 2021-01-01
2026-04-28 15:02:08 | SUCCESS  | data.ingestion:105 | Cached SOLUSDT: 1937 bars → SOLUSDT_1d.parquet
2026-04-28 15:02:08 | INFO     | data.ingestion:85 | Fetching XRPUSDT 1d from 2021-01-01
2026-04-28 15:02:08 | SUCCESS  | data.ingestion:105 | Cached XRPUSDT: 1944 bars → XRPUSDT_1d.parquet
2026-04-28 15:02:08 | INFO     | data.ingestion:85 | Fetching ADAUSDT 1d from 2021-01-01
2026-04-28 15:02:09 | SUCCESS  | data.ingestion:105 | Cached ADAUSDT: 1921 bars → ADAUSDT_1d.parquet
2026-04-28 15:02:09 | INFO     | data.ingestion:85 | Fetching AVAXUSDT 1d from 2021-01-01
2026-04-28 15:02:10 | SUCCESS  | data.ingestion:105 | Cached AVAXUSDT: 1854 bars → AVAXUSDT_1d.parquet
2026-04-28 15:02:10 | INFO     | data.ingestion:85 | Fetching DOTUSDT 1d from 2021-01-01
2026-04-28 15:02:10 | SUCCESS  | data.ingestion:105 | Cached DOTUSDT: 1733 bars → DOTUSDT_1d.parquet
2026-04-28 15:02:10 | INFO     | data.ingestion:85 | Fetching LINKUSDT 1d from 2021-01-01
2026-04-28 15:02:11 | SUCCESS  | data.ingestion:105 | Cached LINKUSDT: 1914 bars → LINKUSDT_1d.parquet
2026-04-28 15:02:11 | INFO     | data.ingestion:85 | Fetching MATICUSDT 1d from 2021-01-01
2026-04-28 15:02:11 | SUCCESS  | data.ingestion:105 | Cached MATICUSDT: 1331 bars → MATICUSDT_1d.parquet
2026-04-28 15:02:11 | INFO     | data.ingestion:85 | Fetching ATOMUSDT 1d from 2021-01-01
2026-04-28 15:02:12 | SUCCESS  | data.ingestion:105 | Cached ATOMUSDT: 1362 bars → ATOMUSDT_1d.parquet
2026-04-28 15:02:12 | INFO     | data.ingestion:85 | Fetching LTCUSDT 1d from 2021-01-01
2026-04-28 15:02:12 | SUCCESS  | data.ingestion:105 | Cached LTCUSDT: 1933 bars → LTCUSDT_1d.parquet
2026-04-28 15:02:12 | INFO     | data.ingestion:132 | Universe loaded: 12/12 symbols
2026-04-28 15:02:12 | INFO     | __main__:70 | Universe: ['BTCUSDT', 'ETHUSDT', 'BNBUSDT', 'SOLUSDT', 'XRPUSDT', 'ADAUSDT', 'AVAXUSDT', 'DOTUSDT', 'LINKUSDT', 'MATICUSDT', 'ATOMUSDT', 'LTCUSDT']
2026-04-28 15:02:12 | INFO     | __main__:71 | Date range: 2021-01-01 → 2026-04-28
2026-04-28 15:02:12 | INFO     | __main__:72 | Total bars: 1944
2026-04-28 15:02:12 | INFO     | __main__:75 | Step 2/6: Loading funding rates and sentiment data
2026-04-28 15:02:16 | INFO     | __main__:80 | Step 3/6: Generating signals for all 10 strategies
2026-04-28 15:02:16 | INFO     | __main__:85 |   → momentum
2026-04-28 15:02:16 | DEBUG    | strategies.base:68 | Running strategy: momentum
2026-04-28 15:02:17 | INFO     | __main__:85 |   → mean_reversion
2026-04-28 15:02:17 | DEBUG    | strategies.base:68 | Running strategy: mean_reversion
2026-04-28 15:02:17 | INFO     | __main__:85 |   → risk_parity
2026-04-28 15:02:17 | DEBUG    | strategies.base:68 | Running strategy: risk_parity
2026-04-28 15:02:17 | INFO     | __main__:85 |   → cross_sectional_momentum
2026-04-28 15:02:17 | DEBUG    | strategies.base:68 | Running strategy: cross_sectional_momentum
2026-04-28 15:02:17 | INFO     | __main__:85 |   → vol_breakout
2026-04-28 15:02:17 | DEBUG    | strategies.base:68 | Running strategy: vol_breakout
2026-04-28 15:02:17 | INFO     | __main__:85 |   → pairs_trading
2026-04-28 15:02:17 | DEBUG    | strategies.base:68 | Running strategy: pairs_trading
2026-04-28 15:02:18 | INFO     | __main__:85 |   → ml_signal
2026-04-28 15:02:18 | DEBUG    | strategies.base:68 | Running strategy: ml_signal
2026-04-28 15:02:24 | INFO     | __main__:85 |   → macro_rotation
2026-04-28 15:02:24 | DEBUG    | strategies.base:68 | Running strategy: macro_rotation
2026-04-28 15:02:24 | INFO     | __main__:85 |   → carry
2026-04-28 15:02:24 | DEBUG    | strategies.base:68 | Running strategy: carry
2026-04-28 15:02:24 | INFO     | __main__:85 |   → sentiment
2026-04-28 15:02:24 | DEBUG    | strategies.base:68 | Running strategy: sentiment
2026-04-28 15:02:24 | INFO     | __main__:97 | Step 4/6: Running walk-forward backtests
2026-04-28 15:02:24 | INFO     | backtest.engine:164 | Backtesting: momentum
2026-04-28 15:02:31 | DEBUG    | portfolio.optimizer:116 | Optimizer: Positive directional derivative for linesearch — falling back to equal-weight
2026-04-28 15:02:31 | DEBUG    | portfolio.optimizer:116 | Optimizer: Positive directional derivative for linesearch — falling back to equal-weight
2026-04-28 15:02:31 | DEBUG    | portfolio.optimizer:116 | Optimizer: Positive directional derivative for linesearch — falling back to equal-weight
2026-04-28 15:02:31 | DEBUG    | portfolio.optimizer:116 | Optimizer: Positive directional derivative for linesearch — falling back to equal-weight
2026-04-28 15:02:31 | DEBUG    | portfolio.optimizer:116 | Optimizer: Positive directional derivative for linesearch — falling back to equal-weight
2026-04-28 15:02:31 | DEBUG    | portfolio.optimizer:116 | Optimizer: Positive directional derivative for linesearch — falling back to equal-weight
2026-04-28 15:02:31 | DEBUG    | portfolio.optimizer:116 | Optimizer: Positive directional derivative for linesearch — falling back to equal-weight
2026-04-28 15:02:31 | DEBUG    | portfolio.optimizer:116 | Optimizer: Positive directional derivative for linesearch — falling back to equal-weight
2026-04-28 15:02:31 | DEBUG    | portfolio.optimizer:116 | Optimizer: Positive directional derivative for linesearch — falling back to equal-weight
2026-04-28 15:02:31 | DEBUG    | portfolio.optimizer:116 | Optimizer: Positive directional derivative for linesearch — falling back to equal-weight
2026-04-28 15:02:31 | DEBUG    | portfolio.optimizer:116 | Optimizer: Positive directional derivative for linesearch — falling back to equal-weight
2026-04-28 15:02:31 | DEBUG    | portfolio.optimizer:116 | Optimizer: Positive directional derivative for linesearch — falling back to equal-weight
2026-04-28 15:02:31 | DEBUG    | portfolio.optimizer:116 | Optimizer: Positive directional derivative for linesearch — falling back to equal-weight
2026-04-28 15:02:32 | DEBUG    | portfolio.optimizer:116 | Optimizer: Positive directional derivative for linesearch — falling back to equal-weight
2026-04-28 15:02:32 | DEBUG    | portfolio.optimizer:116 | Optimizer: Positive directional derivative for linesearch — falling back to equal-weight
2026-04-28 15:02:32 | DEBUG    | portfolio.optimizer:116 | Optimizer: Positive directional derivative for linesearch — falling back to equal-weight
2026-04-28 15:02:32 | DEBUG    | portfolio.optimizer:116 | Optimizer: Positive directional derivative for linesearch — falling back to equal-weight
2026-04-28 15:02:32 | DEBUG    | portfolio.optimizer:116 | Optimizer: Positive directional derivative for linesearch — falling back to equal-weight
2026-04-28 15:02:32 | DEBUG    | portfolio.optimizer:116 | Optimizer: Positive directional derivative for linesearch — falling back to equal-weight
2026-04-28 15:02:32 | DEBUG    | portfolio.optimizer:116 | Optimizer: Positive directional derivative for linesearch — falling back to equal-weight
2026-04-28 15:02:32 | DEBUG    | portfolio.optimizer:116 | Optimizer: Positive directional derivative for linesearch — falling back to equal-weight
2026-04-28 15:02:32 | DEBUG    | portfolio.optimizer:116 | Optimizer: Positive directional derivative for linesearch — falling back to equal-weight
2026-04-28 15:02:32 | DEBUG    | portfolio.optimizer:116 | Optimizer: Positive directional derivative for linesearch — falling back to equal-weight
2026-04-28 15:02:32 | DEBUG    | portfolio.optimizer:116 | Optimizer: Positive directional derivative for linesearch — falling back to equal-weight
2026-04-28 15:02:32 | DEBUG    | portfolio.optimizer:116 | Optimizer: Positive directional derivative for linesearch — falling back to equal-weight
2026-04-28 15:02:32 | DEBUG    | portfolio.optimizer:116 | Optimizer: Positive directional derivative for linesearch — falling back to equal-weight
2026-04-28 15:02:33 | DEBUG    | portfolio.optimizer:116 | Optimizer: Positive directional derivative for linesearch — falling back to equal-weight
2026-04-28 15:02:33 | DEBUG    | portfolio.optimizer:116 | Optimizer: Positive directional derivative for linesearch — falling back to equal-weight
2026-04-28 15:02:33 | DEBUG    | portfolio.optimizer:116 | Optimizer: Positive directional derivative for linesearch — falling back to equal-weight
2026-04-28 15:02:33 | DEBUG    | portfolio.optimizer:116 | Optimizer: Positive directional derivative for linesearch — falling back to equal-weight
2026-04-28 15:02:33 | DEBUG    | portfolio.optimizer:116 | Optimizer: Positive directional derivative for linesearch — falling back to equal-weight
2026-04-28 15:02:33 | DEBUG    | portfolio.optimizer:116 | Optimizer: Positive directional derivative for linesearch — falling back to equal-weight
2026-04-28 15:02:33 | DEBUG    | portfolio.optimizer:116 | Optimizer: Positive directional derivative for linesearch — falling back to equal-weight
2026-04-28 15:02:33 | DEBUG    | portfolio.optimizer:116 | Optimizer: Positive directional derivative for linesearch — falling back to equal-weight
2026-04-28 15:02:33 | DEBUG    | portfolio.optimizer:116 | Optimizer: Positive directional derivative for linesearch — falling back to equal-weight
2026-04-28 15:02:33 | DEBUG    | portfolio.optimizer:116 | Optimizer: Positive directional derivative for linesearch — falling back to equal-weight
2026-04-28 15:02:33 | DEBUG    | portfolio.optimizer:116 | Optimizer: Positive directional derivative for linesearch — falling back to equal-weight
2026-04-28 15:02:33 | DEBUG    | portfolio.optimizer:116 | Optimizer: Positive directional derivative for linesearch — falling back to equal-weight
2026-04-28 15:02:33 | DEBUG    | portfolio.optimizer:116 | Optimizer: Positive directional derivative for linesearch — falling back to equal-weight
2026-04-28 15:02:33 | DEBUG    | portfolio.optimizer:116 | Optimizer: Positive directional derivative for linesearch — falling back to equal-weight
2026-04-28 15:02:33 | DEBUG    | portfolio.optimizer:116 | Optimizer: Positive directional derivative for linesearch — falling back to equal-weight
2026-04-28 15:02:33 | DEBUG    | portfolio.optimizer:116 | Optimizer: Positive directional derivative for linesearch — falling back to equal-weight
2026-04-28 15:02:33 | DEBUG    | portfolio.optimizer:116 | Optimizer: Positive directional derivative for linesearch — falling back to equal-weight
2026-04-28 15:02:33 | DEBUG    | portfolio.optimizer:116 | Optimizer: Positive directional derivative for linesearch — falling back to equal-weight
2026-04-28 15:02:33 | DEBUG    | portfolio.optimizer:116 | Optimizer: Positive directional derivative for linesearch — falling back to equal-weight
2026-04-28 15:02:33 | DEBUG    | portfolio.optimizer:116 | Optimizer: Positive directional derivative for linesearch — falling back to equal-weight
2026-04-28 15:02:33 | DEBUG    | portfolio.optimizer:116 | Optimizer: Positive directional derivative for linesearch — falling back to equal-weight
2026-04-28 15:02:33 | DEBUG    | portfolio.optimizer:116 | Optimizer: Positive directional derivative for linesearch — falling back to equal-weight
2026-04-28 15:02:33 | DEBUG    | portfolio.optimizer:116 | Optimizer: Positive directional derivative for linesearch — falling back to equal-weight
2026-04-28 15:02:33 | DEBUG    | portfolio.optimizer:116 | Optimizer: Positive directional derivative for linesearch — falling back to equal-weight
2026-04-28 15:02:33 | SUCCESS  | backtest.engine:255 | momentum: Sharpe=-0.833 | CAGR=-0.1236
2026-04-28 15:02:33 | INFO     | backtest.engine:164 | Backtesting: mean_reversion
2026-04-28 15:02:37 | SUCCESS  | backtest.engine:255 | mean_reversion: Sharpe=-1.424 | CAGR=-0.1984
2026-04-28 15:02:37 | INFO     | backtest.engine:164 | Backtesting: risk_parity
2026-04-28 15:02:41 | SUCCESS  | backtest.engine:255 | risk_parity: Sharpe=0.355 | CAGR=0.0426
2026-04-28 15:02:41 | INFO     | backtest.engine:164 | Backtesting: cross_sectional_momentum
2026-04-28 15:02:48 | DEBUG    | portfolio.optimizer:116 | Optimizer: Positive directional derivative for linesearch — falling back to equal-weight
2026-04-28 15:02:48 | DEBUG    | portfolio.optimizer:116 | Optimizer: Positive directional derivative for linesearch — falling back to equal-weight
2026-04-28 15:02:48 | DEBUG    | portfolio.optimizer:116 | Optimizer: Positive directional derivative for linesearch — falling back to equal-weight
2026-04-28 15:02:48 | DEBUG    | portfolio.optimizer:116 | Optimizer: Positive directional derivative for linesearch — falling back to equal-weight
2026-04-28 15:02:48 | DEBUG    | portfolio.optimizer:116 | Optimizer: Positive directional derivative for linesearch — falling back to equal-weight
2026-04-28 15:02:48 | DEBUG    | portfolio.optimizer:116 | Optimizer: Positive directional derivative for linesearch — falling back to equal-weight
2026-04-28 15:02:48 | DEBUG    | portfolio.optimizer:116 | Optimizer: Positive directional derivative for linesearch — falling back to equal-weight
2026-04-28 15:02:48 | DEBUG    | portfolio.optimizer:116 | Optimizer: Positive directional derivative for linesearch — falling back to equal-weight
2026-04-28 15:02:48 | DEBUG    | portfolio.optimizer:116 | Optimizer: Positive directional derivative for linesearch — falling back to equal-weight
2026-04-28 15:02:48 | DEBUG    | portfolio.optimizer:116 | Optimizer: Positive directional derivative for linesearch — falling back to equal-weight
2026-04-28 15:02:48 | DEBUG    | portfolio.optimizer:116 | Optimizer: Positive directional derivative for linesearch — falling back to equal-weight
2026-04-28 15:02:48 | DEBUG    | portfolio.optimizer:116 | Optimizer: Positive directional derivative for linesearch — falling back to equal-weight
2026-04-28 15:02:48 | DEBUG    | portfolio.optimizer:116 | Optimizer: Positive directional derivative for linesearch — falling back to equal-weight
2026-04-28 15:02:48 | DEBUG    | portfolio.optimizer:116 | Optimizer: Positive directional derivative for linesearch — falling back to equal-weight
2026-04-28 15:02:49 | DEBUG    | portfolio.optimizer:116 | Optimizer: Positive directional derivative for linesearch — falling back to equal-weight
2026-04-28 15:02:49 | DEBUG    | portfolio.optimizer:116 | Optimizer: Positive directional derivative for linesearch — falling back to equal-weight
2026-04-28 15:02:49 | DEBUG    | portfolio.optimizer:116 | Optimizer: Positive directional derivative for linesearch — falling back to equal-weight
2026-04-28 15:02:49 | DEBUG    | portfolio.optimizer:116 | Optimizer: Positive directional derivative for linesearch — falling back to equal-weight
2026-04-28 15:02:49 | DEBUG    | portfolio.optimizer:116 | Optimizer: Positive directional derivative for linesearch — falling back to equal-weight
2026-04-28 15:02:50 | DEBUG    | portfolio.optimizer:116 | Optimizer: Positive directional derivative for linesearch — falling back to equal-weight
2026-04-28 15:02:50 | DEBUG    | portfolio.optimizer:116 | Optimizer: Positive directional derivative for linesearch — falling back to equal-weight
2026-04-28 15:02:50 | DEBUG    | portfolio.optimizer:116 | Optimizer: Positive directional derivative for linesearch — falling back to equal-weight
2026-04-28 15:02:50 | DEBUG    | portfolio.optimizer:116 | Optimizer: Positive directional derivative for linesearch — falling back to equal-weight
2026-04-28 15:02:50 | DEBUG    | portfolio.optimizer:116 | Optimizer: Positive directional derivative for linesearch — falling back to equal-weight
2026-04-28 15:02:50 | DEBUG    | portfolio.optimizer:116 | Optimizer: Positive directional derivative for linesearch — falling back to equal-weight
2026-04-28 15:02:50 | DEBUG    | portfolio.optimizer:116 | Optimizer: Positive directional derivative for linesearch — falling back to equal-weight
2026-04-28 15:02:50 | SUCCESS  | backtest.engine:255 | cross_sectional_momentum: Sharpe=-0.547 | CAGR=-0.0877
2026-04-28 15:02:50 | INFO     | backtest.engine:164 | Backtesting: vol_breakout
2026-04-28 15:02:52 | SUCCESS  | backtest.engine:255 | vol_breakout: Sharpe=-0.575 | CAGR=-0.0372
2026-04-28 15:02:52 | INFO     | backtest.engine:164 | Backtesting: pairs_trading
2026-04-28 15:02:53 | SUCCESS  | backtest.engine:255 | pairs_trading: Sharpe=-0.48 | CAGR=-0.0171
2026-04-28 15:02:53 | INFO     | backtest.engine:164 | Backtesting: ml_signal
2026-04-28 15:03:01 | SUCCESS  | backtest.engine:255 | ml_signal: Sharpe=-1.853 | CAGR=-0.2609
2026-04-28 15:03:01 | INFO     | backtest.engine:164 | Backtesting: macro_rotation
2026-04-28 15:03:05 | DEBUG    | portfolio.optimizer:116 | Optimizer: Positive directional derivative for linesearch — falling back to equal-weight
2026-04-28 15:03:06 | SUCCESS  | backtest.engine:255 | macro_rotation: Sharpe=0.67 | CAGR=0.0881
2026-04-28 15:03:06 | INFO     | backtest.engine:164 | Backtesting: carry
2026-04-28 15:03:07 | DEBUG    | portfolio.optimizer:116 | Optimizer: Positive directional derivative for linesearch — falling back to equal-weight
2026-04-28 15:03:07 | DEBUG    | portfolio.optimizer:116 | Optimizer: Positive directional derivative for linesearch — falling back to equal-weight
2026-04-28 15:03:07 | DEBUG    | portfolio.optimizer:116 | Optimizer: Positive directional derivative for linesearch — falling back to equal-weight
2026-04-28 15:03:07 | DEBUG    | portfolio.optimizer:116 | Optimizer: Positive directional derivative for linesearch — falling back to equal-weight
2026-04-28 15:03:07 | DEBUG    | portfolio.optimizer:116 | Optimizer: Positive directional derivative for linesearch — falling back to equal-weight
2026-04-28 15:03:07 | DEBUG    | portfolio.optimizer:116 | Optimizer: Positive directional derivative for linesearch — falling back to equal-weight
2026-04-28 15:03:07 | DEBUG    | portfolio.optimizer:116 | Optimizer: Positive directional derivative for linesearch — falling back to equal-weight
2026-04-28 15:03:08 | DEBUG    | portfolio.optimizer:116 | Optimizer: Positive directional derivative for linesearch — falling back to equal-weight
2026-04-28 15:03:08 | DEBUG    | portfolio.optimizer:116 | Optimizer: Positive directional derivative for linesearch — falling back to equal-weight
2026-04-28 15:03:08 | DEBUG    | portfolio.optimizer:116 | Optimizer: Positive directional derivative for linesearch — falling back to equal-weight
2026-04-28 15:03:08 | SUCCESS  | backtest.engine:255 | carry: Sharpe=-0.476 | CAGR=-0.018
2026-04-28 15:03:08 | INFO     | backtest.engine:164 | Backtesting: sentiment
2026-04-28 15:03:09 | DEBUG    | portfolio.optimizer:116 | Optimizer: Positive directional derivative for linesearch — falling back to equal-weight
2026-04-28 15:03:11 | SUCCESS  | backtest.engine:255 | sentiment: Sharpe=-0.7 | CAGR=-0.0222
2026-04-28 15:03:11 | INFO     | __main__:107 | Step 5/6: Seasonality and regime analysis
2026-04-28 15:03:11 | INFO     | seasonality.analyzer:175 | Strategy selector: date=2026-04-28 | month=4 | regime=bear
2026-04-28 15:03:11 | INFO     | seasonality.analyzer:218 | Selected strategies: [('cross_sectional_momentum', 1.0), ('risk_parity', 0.0)]
2026-04-28 15:03:11 | INFO     | __main__:119 | Current strategy selection: [('cross_sectional_momentum', 1.0), ('risk_parity', 0.0)]
2026-04-28 15:03:11 | INFO     | __main__:122 | Step 6/6: Performance attribution
2026-04-28 15:03:11 | SUCCESS  | utils.reporting:141 | Results saved to /Users/sharonlau15/Desktop/SMU 3rd Sem/3in1Project/crypto_algo/results
2026-04-28 15:03:11 | INFO     | execution.live_engine:505 | Scheduler started — running daily at 06:00 UTC
2026-04-28 15:03:11 | INFO     | execution.live_engine:506 | Keep this process alive (tmux / screen / Docker recommended)
2026-04-28 15:03:11 | INFO     | execution.live_engine:507 | Press Ctrl+C to gracefully shutdown and generate reports...
2026-04-28 15:09:00 | INFO     | execution.live_engine:512 | 
🛑 Graceful shutdown initiated...
2026-04-28 15:09:00 | WARNING  | execution.live_engine:479 | No live state file found to report on.
2026-04-28 15:09:00 | SUCCESS  | execution.live_engine:514 | ✅ Strategy engine stopped. Goodbye!
2026-04-28 15:09:00 | INFO     | __main__:227 | ✅ Session complete.
2026-04-28 15:25:49 | INFO     | __main__:186 | Checking Binance connectivity...
2026-04-28 15:25:49 | WARNING  | __main__:195 | Starting live mode — ensure PAPER_TRADING=True in settings.py
2026-04-28 15:25:49 | INFO     | __main__:57 | ============================================================
2026-04-28 15:25:49 | INFO     | __main__:58 | QF623 Crypto Algo — Backtest Pipeline
2026-04-28 15:25:49 | INFO     | __main__:59 | ============================================================
2026-04-28 15:25:49 | INFO     | __main__:62 | Step 1/6: Loading universe data
2026-04-28 15:25:49 | DEBUG    | data.ingestion:82 | Cache hit: BTCUSDT 1d
2026-04-28 15:25:49 | DEBUG    | data.ingestion:82 | Cache hit: ETHUSDT 1d
2026-04-28 15:25:49 | DEBUG    | data.ingestion:82 | Cache hit: BNBUSDT 1d
2026-04-28 15:25:50 | DEBUG    | data.ingestion:82 | Cache hit: SOLUSDT 1d
2026-04-28 15:25:50 | DEBUG    | data.ingestion:82 | Cache hit: XRPUSDT 1d
2026-04-28 15:25:50 | DEBUG    | data.ingestion:82 | Cache hit: ADAUSDT 1d
2026-04-28 15:25:50 | DEBUG    | data.ingestion:82 | Cache hit: AVAXUSDT 1d
2026-04-28 15:25:50 | DEBUG    | data.ingestion:82 | Cache hit: DOTUSDT 1d
2026-04-28 15:25:50 | DEBUG    | data.ingestion:82 | Cache hit: LINKUSDT 1d
2026-04-28 15:25:50 | DEBUG    | data.ingestion:82 | Cache hit: MATICUSDT 1d
2026-04-28 15:25:50 | DEBUG    | data.ingestion:82 | Cache hit: ATOMUSDT 1d
2026-04-28 15:25:50 | DEBUG    | data.ingestion:82 | Cache hit: LTCUSDT 1d
2026-04-28 15:25:51 | INFO     | data.ingestion:132 | Universe loaded: 12/12 symbols
2026-04-28 15:25:51 | INFO     | __main__:70 | Universe: ['BTCUSDT', 'ETHUSDT', 'BNBUSDT', 'SOLUSDT', 'XRPUSDT', 'ADAUSDT', 'AVAXUSDT', 'DOTUSDT', 'LINKUSDT', 'MATICUSDT', 'ATOMUSDT', 'LTCUSDT']
2026-04-28 15:25:51 | INFO     | __main__:71 | Date range: 2021-01-01 → 2026-04-28
2026-04-28 15:25:51 | INFO     | __main__:72 | Total bars: 1944
2026-04-28 15:25:51 | INFO     | __main__:75 | Step 2/6: Loading funding rates and sentiment data
2026-04-28 15:25:56 | INFO     | __main__:80 | Step 3/6: Generating signals for all 10 strategies
2026-04-28 15:25:56 | INFO     | __main__:85 |   → momentum
2026-04-28 15:25:56 | DEBUG    | strategies.base:68 | Running strategy: momentum
2026-04-28 15:25:56 | INFO     | __main__:85 |   → mean_reversion
2026-04-28 15:25:56 | DEBUG    | strategies.base:68 | Running strategy: mean_reversion
2026-04-28 15:25:56 | INFO     | __main__:85 |   → risk_parity
2026-04-28 15:25:56 | DEBUG    | strategies.base:68 | Running strategy: risk_parity
2026-04-28 15:25:56 | INFO     | __main__:85 |   → cross_sectional_momentum
2026-04-28 15:25:56 | DEBUG    | strategies.base:68 | Running strategy: cross_sectional_momentum
2026-04-28 15:25:56 | INFO     | __main__:85 |   → vol_breakout
2026-04-28 15:25:56 | DEBUG    | strategies.base:68 | Running strategy: vol_breakout
2026-04-28 15:25:56 | INFO     | __main__:85 |   → pairs_trading
2026-04-28 15:25:56 | DEBUG    | strategies.base:68 | Running strategy: pairs_trading
2026-04-28 15:25:58 | INFO     | __main__:85 |   → ml_signal
2026-04-28 15:25:58 | DEBUG    | strategies.base:68 | Running strategy: ml_signal
2026-04-28 15:26:04 | INFO     | __main__:85 |   → macro_rotation
2026-04-28 15:26:04 | DEBUG    | strategies.base:68 | Running strategy: macro_rotation
2026-04-28 15:26:04 | INFO     | __main__:85 |   → carry
2026-04-28 15:26:04 | DEBUG    | strategies.base:68 | Running strategy: carry
2026-04-28 15:26:04 | INFO     | __main__:85 |   → sentiment
2026-04-28 15:26:04 | DEBUG    | strategies.base:68 | Running strategy: sentiment
2026-04-28 15:26:04 | INFO     | __main__:97 | Step 4/6: Running walk-forward backtests
2026-04-28 15:26:04 | INFO     | backtest.engine:164 | Backtesting: momentum
2026-04-28 15:26:11 | DEBUG    | portfolio.optimizer:116 | Optimizer: Positive directional derivative for linesearch — falling back to equal-weight
2026-04-28 15:26:11 | DEBUG    | portfolio.optimizer:116 | Optimizer: Positive directional derivative for linesearch — falling back to equal-weight
2026-04-28 15:26:11 | DEBUG    | portfolio.optimizer:116 | Optimizer: Positive directional derivative for linesearch — falling back to equal-weight
2026-04-28 15:26:11 | DEBUG    | portfolio.optimizer:116 | Optimizer: Positive directional derivative for linesearch — falling back to equal-weight
2026-04-28 15:26:11 | DEBUG    | portfolio.optimizer:116 | Optimizer: Positive directional derivative for linesearch — falling back to equal-weight
2026-04-28 15:26:11 | DEBUG    | portfolio.optimizer:116 | Optimizer: Positive directional derivative for linesearch — falling back to equal-weight
2026-04-28 15:26:11 | DEBUG    | portfolio.optimizer:116 | Optimizer: Positive directional derivative for linesearch — falling back to equal-weight
2026-04-28 15:26:11 | DEBUG    | portfolio.optimizer:116 | Optimizer: Positive directional derivative for linesearch — falling back to equal-weight
2026-04-28 15:26:11 | DEBUG    | portfolio.optimizer:116 | Optimizer: Positive directional derivative for linesearch — falling back to equal-weight
2026-04-28 15:26:11 | DEBUG    | portfolio.optimizer:116 | Optimizer: Positive directional derivative for linesearch — falling back to equal-weight
2026-04-28 15:26:11 | DEBUG    | portfolio.optimizer:116 | Optimizer: Positive directional derivative for linesearch — falling back to equal-weight
2026-04-28 15:26:11 | DEBUG    | portfolio.optimizer:116 | Optimizer: Positive directional derivative for linesearch — falling back to equal-weight
2026-04-28 15:26:11 | DEBUG    | portfolio.optimizer:116 | Optimizer: Positive directional derivative for linesearch — falling back to equal-weight
2026-04-28 15:26:12 | DEBUG    | portfolio.optimizer:116 | Optimizer: Positive directional derivative for linesearch — falling back to equal-weight
2026-04-28 15:26:12 | DEBUG    | portfolio.optimizer:116 | Optimizer: Positive directional derivative for linesearch — falling back to equal-weight
2026-04-28 15:26:12 | DEBUG    | portfolio.optimizer:116 | Optimizer: Positive directional derivative for linesearch — falling back to equal-weight
2026-04-28 15:26:12 | DEBUG    | portfolio.optimizer:116 | Optimizer: Positive directional derivative for linesearch — falling back to equal-weight
2026-04-28 15:26:12 | DEBUG    | portfolio.optimizer:116 | Optimizer: Positive directional derivative for linesearch — falling back to equal-weight
2026-04-28 15:26:12 | DEBUG    | portfolio.optimizer:116 | Optimizer: Positive directional derivative for linesearch — falling back to equal-weight
2026-04-28 15:26:12 | DEBUG    | portfolio.optimizer:116 | Optimizer: Positive directional derivative for linesearch — falling back to equal-weight
2026-04-28 15:26:12 | DEBUG    | portfolio.optimizer:116 | Optimizer: Positive directional derivative for linesearch — falling back to equal-weight
2026-04-28 15:26:12 | DEBUG    | portfolio.optimizer:116 | Optimizer: Positive directional derivative for linesearch — falling back to equal-weight
2026-04-28 15:26:13 | DEBUG    | portfolio.optimizer:116 | Optimizer: Positive directional derivative for linesearch — falling back to equal-weight
2026-04-28 15:26:13 | DEBUG    | portfolio.optimizer:116 | Optimizer: Positive directional derivative for linesearch — falling back to equal-weight
2026-04-28 15:26:13 | DEBUG    | portfolio.optimizer:116 | Optimizer: Positive directional derivative for linesearch — falling back to equal-weight
2026-04-28 15:26:13 | DEBUG    | portfolio.optimizer:116 | Optimizer: Positive directional derivative for linesearch — falling back to equal-weight
2026-04-28 15:26:13 | DEBUG    | portfolio.optimizer:116 | Optimizer: Positive directional derivative for linesearch — falling back to equal-weight
2026-04-28 15:26:13 | DEBUG    | portfolio.optimizer:116 | Optimizer: Positive directional derivative for linesearch — falling back to equal-weight
2026-04-28 15:26:13 | DEBUG    | portfolio.optimizer:116 | Optimizer: Positive directional derivative for linesearch — falling back to equal-weight
2026-04-28 15:26:13 | DEBUG    | portfolio.optimizer:116 | Optimizer: Positive directional derivative for linesearch — falling back to equal-weight
2026-04-28 15:26:13 | DEBUG    | portfolio.optimizer:116 | Optimizer: Positive directional derivative for linesearch — falling back to equal-weight
2026-04-28 15:26:13 | DEBUG    | portfolio.optimizer:116 | Optimizer: Positive directional derivative for linesearch — falling back to equal-weight
2026-04-28 15:26:13 | DEBUG    | portfolio.optimizer:116 | Optimizer: Positive directional derivative for linesearch — falling back to equal-weight
2026-04-28 15:26:13 | DEBUG    | portfolio.optimizer:116 | Optimizer: Positive directional derivative for linesearch — falling back to equal-weight
2026-04-28 15:26:13 | DEBUG    | portfolio.optimizer:116 | Optimizer: Positive directional derivative for linesearch — falling back to equal-weight
2026-04-28 15:26:13 | DEBUG    | portfolio.optimizer:116 | Optimizer: Positive directional derivative for linesearch — falling back to equal-weight
2026-04-28 15:26:13 | DEBUG    | portfolio.optimizer:116 | Optimizer: Positive directional derivative for linesearch — falling back to equal-weight
2026-04-28 15:26:13 | DEBUG    | portfolio.optimizer:116 | Optimizer: Positive directional derivative for linesearch — falling back to equal-weight
2026-04-28 15:26:13 | DEBUG    | portfolio.optimizer:116 | Optimizer: Positive directional derivative for linesearch — falling back to equal-weight
2026-04-28 15:26:13 | DEBUG    | portfolio.optimizer:116 | Optimizer: Positive directional derivative for linesearch — falling back to equal-weight
2026-04-28 15:26:13 | DEBUG    | portfolio.optimizer:116 | Optimizer: Positive directional derivative for linesearch — falling back to equal-weight
2026-04-28 15:26:13 | DEBUG    | portfolio.optimizer:116 | Optimizer: Positive directional derivative for linesearch — falling back to equal-weight
2026-04-28 15:26:13 | DEBUG    | portfolio.optimizer:116 | Optimizer: Positive directional derivative for linesearch — falling back to equal-weight
2026-04-28 15:26:13 | DEBUG    | portfolio.optimizer:116 | Optimizer: Positive directional derivative for linesearch — falling back to equal-weight
2026-04-28 15:26:13 | DEBUG    | portfolio.optimizer:116 | Optimizer: Positive directional derivative for linesearch — falling back to equal-weight
2026-04-28 15:26:13 | DEBUG    | portfolio.optimizer:116 | Optimizer: Positive directional derivative for linesearch — falling back to equal-weight
2026-04-28 15:26:13 | DEBUG    | portfolio.optimizer:116 | Optimizer: Positive directional derivative for linesearch — falling back to equal-weight
2026-04-28 15:26:13 | DEBUG    | portfolio.optimizer:116 | Optimizer: Positive directional derivative for linesearch — falling back to equal-weight
2026-04-28 15:26:13 | DEBUG    | portfolio.optimizer:116 | Optimizer: Positive directional derivative for linesearch — falling back to equal-weight
2026-04-28 15:26:13 | DEBUG    | portfolio.optimizer:116 | Optimizer: Positive directional derivative for linesearch — falling back to equal-weight
2026-04-28 15:26:13 | SUCCESS  | backtest.engine:255 | momentum: Sharpe=-0.833 | CAGR=-0.1236
2026-04-28 15:26:13 | INFO     | backtest.engine:164 | Backtesting: mean_reversion
2026-04-28 15:26:17 | SUCCESS  | backtest.engine:255 | mean_reversion: Sharpe=-1.424 | CAGR=-0.1984
2026-04-28 15:26:17 | INFO     | backtest.engine:164 | Backtesting: risk_parity
2026-04-28 15:26:22 | SUCCESS  | backtest.engine:255 | risk_parity: Sharpe=0.355 | CAGR=0.0426
2026-04-28 15:26:22 | INFO     | backtest.engine:164 | Backtesting: cross_sectional_momentum
2026-04-28 15:26:28 | DEBUG    | portfolio.optimizer:116 | Optimizer: Positive directional derivative for linesearch — falling back to equal-weight
2026-04-28 15:26:28 | DEBUG    | portfolio.optimizer:116 | Optimizer: Positive directional derivative for linesearch — falling back to equal-weight
2026-04-28 15:26:28 | DEBUG    | portfolio.optimizer:116 | Optimizer: Positive directional derivative for linesearch — falling back to equal-weight
2026-04-28 15:26:28 | DEBUG    | portfolio.optimizer:116 | Optimizer: Positive directional derivative for linesearch — falling back to equal-weight
2026-04-28 15:26:28 | DEBUG    | portfolio.optimizer:116 | Optimizer: Positive directional derivative for linesearch — falling back to equal-weight
2026-04-28 15:26:28 | DEBUG    | portfolio.optimizer:116 | Optimizer: Positive directional derivative for linesearch — falling back to equal-weight
2026-04-28 15:26:28 | DEBUG    | portfolio.optimizer:116 | Optimizer: Positive directional derivative for linesearch — falling back to equal-weight
2026-04-28 15:26:29 | DEBUG    | portfolio.optimizer:116 | Optimizer: Positive directional derivative for linesearch — falling back to equal-weight
2026-04-28 15:26:29 | DEBUG    | portfolio.optimizer:116 | Optimizer: Positive directional derivative for linesearch — falling back to equal-weight
2026-04-28 15:26:29 | DEBUG    | portfolio.optimizer:116 | Optimizer: Positive directional derivative for linesearch — falling back to equal-weight
2026-04-28 15:26:29 | DEBUG    | portfolio.optimizer:116 | Optimizer: Positive directional derivative for linesearch — falling back to equal-weight
2026-04-28 15:26:29 | DEBUG    | portfolio.optimizer:116 | Optimizer: Positive directional derivative for linesearch — falling back to equal-weight
2026-04-28 15:26:29 | DEBUG    | portfolio.optimizer:116 | Optimizer: Positive directional derivative for linesearch — falling back to equal-weight
2026-04-28 15:26:29 | DEBUG    | portfolio.optimizer:116 | Optimizer: Positive directional derivative for linesearch — falling back to equal-weight
2026-04-28 15:26:29 | DEBUG    | portfolio.optimizer:116 | Optimizer: Positive directional derivative for linesearch — falling back to equal-weight
2026-04-28 15:26:29 | DEBUG    | portfolio.optimizer:116 | Optimizer: Positive directional derivative for linesearch — falling back to equal-weight
2026-04-28 15:26:30 | DEBUG    | portfolio.optimizer:116 | Optimizer: Positive directional derivative for linesearch — falling back to equal-weight
2026-04-28 15:26:30 | DEBUG    | portfolio.optimizer:116 | Optimizer: Positive directional derivative for linesearch — falling back to equal-weight
2026-04-28 15:26:30 | DEBUG    | portfolio.optimizer:116 | Optimizer: Positive directional derivative for linesearch — falling back to equal-weight
2026-04-28 15:26:30 | DEBUG    | portfolio.optimizer:116 | Optimizer: Positive directional derivative for linesearch — falling back to equal-weight
2026-04-28 15:26:30 | DEBUG    | portfolio.optimizer:116 | Optimizer: Positive directional derivative for linesearch — falling back to equal-weight
2026-04-28 15:26:31 | DEBUG    | portfolio.optimizer:116 | Optimizer: Positive directional derivative for linesearch — falling back to equal-weight
2026-04-28 15:26:31 | DEBUG    | portfolio.optimizer:116 | Optimizer: Positive directional derivative for linesearch — falling back to equal-weight
2026-04-28 15:26:31 | DEBUG    | portfolio.optimizer:116 | Optimizer: Positive directional derivative for linesearch — falling back to equal-weight
2026-04-28 15:26:31 | DEBUG    | portfolio.optimizer:116 | Optimizer: Positive directional derivative for linesearch — falling back to equal-weight
2026-04-28 15:26:31 | DEBUG    | portfolio.optimizer:116 | Optimizer: Positive directional derivative for linesearch — falling back to equal-weight
2026-04-28 15:26:31 | SUCCESS  | backtest.engine:255 | cross_sectional_momentum: Sharpe=-0.547 | CAGR=-0.0877
2026-04-28 15:26:31 | INFO     | backtest.engine:164 | Backtesting: vol_breakout
2026-04-28 15:26:33 | SUCCESS  | backtest.engine:255 | vol_breakout: Sharpe=-0.575 | CAGR=-0.0372
2026-04-28 15:26:33 | INFO     | backtest.engine:164 | Backtesting: pairs_trading
2026-04-28 15:26:34 | SUCCESS  | backtest.engine:255 | pairs_trading: Sharpe=-0.48 | CAGR=-0.0171
2026-04-28 15:26:34 | INFO     | backtest.engine:164 | Backtesting: ml_signal
2026-04-28 15:26:42 | SUCCESS  | backtest.engine:255 | ml_signal: Sharpe=-1.853 | CAGR=-0.2609
2026-04-28 15:26:42 | INFO     | backtest.engine:164 | Backtesting: macro_rotation
2026-04-28 15:26:46 | DEBUG    | portfolio.optimizer:116 | Optimizer: Positive directional derivative for linesearch — falling back to equal-weight
2026-04-28 15:26:47 | SUCCESS  | backtest.engine:255 | macro_rotation: Sharpe=0.67 | CAGR=0.0881
2026-04-28 15:26:47 | INFO     | backtest.engine:164 | Backtesting: carry
2026-04-28 15:26:48 | DEBUG    | portfolio.optimizer:116 | Optimizer: Positive directional derivative for linesearch — falling back to equal-weight
2026-04-28 15:26:48 | DEBUG    | portfolio.optimizer:116 | Optimizer: Positive directional derivative for linesearch — falling back to equal-weight
2026-04-28 15:26:48 | DEBUG    | portfolio.optimizer:116 | Optimizer: Positive directional derivative for linesearch — falling back to equal-weight
2026-04-28 15:26:48 | DEBUG    | portfolio.optimizer:116 | Optimizer: Positive directional derivative for linesearch — falling back to equal-weight
2026-04-28 15:26:48 | DEBUG    | portfolio.optimizer:116 | Optimizer: Positive directional derivative for linesearch — falling back to equal-weight
2026-04-28 15:26:48 | DEBUG    | portfolio.optimizer:116 | Optimizer: Positive directional derivative for linesearch — falling back to equal-weight
2026-04-28 15:26:48 | DEBUG    | portfolio.optimizer:116 | Optimizer: Positive directional derivative for linesearch — falling back to equal-weight
2026-04-28 15:26:48 | DEBUG    | portfolio.optimizer:116 | Optimizer: Positive directional derivative for linesearch — falling back to equal-weight
2026-04-28 15:26:49 | DEBUG    | portfolio.optimizer:116 | Optimizer: Positive directional derivative for linesearch — falling back to equal-weight
2026-04-28 15:26:49 | DEBUG    | portfolio.optimizer:116 | Optimizer: Positive directional derivative for linesearch — falling back to equal-weight
2026-04-28 15:26:49 | SUCCESS  | backtest.engine:255 | carry: Sharpe=-0.476 | CAGR=-0.018
2026-04-28 15:26:49 | INFO     | backtest.engine:164 | Backtesting: sentiment
2026-04-28 15:26:50 | DEBUG    | portfolio.optimizer:116 | Optimizer: Positive directional derivative for linesearch — falling back to equal-weight
2026-04-28 15:26:52 | SUCCESS  | backtest.engine:255 | sentiment: Sharpe=-0.7 | CAGR=-0.0222
2026-04-28 15:26:52 | INFO     | __main__:107 | Step 5/6: Seasonality and regime analysis
2026-04-28 15:26:52 | INFO     | seasonality.analyzer:175 | Strategy selector: date=2026-04-28 | month=4 | regime=bear
2026-04-28 15:26:52 | INFO     | seasonality.analyzer:218 | Selected strategies: [('cross_sectional_momentum', 1.0), ('risk_parity', 0.0)]
2026-04-28 15:26:52 | INFO     | __main__:119 | Current strategy selection: [('cross_sectional_momentum', 1.0), ('risk_parity', 0.0)]
2026-04-28 15:26:52 | INFO     | __main__:122 | Step 6/6: Performance attribution
2026-04-28 15:26:52 | SUCCESS  | utils.reporting:141 | Results saved to /Users/sharonlau15/Desktop/SMU 3rd Sem/3in1Project/crypto_algo/results
2026-04-28 15:26:52 | INFO     | execution.live_engine:511 | Scheduler started — running daily at 06:00 UTC
2026-04-28 15:26:52 | INFO     | execution.live_engine:512 | Keep this process alive (tmux / screen / Docker recommended)
2026-04-28 15:26:52 | INFO     | execution.live_engine:513 | Press Ctrl+C to gracefully shutdown and generate reports...
2026-04-28 15:28:06 | INFO     | __main__:186 | Checking Binance connectivity...
2026-04-28 15:28:06 | WARNING  | __main__:195 | Starting live mode — ensure PAPER_TRADING=True in settings.py
2026-04-28 15:28:06 | INFO     | __main__:57 | ============================================================
2026-04-28 15:28:06 | INFO     | __main__:58 | QF623 Crypto Algo — Backtest Pipeline
2026-04-28 15:28:06 | INFO     | __main__:59 | ============================================================
2026-04-28 15:28:06 | INFO     | __main__:62 | Step 1/6: Loading universe data
2026-04-28 15:28:06 | DEBUG    | data.ingestion:82 | Cache hit: BTCUSDT 1d
2026-04-28 15:28:06 | DEBUG    | data.ingestion:82 | Cache hit: ETHUSDT 1d
2026-04-28 15:28:06 | DEBUG    | data.ingestion:82 | Cache hit: BNBUSDT 1d
2026-04-28 15:28:06 | DEBUG    | data.ingestion:82 | Cache hit: SOLUSDT 1d
2026-04-28 15:28:06 | DEBUG    | data.ingestion:82 | Cache hit: XRPUSDT 1d
2026-04-28 15:28:06 | DEBUG    | data.ingestion:82 | Cache hit: ADAUSDT 1d
2026-04-28 15:28:06 | DEBUG    | data.ingestion:82 | Cache hit: AVAXUSDT 1d
2026-04-28 15:28:07 | DEBUG    | data.ingestion:82 | Cache hit: DOTUSDT 1d
2026-04-28 15:28:07 | DEBUG    | data.ingestion:82 | Cache hit: LINKUSDT 1d
2026-04-28 15:28:07 | DEBUG    | data.ingestion:82 | Cache hit: MATICUSDT 1d
2026-04-28 15:28:07 | DEBUG    | data.ingestion:82 | Cache hit: ATOMUSDT 1d
2026-04-28 15:28:07 | DEBUG    | data.ingestion:82 | Cache hit: LTCUSDT 1d
2026-04-28 15:28:07 | INFO     | data.ingestion:132 | Universe loaded: 12/12 symbols
2026-04-28 15:28:07 | INFO     | __main__:70 | Universe: ['BTCUSDT', 'ETHUSDT', 'BNBUSDT', 'SOLUSDT', 'XRPUSDT', 'ADAUSDT', 'AVAXUSDT', 'DOTUSDT', 'LINKUSDT', 'MATICUSDT', 'ATOMUSDT', 'LTCUSDT']
2026-04-28 15:28:07 | INFO     | __main__:71 | Date range: 2021-01-01 → 2026-04-28
2026-04-28 15:28:07 | INFO     | __main__:72 | Total bars: 1944
2026-04-28 15:28:07 | INFO     | __main__:75 | Step 2/6: Loading funding rates and sentiment data
2026-04-28 15:28:11 | INFO     | __main__:80 | Step 3/6: Generating signals for all 10 strategies
2026-04-28 15:28:11 | INFO     | __main__:85 |   → momentum
2026-04-28 15:28:11 | DEBUG    | strategies.base:68 | Running strategy: momentum
2026-04-28 15:28:11 | INFO     | __main__:85 |   → mean_reversion
2026-04-28 15:28:11 | DEBUG    | strategies.base:68 | Running strategy: mean_reversion
2026-04-28 15:28:11 | INFO     | __main__:85 |   → risk_parity
2026-04-28 15:28:11 | DEBUG    | strategies.base:68 | Running strategy: risk_parity
2026-04-28 15:28:11 | INFO     | __main__:85 |   → cross_sectional_momentum
2026-04-28 15:28:11 | DEBUG    | strategies.base:68 | Running strategy: cross_sectional_momentum
2026-04-28 15:28:11 | INFO     | __main__:85 |   → vol_breakout
2026-04-28 15:28:11 | DEBUG    | strategies.base:68 | Running strategy: vol_breakout
2026-04-28 15:28:11 | INFO     | __main__:85 |   → pairs_trading
2026-04-28 15:28:11 | DEBUG    | strategies.base:68 | Running strategy: pairs_trading
2026-04-28 15:28:13 | INFO     | __main__:85 |   → ml_signal
2026-04-28 15:28:13 | DEBUG    | strategies.base:68 | Running strategy: ml_signal
2026-04-28 15:28:19 | INFO     | __main__:85 |   → macro_rotation
2026-04-28 15:28:19 | DEBUG    | strategies.base:68 | Running strategy: macro_rotation
2026-04-28 15:28:19 | INFO     | __main__:85 |   → carry
2026-04-28 15:28:19 | DEBUG    | strategies.base:68 | Running strategy: carry
2026-04-28 15:28:19 | INFO     | __main__:85 |   → sentiment
2026-04-28 15:28:19 | DEBUG    | strategies.base:68 | Running strategy: sentiment
2026-04-28 15:28:19 | INFO     | __main__:97 | Step 4/6: Running walk-forward backtests
2026-04-28 15:28:19 | INFO     | backtest.engine:164 | Backtesting: momentum
2026-04-28 15:28:26 | DEBUG    | portfolio.optimizer:116 | Optimizer: Positive directional derivative for linesearch — falling back to equal-weight
2026-04-28 15:28:26 | DEBUG    | portfolio.optimizer:116 | Optimizer: Positive directional derivative for linesearch — falling back to equal-weight
2026-04-28 15:28:26 | DEBUG    | portfolio.optimizer:116 | Optimizer: Positive directional derivative for linesearch — falling back to equal-weight
2026-04-28 15:28:26 | DEBUG    | portfolio.optimizer:116 | Optimizer: Positive directional derivative for linesearch — falling back to equal-weight
2026-04-28 15:28:26 | DEBUG    | portfolio.optimizer:116 | Optimizer: Positive directional derivative for linesearch — falling back to equal-weight
2026-04-28 15:28:26 | DEBUG    | portfolio.optimizer:116 | Optimizer: Positive directional derivative for linesearch — falling back to equal-weight
2026-04-28 15:28:26 | DEBUG    | portfolio.optimizer:116 | Optimizer: Positive directional derivative for linesearch — falling back to equal-weight
2026-04-28 15:28:26 | DEBUG    | portfolio.optimizer:116 | Optimizer: Positive directional derivative for linesearch — falling back to equal-weight
2026-04-28 15:28:26 | DEBUG    | portfolio.optimizer:116 | Optimizer: Positive directional derivative for linesearch — falling back to equal-weight
2026-04-28 15:28:26 | DEBUG    | portfolio.optimizer:116 | Optimizer: Positive directional derivative for linesearch — falling back to equal-weight
2026-04-28 15:28:26 | DEBUG    | portfolio.optimizer:116 | Optimizer: Positive directional derivative for linesearch — falling back to equal-weight
2026-04-28 15:28:26 | DEBUG    | portfolio.optimizer:116 | Optimizer: Positive directional derivative for linesearch — falling back to equal-weight
2026-04-28 15:28:27 | DEBUG    | portfolio.optimizer:116 | Optimizer: Positive directional derivative for linesearch — falling back to equal-weight
2026-04-28 15:28:27 | DEBUG    | portfolio.optimizer:116 | Optimizer: Positive directional derivative for linesearch — falling back to equal-weight
2026-04-28 15:28:27 | DEBUG    | portfolio.optimizer:116 | Optimizer: Positive directional derivative for linesearch — falling back to equal-weight
2026-04-28 15:28:27 | DEBUG    | portfolio.optimizer:116 | Optimizer: Positive directional derivative for linesearch — falling back to equal-weight
2026-04-28 15:28:27 | DEBUG    | portfolio.optimizer:116 | Optimizer: Positive directional derivative for linesearch — falling back to equal-weight
2026-04-28 15:28:27 | DEBUG    | portfolio.optimizer:116 | Optimizer: Positive directional derivative for linesearch — falling back to equal-weight
2026-04-28 15:28:27 | DEBUG    | portfolio.optimizer:116 | Optimizer: Positive directional derivative for linesearch — falling back to equal-weight
2026-04-28 15:28:27 | DEBUG    | portfolio.optimizer:116 | Optimizer: Positive directional derivative for linesearch — falling back to equal-weight
2026-04-28 15:28:27 | DEBUG    | portfolio.optimizer:116 | Optimizer: Positive directional derivative for linesearch — falling back to equal-weight
2026-04-28 15:28:27 | DEBUG    | portfolio.optimizer:116 | Optimizer: Positive directional derivative for linesearch — falling back to equal-weight
2026-04-28 15:28:27 | DEBUG    | portfolio.optimizer:116 | Optimizer: Positive directional derivative for linesearch — falling back to equal-weight
2026-04-28 15:28:28 | DEBUG    | portfolio.optimizer:116 | Optimizer: Positive directional derivative for linesearch — falling back to equal-weight
2026-04-28 15:28:28 | DEBUG    | portfolio.optimizer:116 | Optimizer: Positive directional derivative for linesearch — falling back to equal-weight
2026-04-28 15:28:28 | DEBUG    | portfolio.optimizer:116 | Optimizer: Positive directional derivative for linesearch — falling back to equal-weight
2026-04-28 15:28:28 | DEBUG    | portfolio.optimizer:116 | Optimizer: Positive directional derivative for linesearch — falling back to equal-weight
2026-04-28 15:28:28 | DEBUG    | portfolio.optimizer:116 | Optimizer: Positive directional derivative for linesearch — falling back to equal-weight
2026-04-28 15:28:28 | DEBUG    | portfolio.optimizer:116 | Optimizer: Positive directional derivative for linesearch — falling back to equal-weight
2026-04-28 15:28:28 | DEBUG    | portfolio.optimizer:116 | Optimizer: Positive directional derivative for linesearch — falling back to equal-weight
2026-04-28 15:28:28 | DEBUG    | portfolio.optimizer:116 | Optimizer: Positive directional derivative for linesearch — falling back to equal-weight
2026-04-28 15:28:28 | DEBUG    | portfolio.optimizer:116 | Optimizer: Positive directional derivative for linesearch — falling back to equal-weight
2026-04-28 15:28:28 | DEBUG    | portfolio.optimizer:116 | Optimizer: Positive directional derivative for linesearch — falling back to equal-weight
2026-04-28 15:28:28 | DEBUG    | portfolio.optimizer:116 | Optimizer: Positive directional derivative for linesearch — falling back to equal-weight
2026-04-28 15:28:28 | DEBUG    | portfolio.optimizer:116 | Optimizer: Positive directional derivative for linesearch — falling back to equal-weight
2026-04-28 15:28:28 | DEBUG    | portfolio.optimizer:116 | Optimizer: Positive directional derivative for linesearch — falling back to equal-weight
2026-04-28 15:28:28 | DEBUG    | portfolio.optimizer:116 | Optimizer: Positive directional derivative for linesearch — falling back to equal-weight
2026-04-28 15:28:28 | DEBUG    | portfolio.optimizer:116 | Optimizer: Positive directional derivative for linesearch — falling back to equal-weight
2026-04-28 15:28:28 | DEBUG    | portfolio.optimizer:116 | Optimizer: Positive directional derivative for linesearch — falling back to equal-weight
2026-04-28 15:28:28 | DEBUG    | portfolio.optimizer:116 | Optimizer: Positive directional derivative for linesearch — falling back to equal-weight
2026-04-28 15:28:28 | DEBUG    | portfolio.optimizer:116 | Optimizer: Positive directional derivative for linesearch — falling back to equal-weight
2026-04-28 15:28:28 | DEBUG    | portfolio.optimizer:116 | Optimizer: Positive directional derivative for linesearch — falling back to equal-weight
2026-04-28 15:28:28 | DEBUG    | portfolio.optimizer:116 | Optimizer: Positive directional derivative for linesearch — falling back to equal-weight
2026-04-28 15:28:28 | DEBUG    | portfolio.optimizer:116 | Optimizer: Positive directional derivative for linesearch — falling back to equal-weight
2026-04-28 15:28:28 | DEBUG    | portfolio.optimizer:116 | Optimizer: Positive directional derivative for linesearch — falling back to equal-weight
2026-04-28 15:28:28 | DEBUG    | portfolio.optimizer:116 | Optimizer: Positive directional derivative for linesearch — falling back to equal-weight
2026-04-28 15:28:28 | DEBUG    | portfolio.optimizer:116 | Optimizer: Positive directional derivative for linesearch — falling back to equal-weight
2026-04-28 15:28:28 | DEBUG    | portfolio.optimizer:116 | Optimizer: Positive directional derivative for linesearch — falling back to equal-weight
2026-04-28 15:28:28 | DEBUG    | portfolio.optimizer:116 | Optimizer: Positive directional derivative for linesearch — falling back to equal-weight
2026-04-28 15:28:28 | DEBUG    | portfolio.optimizer:116 | Optimizer: Positive directional derivative for linesearch — falling back to equal-weight
2026-04-28 15:28:28 | SUCCESS  | backtest.engine:255 | momentum: Sharpe=-0.833 | CAGR=-0.1236
2026-04-28 15:28:28 | INFO     | backtest.engine:164 | Backtesting: mean_reversion
2026-04-28 15:28:32 | SUCCESS  | backtest.engine:255 | mean_reversion: Sharpe=-1.424 | CAGR=-0.1984
2026-04-28 15:28:32 | INFO     | backtest.engine:164 | Backtesting: risk_parity
2026-04-28 15:28:37 | SUCCESS  | backtest.engine:255 | risk_parity: Sharpe=0.355 | CAGR=0.0426
2026-04-28 15:28:37 | INFO     | backtest.engine:164 | Backtesting: cross_sectional_momentum
2026-04-28 15:28:43 | DEBUG    | portfolio.optimizer:116 | Optimizer: Positive directional derivative for linesearch — falling back to equal-weight
2026-04-28 15:28:43 | DEBUG    | portfolio.optimizer:116 | Optimizer: Positive directional derivative for linesearch — falling back to equal-weight
2026-04-28 15:28:44 | DEBUG    | portfolio.optimizer:116 | Optimizer: Positive directional derivative for linesearch — falling back to equal-weight
2026-04-28 15:28:44 | DEBUG    | portfolio.optimizer:116 | Optimizer: Positive directional derivative for linesearch — falling back to equal-weight
2026-04-28 15:28:44 | DEBUG    | portfolio.optimizer:116 | Optimizer: Positive directional derivative for linesearch — falling back to equal-weight
2026-04-28 15:28:44 | DEBUG    | portfolio.optimizer:116 | Optimizer: Positive directional derivative for linesearch — falling back to equal-weight
2026-04-28 15:28:44 | DEBUG    | portfolio.optimizer:116 | Optimizer: Positive directional derivative for linesearch — falling back to equal-weight
2026-04-28 15:28:44 | DEBUG    | portfolio.optimizer:116 | Optimizer: Positive directional derivative for linesearch — falling back to equal-weight
2026-04-28 15:28:44 | DEBUG    | portfolio.optimizer:116 | Optimizer: Positive directional derivative for linesearch — falling back to equal-weight
2026-04-28 15:28:44 | DEBUG    | portfolio.optimizer:116 | Optimizer: Positive directional derivative for linesearch — falling back to equal-weight
2026-04-28 15:28:44 | DEBUG    | portfolio.optimizer:116 | Optimizer: Positive directional derivative for linesearch — falling back to equal-weight
2026-04-28 15:28:44 | DEBUG    | portfolio.optimizer:116 | Optimizer: Positive directional derivative for linesearch — falling back to equal-weight
2026-04-28 15:28:44 | DEBUG    | portfolio.optimizer:116 | Optimizer: Positive directional derivative for linesearch — falling back to equal-weight
2026-04-28 15:28:44 | DEBUG    | portfolio.optimizer:116 | Optimizer: Positive directional derivative for linesearch — falling back to equal-weight
2026-04-28 15:28:44 | DEBUG    | portfolio.optimizer:116 | Optimizer: Positive directional derivative for linesearch — falling back to equal-weight
2026-04-28 15:28:45 | DEBUG    | portfolio.optimizer:116 | Optimizer: Positive directional derivative for linesearch — falling back to equal-weight
2026-04-28 15:28:45 | DEBUG    | portfolio.optimizer:116 | Optimizer: Positive directional derivative for linesearch — falling back to equal-weight
2026-04-28 15:28:45 | DEBUG    | portfolio.optimizer:116 | Optimizer: Positive directional derivative for linesearch — falling back to equal-weight
2026-04-28 15:28:45 | DEBUG    | portfolio.optimizer:116 | Optimizer: Positive directional derivative for linesearch — falling back to equal-weight
2026-04-28 15:28:45 | DEBUG    | portfolio.optimizer:116 | Optimizer: Positive directional derivative for linesearch — falling back to equal-weight
2026-04-28 15:28:46 | DEBUG    | portfolio.optimizer:116 | Optimizer: Positive directional derivative for linesearch — falling back to equal-weight
2026-04-28 15:28:46 | DEBUG    | portfolio.optimizer:116 | Optimizer: Positive directional derivative for linesearch — falling back to equal-weight
2026-04-28 15:28:46 | DEBUG    | portfolio.optimizer:116 | Optimizer: Positive directional derivative for linesearch — falling back to equal-weight
2026-04-28 15:28:46 | DEBUG    | portfolio.optimizer:116 | Optimizer: Positive directional derivative for linesearch — falling back to equal-weight
2026-04-28 15:28:46 | DEBUG    | portfolio.optimizer:116 | Optimizer: Positive directional derivative for linesearch — falling back to equal-weight
2026-04-28 15:28:46 | DEBUG    | portfolio.optimizer:116 | Optimizer: Positive directional derivative for linesearch — falling back to equal-weight
2026-04-28 15:28:46 | SUCCESS  | backtest.engine:255 | cross_sectional_momentum: Sharpe=-0.547 | CAGR=-0.0877
2026-04-28 15:28:46 | INFO     | backtest.engine:164 | Backtesting: vol_breakout
2026-04-28 15:28:48 | SUCCESS  | backtest.engine:255 | vol_breakout: Sharpe=-0.575 | CAGR=-0.0372
2026-04-28 15:28:48 | INFO     | backtest.engine:164 | Backtesting: pairs_trading
2026-04-28 15:28:49 | SUCCESS  | backtest.engine:255 | pairs_trading: Sharpe=-0.48 | CAGR=-0.0171
2026-04-28 15:28:49 | INFO     | backtest.engine:164 | Backtesting: ml_signal
2026-04-28 15:28:58 | SUCCESS  | backtest.engine:255 | ml_signal: Sharpe=-1.853 | CAGR=-0.2609
2026-04-28 15:28:58 | INFO     | backtest.engine:164 | Backtesting: macro_rotation
2026-04-28 15:29:02 | DEBUG    | portfolio.optimizer:116 | Optimizer: Positive directional derivative for linesearch — falling back to equal-weight
2026-04-28 15:29:03 | SUCCESS  | backtest.engine:255 | macro_rotation: Sharpe=0.67 | CAGR=0.0881
2026-04-28 15:29:03 | INFO     | backtest.engine:164 | Backtesting: carry
2026-04-28 15:29:04 | DEBUG    | portfolio.optimizer:116 | Optimizer: Positive directional derivative for linesearch — falling back to equal-weight
2026-04-28 15:29:04 | DEBUG    | portfolio.optimizer:116 | Optimizer: Positive directional derivative for linesearch — falling back to equal-weight
2026-04-28 15:29:04 | DEBUG    | portfolio.optimizer:116 | Optimizer: Positive directional derivative for linesearch — falling back to equal-weight
2026-04-28 15:29:04 | DEBUG    | portfolio.optimizer:116 | Optimizer: Positive directional derivative for linesearch — falling back to equal-weight
2026-04-28 15:29:04 | DEBUG    | portfolio.optimizer:116 | Optimizer: Positive directional derivative for linesearch — falling back to equal-weight
2026-04-28 15:29:04 | DEBUG    | portfolio.optimizer:116 | Optimizer: Positive directional derivative for linesearch — falling back to equal-weight
2026-04-28 15:29:04 | DEBUG    | portfolio.optimizer:116 | Optimizer: Positive directional derivative for linesearch — falling back to equal-weight
2026-04-28 15:29:04 | DEBUG    | portfolio.optimizer:116 | Optimizer: Positive directional derivative for linesearch — falling back to equal-weight
2026-04-28 15:29:04 | DEBUG    | portfolio.optimizer:116 | Optimizer: Positive directional derivative for linesearch — falling back to equal-weight
2026-04-28 15:29:04 | DEBUG    | portfolio.optimizer:116 | Optimizer: Positive directional derivative for linesearch — falling back to equal-weight
2026-04-28 15:29:04 | SUCCESS  | backtest.engine:255 | carry: Sharpe=-0.476 | CAGR=-0.018
2026-04-28 15:29:04 | INFO     | backtest.engine:164 | Backtesting: sentiment
2026-04-28 15:29:06 | DEBUG    | portfolio.optimizer:116 | Optimizer: Positive directional derivative for linesearch — falling back to equal-weight
2026-04-28 15:29:07 | SUCCESS  | backtest.engine:255 | sentiment: Sharpe=-0.7 | CAGR=-0.0222
2026-04-28 15:29:07 | INFO     | __main__:107 | Step 5/6: Seasonality and regime analysis
2026-04-28 15:29:07 | INFO     | seasonality.analyzer:175 | Strategy selector: date=2026-04-28 | month=4 | regime=bear
2026-04-28 15:29:07 | INFO     | seasonality.analyzer:218 | Selected strategies: [('cross_sectional_momentum', 1.0), ('risk_parity', 0.0)]
2026-04-28 15:29:07 | INFO     | __main__:119 | Current strategy selection: [('cross_sectional_momentum', 1.0), ('risk_parity', 0.0)]
2026-04-28 15:29:07 | INFO     | __main__:122 | Step 6/6: Performance attribution
2026-04-28 15:29:07 | SUCCESS  | utils.reporting:141 | Results saved to /Users/sharonlau15/Desktop/SMU 3rd Sem/3in1Project/crypto_algo/results
2026-04-28 15:29:07 | INFO     | execution.live_engine:511 | Scheduler started — running daily at 06:00 UTC
2026-04-28 15:29:07 | INFO     | execution.live_engine:512 | Keep this process alive (tmux / screen / Docker recommended)
2026-04-28 15:29:07 | INFO     | execution.live_engine:513 | Press Ctrl+C to gracefully shutdown and generate reports...
2026-04-28 15:29:07 | INFO     | execution.live_engine:516 | run_now=True — firing one rebalance cycle immediately...
2026-04-28 15:29:07 | INFO     | execution.live_engine:325 | ============================================================
2026-04-28 15:29:07 | INFO     | execution.live_engine:326 | Daily rebalance job starting: 2026-04-28 07:29:07.979416+00:00
2026-04-28 15:29:07 | INFO     | execution.live_engine:331 | Fetching universe data...
2026-04-28 15:29:07 | INFO     | data.ingestion:85 | Fetching BTCUSDT 1d from 2021-01-01
2026-04-28 15:29:08 | SUCCESS  | data.ingestion:105 | Cached BTCUSDT: 1944 bars → BTCUSDT_1d.parquet
2026-04-28 15:29:08 | INFO     | data.ingestion:85 | Fetching ETHUSDT 1d from 2021-01-01
2026-04-28 15:29:08 | SUCCESS  | data.ingestion:105 | Cached ETHUSDT: 1944 bars → ETHUSDT_1d.parquet
2026-04-28 15:29:08 | INFO     | data.ingestion:85 | Fetching BNBUSDT 1d from 2021-01-01
2026-04-28 15:29:09 | SUCCESS  | data.ingestion:105 | Cached BNBUSDT: 1944 bars → BNBUSDT_1d.parquet
2026-04-28 15:29:09 | INFO     | data.ingestion:85 | Fetching SOLUSDT 1d from 2021-01-01
2026-04-28 15:29:09 | SUCCESS  | data.ingestion:105 | Cached SOLUSDT: 1937 bars → SOLUSDT_1d.parquet
2026-04-28 15:29:09 | INFO     | data.ingestion:85 | Fetching XRPUSDT 1d from 2021-01-01
2026-04-28 15:29:10 | SUCCESS  | data.ingestion:105 | Cached XRPUSDT: 1944 bars → XRPUSDT_1d.parquet
2026-04-28 15:29:10 | INFO     | data.ingestion:85 | Fetching ADAUSDT 1d from 2021-01-01
2026-04-28 15:29:10 | SUCCESS  | data.ingestion:105 | Cached ADAUSDT: 1921 bars → ADAUSDT_1d.parquet
2026-04-28 15:29:10 | INFO     | data.ingestion:85 | Fetching AVAXUSDT 1d from 2021-01-01
2026-04-28 15:29:11 | SUCCESS  | data.ingestion:105 | Cached AVAXUSDT: 1854 bars → AVAXUSDT_1d.parquet
2026-04-28 15:29:11 | INFO     | data.ingestion:85 | Fetching DOTUSDT 1d from 2021-01-01
2026-04-28 15:29:12 | SUCCESS  | data.ingestion:105 | Cached DOTUSDT: 1733 bars → DOTUSDT_1d.parquet
2026-04-28 15:29:12 | INFO     | data.ingestion:85 | Fetching LINKUSDT 1d from 2021-01-01
2026-04-28 15:29:13 | SUCCESS  | data.ingestion:105 | Cached LINKUSDT: 1914 bars → LINKUSDT_1d.parquet
2026-04-28 15:29:13 | INFO     | data.ingestion:85 | Fetching MATICUSDT 1d from 2021-01-01
2026-04-28 15:29:13 | SUCCESS  | data.ingestion:105 | Cached MATICUSDT: 1331 bars → MATICUSDT_1d.parquet
2026-04-28 15:29:13 | INFO     | data.ingestion:85 | Fetching ATOMUSDT 1d from 2021-01-01
2026-04-28 15:29:14 | SUCCESS  | data.ingestion:105 | Cached ATOMUSDT: 1362 bars → ATOMUSDT_1d.parquet
2026-04-28 15:29:14 | INFO     | data.ingestion:85 | Fetching LTCUSDT 1d from 2021-01-01
2026-04-28 15:29:14 | SUCCESS  | data.ingestion:105 | Cached LTCUSDT: 1933 bars → LTCUSDT_1d.parquet
2026-04-28 15:29:14 | INFO     | data.ingestion:132 | Universe loaded: 12/12 symbols
2026-04-28 15:29:18 | INFO     | execution.live_engine:339 | Refreshing signals...
2026-04-28 15:29:18 | DEBUG    | strategies.base:68 | Running strategy: momentum
2026-04-28 15:29:18 | DEBUG    | strategies.base:68 | Running strategy: mean_reversion
2026-04-28 15:29:18 | DEBUG    | strategies.base:68 | Running strategy: risk_parity
2026-04-28 15:29:18 | DEBUG    | strategies.base:68 | Running strategy: cross_sectional_momentum
2026-04-28 15:29:18 | DEBUG    | strategies.base:68 | Running strategy: vol_breakout
2026-04-28 15:29:18 | DEBUG    | strategies.base:68 | Running strategy: pairs_trading
2026-04-28 15:29:20 | DEBUG    | strategies.base:68 | Running strategy: ml_signal
2026-04-28 15:29:26 | DEBUG    | strategies.base:68 | Running strategy: macro_rotation
2026-04-28 15:29:26 | DEBUG    | strategies.base:68 | Running strategy: carry
2026-04-28 15:29:26 | DEBUG    | strategies.base:68 | Running strategy: sentiment
2026-04-28 15:29:26 | INFO     | seasonality.analyzer:175 | Strategy selector: date=2026-04-28 | month=4 | regime=bear
2026-04-28 15:29:26 | INFO     | seasonality.analyzer:218 | Selected strategies: [('cross_sectional_momentum', 1.0), ('risk_parity', 0.0)]
2026-04-28 15:29:26 | INFO     | execution.live_engine:104 | Active strategy blend: [('cross_sectional_momentum', 1.0), ('risk_parity', 0.0)]
2026-04-28 15:29:26 | INFO     | execution.live_engine:365 | Target weights:
BTCUSDT    0.4
dtype: float64
2026-04-28 15:29:26 | INFO     | execution.live_engine:369 | Portfolio NAV: $10000.00 USDT
2026-04-28 15:29:27 | ERROR    | execution.live_engine:311 | Order failed for BTCUSDT: APIError(code=-2015): Invalid API-key, IP, or permissions for action.
2026-04-28 15:29:27 | SUCCESS  | execution.live_engine:393 | Daily rebalance complete.
2026-04-28 15:34:22 | INFO     | execution.live_engine:522 | 
🛑 Graceful shutdown initiated...
2026-04-28 15:34:22 | INFO     | execution.live_engine:408 | 
============================================================
2026-04-28 15:34:22 | INFO     | execution.live_engine:409 | FINAL REPORT — Live Trading Session
2026-04-28 15:34:22 | INFO     | execution.live_engine:410 | ============================================================
2026-04-28 15:34:22 | INFO     | execution.live_engine:413 | Current Cash: $10000.00 USDT
2026-04-28 15:34:22 | INFO     | execution.live_engine:414 | Current Positions (12 symbols):
2026-04-28 15:34:22 | INFO     | execution.live_engine:427 | 
NAV History:
2026-04-28 15:34:22 | INFO     | execution.live_engine:428 |   Start NAV: $10,000.00
2026-04-28 15:34:22 | INFO     | execution.live_engine:429 |   End NAV:   $10,000.00
2026-04-28 15:34:22 | INFO     | execution.live_engine:430 |   Total Return: +0.00%
2026-04-28 15:34:22 | INFO     | execution.live_engine:431 |   Periods tracked: 1
2026-04-28 15:34:22 | INFO     | execution.live_engine:451 | 
📊 Saving reports...
2026-04-28 15:34:22 | SUCCESS  | execution.live_engine:457 | ✅ NAV history → /Users/sharonlau15/Desktop/SMU 3rd Sem/3in1Project/crypto_algo/results/nav_history_export.csv
2026-04-28 15:34:22 | SUCCESS  | execution.live_engine:463 | ✅ Positions snapshot → /Users/sharonlau15/Desktop/SMU 3rd Sem/3in1Project/crypto_algo/results/positions_snapshot.json
2026-04-28 15:34:22 | SUCCESS  | execution.live_engine:473 | ✅ Full state → /Users/sharonlau15/Desktop/SMU 3rd Sem/3in1Project/crypto_algo/results/live_state.json
2026-04-28 15:34:22 | INFO     | execution.live_engine:475 | 
============================================================
2026-04-28 15:34:22 | INFO     | execution.live_engine:476 | All reports generated successfully.
2026-04-28 15:34:22 | INFO     | execution.live_engine:477 | ============================================================
2026-04-28 15:34:22 | SUCCESS  | execution.live_engine:524 | ✅ Strategy engine stopped. Goodbye!
2026-04-28 15:34:22 | INFO     | __main__:234 | ✅ Session complete.
2026-04-28 15:35:34 | INFO     | __main__:186 | Checking Binance connectivity...
2026-04-28 15:35:34 | WARNING  | __main__:195 | Starting live mode — ensure PAPER_TRADING=True in settings.py
2026-04-28 15:35:34 | INFO     | __main__:57 | ============================================================
2026-04-28 15:35:34 | INFO     | __main__:58 | QF623 Crypto Algo — Backtest Pipeline
2026-04-28 15:35:34 | INFO     | __main__:59 | ============================================================
2026-04-28 15:35:34 | INFO     | __main__:62 | Step 1/6: Loading universe data
2026-04-28 15:35:34 | DEBUG    | data.ingestion:82 | Cache hit: BTCUSDT 1d
2026-04-28 15:35:34 | DEBUG    | data.ingestion:82 | Cache hit: ETHUSDT 1d
2026-04-28 15:35:34 | DEBUG    | data.ingestion:82 | Cache hit: BNBUSDT 1d
2026-04-28 15:35:34 | DEBUG    | data.ingestion:82 | Cache hit: SOLUSDT 1d
2026-04-28 15:35:35 | DEBUG    | data.ingestion:82 | Cache hit: XRPUSDT 1d
2026-04-28 15:35:35 | DEBUG    | data.ingestion:82 | Cache hit: ADAUSDT 1d
2026-04-28 15:35:35 | DEBUG    | data.ingestion:82 | Cache hit: AVAXUSDT 1d
2026-04-28 15:35:35 | DEBUG    | data.ingestion:82 | Cache hit: DOTUSDT 1d
2026-04-28 15:35:35 | DEBUG    | data.ingestion:82 | Cache hit: LINKUSDT 1d
2026-04-28 15:35:35 | DEBUG    | data.ingestion:82 | Cache hit: MATICUSDT 1d
2026-04-28 15:35:35 | DEBUG    | data.ingestion:82 | Cache hit: ATOMUSDT 1d
2026-04-28 15:35:35 | DEBUG    | data.ingestion:82 | Cache hit: LTCUSDT 1d
2026-04-28 15:35:35 | INFO     | data.ingestion:132 | Universe loaded: 12/12 symbols
2026-04-28 15:35:35 | INFO     | __main__:70 | Universe: ['BTCUSDT', 'ETHUSDT', 'BNBUSDT', 'SOLUSDT', 'XRPUSDT', 'ADAUSDT', 'AVAXUSDT', 'DOTUSDT', 'LINKUSDT', 'MATICUSDT', 'ATOMUSDT', 'LTCUSDT']
2026-04-28 15:35:35 | INFO     | __main__:71 | Date range: 2021-01-01 → 2026-04-28
2026-04-28 15:35:35 | INFO     | __main__:72 | Total bars: 1944
2026-04-28 15:35:35 | INFO     | __main__:75 | Step 2/6: Loading funding rates and sentiment data
2026-04-28 15:35:39 | INFO     | __main__:80 | Step 3/6: Generating signals for all 10 strategies
2026-04-28 15:35:39 | INFO     | __main__:85 |   → momentum
2026-04-28 15:35:39 | DEBUG    | strategies.base:68 | Running strategy: momentum
2026-04-28 15:35:40 | INFO     | __main__:85 |   → mean_reversion
2026-04-28 15:35:40 | DEBUG    | strategies.base:68 | Running strategy: mean_reversion
2026-04-28 15:35:40 | INFO     | __main__:85 |   → risk_parity
2026-04-28 15:35:40 | DEBUG    | strategies.base:68 | Running strategy: risk_parity
2026-04-28 15:35:40 | INFO     | __main__:85 |   → cross_sectional_momentum
2026-04-28 15:35:40 | DEBUG    | strategies.base:68 | Running strategy: cross_sectional_momentum
2026-04-28 15:35:40 | INFO     | __main__:85 |   → vol_breakout
2026-04-28 15:35:40 | DEBUG    | strategies.base:68 | Running strategy: vol_breakout
2026-04-28 15:35:40 | INFO     | __main__:85 |   → pairs_trading
2026-04-28 15:35:40 | DEBUG    | strategies.base:68 | Running strategy: pairs_trading
2026-04-28 15:35:42 | INFO     | __main__:85 |   → ml_signal
2026-04-28 15:35:42 | DEBUG    | strategies.base:68 | Running strategy: ml_signal
2026-04-28 15:35:47 | INFO     | __main__:85 |   → macro_rotation
2026-04-28 15:35:47 | DEBUG    | strategies.base:68 | Running strategy: macro_rotation
2026-04-28 15:35:47 | INFO     | __main__:85 |   → carry
2026-04-28 15:35:47 | DEBUG    | strategies.base:68 | Running strategy: carry
2026-04-28 15:35:47 | INFO     | __main__:85 |   → sentiment
2026-04-28 15:35:47 | DEBUG    | strategies.base:68 | Running strategy: sentiment
2026-04-28 15:35:47 | INFO     | __main__:97 | Step 4/6: Running walk-forward backtests
2026-04-28 15:35:47 | INFO     | backtest.engine:164 | Backtesting: momentum
2026-04-28 15:35:54 | DEBUG    | portfolio.optimizer:116 | Optimizer: Positive directional derivative for linesearch — falling back to equal-weight
2026-04-28 15:35:54 | DEBUG    | portfolio.optimizer:116 | Optimizer: Positive directional derivative for linesearch — falling back to equal-weight
2026-04-28 15:35:54 | DEBUG    | portfolio.optimizer:116 | Optimizer: Positive directional derivative for linesearch — falling back to equal-weight
2026-04-28 15:35:54 | DEBUG    | portfolio.optimizer:116 | Optimizer: Positive directional derivative for linesearch — falling back to equal-weight
2026-04-28 15:35:54 | DEBUG    | portfolio.optimizer:116 | Optimizer: Positive directional derivative for linesearch — falling back to equal-weight
2026-04-28 15:35:54 | DEBUG    | portfolio.optimizer:116 | Optimizer: Positive directional derivative for linesearch — falling back to equal-weight
2026-04-28 15:35:54 | DEBUG    | portfolio.optimizer:116 | Optimizer: Positive directional derivative for linesearch — falling back to equal-weight
2026-04-28 15:35:54 | DEBUG    | portfolio.optimizer:116 | Optimizer: Positive directional derivative for linesearch — falling back to equal-weight
2026-04-28 15:35:54 | DEBUG    | portfolio.optimizer:116 | Optimizer: Positive directional derivative for linesearch — falling back to equal-weight
2026-04-28 15:35:54 | DEBUG    | portfolio.optimizer:116 | Optimizer: Positive directional derivative for linesearch — falling back to equal-weight
2026-04-28 15:35:54 | DEBUG    | portfolio.optimizer:116 | Optimizer: Positive directional derivative for linesearch — falling back to equal-weight
2026-04-28 15:35:55 | DEBUG    | portfolio.optimizer:116 | Optimizer: Positive directional derivative for linesearch — falling back to equal-weight
2026-04-28 15:35:55 | DEBUG    | portfolio.optimizer:116 | Optimizer: Positive directional derivative for linesearch — falling back to equal-weight
2026-04-28 15:35:55 | DEBUG    | portfolio.optimizer:116 | Optimizer: Positive directional derivative for linesearch — falling back to equal-weight
2026-04-28 15:35:55 | DEBUG    | portfolio.optimizer:116 | Optimizer: Positive directional derivative for linesearch — falling back to equal-weight
2026-04-28 15:35:55 | DEBUG    | portfolio.optimizer:116 | Optimizer: Positive directional derivative for linesearch — falling back to equal-weight
2026-04-28 15:35:55 | DEBUG    | portfolio.optimizer:116 | Optimizer: Positive directional derivative for linesearch — falling back to equal-weight
2026-04-28 15:35:55 | DEBUG    | portfolio.optimizer:116 | Optimizer: Positive directional derivative for linesearch — falling back to equal-weight
2026-04-28 15:35:55 | DEBUG    | portfolio.optimizer:116 | Optimizer: Positive directional derivative for linesearch — falling back to equal-weight
2026-04-28 15:35:55 | DEBUG    | portfolio.optimizer:116 | Optimizer: Positive directional derivative for linesearch — falling back to equal-weight
2026-04-28 15:35:55 | DEBUG    | portfolio.optimizer:116 | Optimizer: Positive directional derivative for linesearch — falling back to equal-weight
2026-04-28 15:35:55 | DEBUG    | portfolio.optimizer:116 | Optimizer: Positive directional derivative for linesearch — falling back to equal-weight
2026-04-28 15:35:56 | DEBUG    | portfolio.optimizer:116 | Optimizer: Positive directional derivative for linesearch — falling back to equal-weight
2026-04-28 15:35:56 | DEBUG    | portfolio.optimizer:116 | Optimizer: Positive directional derivative for linesearch — falling back to equal-weight
2026-04-28 15:35:56 | DEBUG    | portfolio.optimizer:116 | Optimizer: Positive directional derivative for linesearch — falling back to equal-weight
2026-04-28 15:35:56 | DEBUG    | portfolio.optimizer:116 | Optimizer: Positive directional derivative for linesearch — falling back to equal-weight
2026-04-28 15:35:56 | DEBUG    | portfolio.optimizer:116 | Optimizer: Positive directional derivative for linesearch — falling back to equal-weight
2026-04-28 15:35:56 | DEBUG    | portfolio.optimizer:116 | Optimizer: Positive directional derivative for linesearch — falling back to equal-weight
2026-04-28 15:35:56 | DEBUG    | portfolio.optimizer:116 | Optimizer: Positive directional derivative for linesearch — falling back to equal-weight
2026-04-28 15:35:56 | DEBUG    | portfolio.optimizer:116 | Optimizer: Positive directional derivative for linesearch — falling back to equal-weight
2026-04-28 15:35:56 | DEBUG    | portfolio.optimizer:116 | Optimizer: Positive directional derivative for linesearch — falling back to equal-weight
2026-04-28 15:35:56 | DEBUG    | portfolio.optimizer:116 | Optimizer: Positive directional derivative for linesearch — falling back to equal-weight
2026-04-28 15:35:56 | DEBUG    | portfolio.optimizer:116 | Optimizer: Positive directional derivative for linesearch — falling back to equal-weight
2026-04-28 15:35:56 | DEBUG    | portfolio.optimizer:116 | Optimizer: Positive directional derivative for linesearch — falling back to equal-weight
2026-04-28 15:35:56 | DEBUG    | portfolio.optimizer:116 | Optimizer: Positive directional derivative for linesearch — falling back to equal-weight
2026-04-28 15:35:56 | DEBUG    | portfolio.optimizer:116 | Optimizer: Positive directional derivative for linesearch — falling back to equal-weight
2026-04-28 15:35:56 | DEBUG    | portfolio.optimizer:116 | Optimizer: Positive directional derivative for linesearch — falling back to equal-weight
2026-04-28 15:35:56 | DEBUG    | portfolio.optimizer:116 | Optimizer: Positive directional derivative for linesearch — falling back to equal-weight
2026-04-28 15:35:56 | DEBUG    | portfolio.optimizer:116 | Optimizer: Positive directional derivative for linesearch — falling back to equal-weight
2026-04-28 15:35:56 | DEBUG    | portfolio.optimizer:116 | Optimizer: Positive directional derivative for linesearch — falling back to equal-weight
2026-04-28 15:35:56 | DEBUG    | portfolio.optimizer:116 | Optimizer: Positive directional derivative for linesearch — falling back to equal-weight
2026-04-28 15:35:56 | DEBUG    | portfolio.optimizer:116 | Optimizer: Positive directional derivative for linesearch — falling back to equal-weight
2026-04-28 15:35:56 | DEBUG    | portfolio.optimizer:116 | Optimizer: Positive directional derivative for linesearch — falling back to equal-weight
2026-04-28 15:35:56 | DEBUG    | portfolio.optimizer:116 | Optimizer: Positive directional derivative for linesearch — falling back to equal-weight
2026-04-28 15:35:56 | DEBUG    | portfolio.optimizer:116 | Optimizer: Positive directional derivative for linesearch — falling back to equal-weight
2026-04-28 15:35:56 | DEBUG    | portfolio.optimizer:116 | Optimizer: Positive directional derivative for linesearch — falling back to equal-weight
2026-04-28 15:35:56 | DEBUG    | portfolio.optimizer:116 | Optimizer: Positive directional derivative for linesearch — falling back to equal-weight
2026-04-28 15:35:56 | DEBUG    | portfolio.optimizer:116 | Optimizer: Positive directional derivative for linesearch — falling back to equal-weight
2026-04-28 15:35:56 | DEBUG    | portfolio.optimizer:116 | Optimizer: Positive directional derivative for linesearch — falling back to equal-weight
2026-04-28 15:35:56 | DEBUG    | portfolio.optimizer:116 | Optimizer: Positive directional derivative for linesearch — falling back to equal-weight
2026-04-28 15:35:56 | SUCCESS  | backtest.engine:255 | momentum: Sharpe=-0.833 | CAGR=-0.1236
2026-04-28 15:35:56 | INFO     | backtest.engine:164 | Backtesting: mean_reversion
2026-04-28 15:36:00 | SUCCESS  | backtest.engine:255 | mean_reversion: Sharpe=-1.424 | CAGR=-0.1984
2026-04-28 15:36:00 | INFO     | backtest.engine:164 | Backtesting: risk_parity
2026-04-28 15:36:05 | SUCCESS  | backtest.engine:255 | risk_parity: Sharpe=0.355 | CAGR=0.0426
2026-04-28 15:36:05 | INFO     | backtest.engine:164 | Backtesting: cross_sectional_momentum
2026-04-28 15:36:11 | DEBUG    | portfolio.optimizer:116 | Optimizer: Positive directional derivative for linesearch — falling back to equal-weight
2026-04-28 15:36:11 | DEBUG    | portfolio.optimizer:116 | Optimizer: Positive directional derivative for linesearch — falling back to equal-weight
2026-04-28 15:36:12 | DEBUG    | portfolio.optimizer:116 | Optimizer: Positive directional derivative for linesearch — falling back to equal-weight
2026-04-28 15:36:12 | DEBUG    | portfolio.optimizer:116 | Optimizer: Positive directional derivative for linesearch — falling back to equal-weight
2026-04-28 15:36:12 | DEBUG    | portfolio.optimizer:116 | Optimizer: Positive directional derivative for linesearch — falling back to equal-weight
2026-04-28 15:36:12 | DEBUG    | portfolio.optimizer:116 | Optimizer: Positive directional derivative for linesearch — falling back to equal-weight
2026-04-28 15:36:12 | DEBUG    | portfolio.optimizer:116 | Optimizer: Positive directional derivative for linesearch — falling back to equal-weight
2026-04-28 15:36:12 | DEBUG    | portfolio.optimizer:116 | Optimizer: Positive directional derivative for linesearch — falling back to equal-weight
2026-04-28 15:36:12 | DEBUG    | portfolio.optimizer:116 | Optimizer: Positive directional derivative for linesearch — falling back to equal-weight
2026-04-28 15:36:12 | DEBUG    | portfolio.optimizer:116 | Optimizer: Positive directional derivative for linesearch — falling back to equal-weight
2026-04-28 15:36:12 | DEBUG    | portfolio.optimizer:116 | Optimizer: Positive directional derivative for linesearch — falling back to equal-weight
2026-04-28 15:36:12 | DEBUG    | portfolio.optimizer:116 | Optimizer: Positive directional derivative for linesearch — falling back to equal-weight
2026-04-28 15:36:12 | DEBUG    | portfolio.optimizer:116 | Optimizer: Positive directional derivative for linesearch — falling back to equal-weight
2026-04-28 15:36:12 | DEBUG    | portfolio.optimizer:116 | Optimizer: Positive directional derivative for linesearch — falling back to equal-weight
2026-04-28 15:36:12 | DEBUG    | portfolio.optimizer:116 | Optimizer: Positive directional derivative for linesearch — falling back to equal-weight
2026-04-28 15:36:13 | DEBUG    | portfolio.optimizer:116 | Optimizer: Positive directional derivative for linesearch — falling back to equal-weight
2026-04-28 15:36:13 | DEBUG    | portfolio.optimizer:116 | Optimizer: Positive directional derivative for linesearch — falling back to equal-weight
2026-04-28 15:36:13 | DEBUG    | portfolio.optimizer:116 | Optimizer: Positive directional derivative for linesearch — falling back to equal-weight
2026-04-28 15:36:13 | DEBUG    | portfolio.optimizer:116 | Optimizer: Positive directional derivative for linesearch — falling back to equal-weight
2026-04-28 15:36:13 | DEBUG    | portfolio.optimizer:116 | Optimizer: Positive directional derivative for linesearch — falling back to equal-weight
2026-04-28 15:36:14 | DEBUG    | portfolio.optimizer:116 | Optimizer: Positive directional derivative for linesearch — falling back to equal-weight
2026-04-28 15:36:14 | DEBUG    | portfolio.optimizer:116 | Optimizer: Positive directional derivative for linesearch — falling back to equal-weight
2026-04-28 15:36:14 | DEBUG    | portfolio.optimizer:116 | Optimizer: Positive directional derivative for linesearch — falling back to equal-weight
2026-04-28 15:36:14 | DEBUG    | portfolio.optimizer:116 | Optimizer: Positive directional derivative for linesearch — falling back to equal-weight
2026-04-28 15:36:14 | DEBUG    | portfolio.optimizer:116 | Optimizer: Positive directional derivative for linesearch — falling back to equal-weight
2026-04-28 15:36:14 | DEBUG    | portfolio.optimizer:116 | Optimizer: Positive directional derivative for linesearch — falling back to equal-weight
2026-04-28 15:36:14 | SUCCESS  | backtest.engine:255 | cross_sectional_momentum: Sharpe=-0.547 | CAGR=-0.0877
2026-04-28 15:36:14 | INFO     | backtest.engine:164 | Backtesting: vol_breakout
2026-04-28 15:36:16 | SUCCESS  | backtest.engine:255 | vol_breakout: Sharpe=-0.575 | CAGR=-0.0372
2026-04-28 15:36:16 | INFO     | backtest.engine:164 | Backtesting: pairs_trading
2026-04-28 15:36:17 | SUCCESS  | backtest.engine:255 | pairs_trading: Sharpe=-0.48 | CAGR=-0.0171
2026-04-28 15:36:17 | INFO     | backtest.engine:164 | Backtesting: ml_signal
2026-04-28 15:36:25 | SUCCESS  | backtest.engine:255 | ml_signal: Sharpe=-1.852 | CAGR=-0.2608
2026-04-28 15:36:25 | INFO     | backtest.engine:164 | Backtesting: macro_rotation
2026-04-28 15:36:29 | DEBUG    | portfolio.optimizer:116 | Optimizer: Positive directional derivative for linesearch — falling back to equal-weight
2026-04-28 15:36:30 | SUCCESS  | backtest.engine:255 | macro_rotation: Sharpe=0.67 | CAGR=0.0881
2026-04-28 15:36:30 | INFO     | backtest.engine:164 | Backtesting: carry
2026-04-28 15:36:32 | DEBUG    | portfolio.optimizer:116 | Optimizer: Positive directional derivative for linesearch — falling back to equal-weight
2026-04-28 15:36:32 | DEBUG    | portfolio.optimizer:116 | Optimizer: Positive directional derivative for linesearch — falling back to equal-weight
2026-04-28 15:36:32 | DEBUG    | portfolio.optimizer:116 | Optimizer: Positive directional derivative for linesearch — falling back to equal-weight
2026-04-28 15:36:32 | DEBUG    | portfolio.optimizer:116 | Optimizer: Positive directional derivative for linesearch — falling back to equal-weight
2026-04-28 15:36:32 | DEBUG    | portfolio.optimizer:116 | Optimizer: Positive directional derivative for linesearch — falling back to equal-weight
2026-04-28 15:36:32 | DEBUG    | portfolio.optimizer:116 | Optimizer: Positive directional derivative for linesearch — falling back to equal-weight
2026-04-28 15:36:32 | DEBUG    | portfolio.optimizer:116 | Optimizer: Positive directional derivative for linesearch — falling back to equal-weight
2026-04-28 15:36:32 | DEBUG    | portfolio.optimizer:116 | Optimizer: Positive directional derivative for linesearch — falling back to equal-weight
2026-04-28 15:36:32 | DEBUG    | portfolio.optimizer:116 | Optimizer: Positive directional derivative for linesearch — falling back to equal-weight
2026-04-28 15:36:32 | DEBUG    | portfolio.optimizer:116 | Optimizer: Positive directional derivative for linesearch — falling back to equal-weight
2026-04-28 15:36:33 | SUCCESS  | backtest.engine:255 | carry: Sharpe=-0.476 | CAGR=-0.018
2026-04-28 15:36:33 | INFO     | backtest.engine:164 | Backtesting: sentiment
2026-04-28 15:36:34 | DEBUG    | portfolio.optimizer:116 | Optimizer: Positive directional derivative for linesearch — falling back to equal-weight
2026-04-28 15:36:36 | SUCCESS  | backtest.engine:255 | sentiment: Sharpe=-0.7 | CAGR=-0.0222
2026-04-28 15:36:36 | INFO     | __main__:107 | Step 5/6: Seasonality and regime analysis
2026-04-28 15:36:36 | INFO     | seasonality.analyzer:175 | Strategy selector: date=2026-04-28 | month=4 | regime=bear
2026-04-28 15:36:36 | INFO     | seasonality.analyzer:218 | Selected strategies: [('cross_sectional_momentum', 1.0), ('risk_parity', 0.0)]
2026-04-28 15:36:36 | INFO     | __main__:119 | Current strategy selection: [('cross_sectional_momentum', 1.0), ('risk_parity', 0.0)]
2026-04-28 15:36:36 | INFO     | __main__:122 | Step 6/6: Performance attribution
2026-04-28 15:36:36 | SUCCESS  | utils.reporting:141 | Results saved to /Users/sharonlau15/Desktop/SMU 3rd Sem/3in1Project/crypto_algo/results
2026-04-28 15:36:36 | INFO     | execution.live_engine:511 | Scheduler started — running daily at 06:00 UTC
2026-04-28 15:36:36 | INFO     | execution.live_engine:512 | Keep this process alive (tmux / screen / Docker recommended)
2026-04-28 15:36:36 | INFO     | execution.live_engine:513 | Press Ctrl+C to gracefully shutdown and generate reports...
2026-04-28 15:36:36 | INFO     | execution.live_engine:516 | run_now=True — firing one rebalance cycle immediately...
2026-04-28 15:36:36 | INFO     | execution.live_engine:325 | ============================================================
2026-04-28 15:36:36 | INFO     | execution.live_engine:326 | Daily rebalance job starting: 2026-04-28 07:36:36.345331+00:00
2026-04-28 15:36:36 | INFO     | execution.live_engine:331 | Fetching universe data...
2026-04-28 15:36:36 | INFO     | data.ingestion:85 | Fetching BTCUSDT 1d from 2021-01-01
2026-04-28 15:36:36 | SUCCESS  | data.ingestion:105 | Cached BTCUSDT: 1944 bars → BTCUSDT_1d.parquet
2026-04-28 15:36:36 | INFO     | data.ingestion:85 | Fetching ETHUSDT 1d from 2021-01-01
2026-04-28 15:36:37 | SUCCESS  | data.ingestion:105 | Cached ETHUSDT: 1944 bars → ETHUSDT_1d.parquet
2026-04-28 15:36:37 | INFO     | data.ingestion:85 | Fetching BNBUSDT 1d from 2021-01-01
2026-04-28 15:36:37 | SUCCESS  | data.ingestion:105 | Cached BNBUSDT: 1944 bars → BNBUSDT_1d.parquet
2026-04-28 15:36:37 | INFO     | data.ingestion:85 | Fetching SOLUSDT 1d from 2021-01-01
2026-04-28 15:36:37 | SUCCESS  | data.ingestion:105 | Cached SOLUSDT: 1937 bars → SOLUSDT_1d.parquet
2026-04-28 15:36:38 | INFO     | data.ingestion:85 | Fetching XRPUSDT 1d from 2021-01-01
2026-04-28 15:36:38 | SUCCESS  | data.ingestion:105 | Cached XRPUSDT: 1944 bars → XRPUSDT_1d.parquet
2026-04-28 15:36:38 | INFO     | data.ingestion:85 | Fetching ADAUSDT 1d from 2021-01-01
2026-04-28 15:36:38 | SUCCESS  | data.ingestion:105 | Cached ADAUSDT: 1921 bars → ADAUSDT_1d.parquet
2026-04-28 15:36:38 | INFO     | data.ingestion:85 | Fetching AVAXUSDT 1d from 2021-01-01
2026-04-28 15:36:39 | SUCCESS  | data.ingestion:105 | Cached AVAXUSDT: 1854 bars → AVAXUSDT_1d.parquet
2026-04-28 15:36:39 | INFO     | data.ingestion:85 | Fetching DOTUSDT 1d from 2021-01-01
2026-04-28 15:36:40 | SUCCESS  | data.ingestion:105 | Cached DOTUSDT: 1733 bars → DOTUSDT_1d.parquet
2026-04-28 15:36:40 | INFO     | data.ingestion:85 | Fetching LINKUSDT 1d from 2021-01-01
2026-04-28 15:36:40 | SUCCESS  | data.ingestion:105 | Cached LINKUSDT: 1914 bars → LINKUSDT_1d.parquet
2026-04-28 15:36:40 | INFO     | data.ingestion:85 | Fetching MATICUSDT 1d from 2021-01-01
2026-04-28 15:36:41 | SUCCESS  | data.ingestion:105 | Cached MATICUSDT: 1331 bars → MATICUSDT_1d.parquet
2026-04-28 15:36:41 | INFO     | data.ingestion:85 | Fetching ATOMUSDT 1d from 2021-01-01
2026-04-28 15:36:42 | SUCCESS  | data.ingestion:105 | Cached ATOMUSDT: 1362 bars → ATOMUSDT_1d.parquet
2026-04-28 15:36:42 | INFO     | data.ingestion:85 | Fetching LTCUSDT 1d from 2021-01-01
2026-04-28 15:36:42 | SUCCESS  | data.ingestion:105 | Cached LTCUSDT: 1933 bars → LTCUSDT_1d.parquet
2026-04-28 15:36:42 | INFO     | data.ingestion:132 | Universe loaded: 12/12 symbols
2026-04-28 15:36:46 | INFO     | execution.live_engine:339 | Refreshing signals...
2026-04-28 15:36:46 | DEBUG    | strategies.base:68 | Running strategy: momentum
2026-04-28 15:36:47 | DEBUG    | strategies.base:68 | Running strategy: mean_reversion
2026-04-28 15:36:47 | DEBUG    | strategies.base:68 | Running strategy: risk_parity
2026-04-28 15:36:47 | DEBUG    | strategies.base:68 | Running strategy: cross_sectional_momentum
2026-04-28 15:36:47 | DEBUG    | strategies.base:68 | Running strategy: vol_breakout
2026-04-28 15:36:47 | DEBUG    | strategies.base:68 | Running strategy: pairs_trading
2026-04-28 15:36:49 | DEBUG    | strategies.base:68 | Running strategy: ml_signal
2026-04-28 15:36:54 | DEBUG    | strategies.base:68 | Running strategy: macro_rotation
2026-04-28 15:36:54 | DEBUG    | strategies.base:68 | Running strategy: carry
2026-04-28 15:36:54 | DEBUG    | strategies.base:68 | Running strategy: sentiment
2026-04-28 15:36:54 | INFO     | seasonality.analyzer:175 | Strategy selector: date=2026-04-28 | month=4 | regime=bear
2026-04-28 15:36:54 | INFO     | seasonality.analyzer:218 | Selected strategies: [('cross_sectional_momentum', 1.0), ('risk_parity', 0.0)]
2026-04-28 15:36:54 | INFO     | execution.live_engine:104 | Active strategy blend: [('cross_sectional_momentum', 1.0), ('risk_parity', 0.0)]
2026-04-28 15:36:54 | INFO     | execution.live_engine:365 | Target weights:
BTCUSDT    0.4
dtype: float64
2026-04-28 15:36:54 | INFO     | execution.live_engine:369 | Portfolio NAV: $10000.00 USDT
2026-04-28 15:36:55 | ERROR    | execution.live_engine:311 | Order failed for BTCUSDT: APIError(code=-2015): Invalid API-key, IP, or permissions for action.
2026-04-28 15:36:56 | SUCCESS  | execution.live_engine:393 | Daily rebalance complete.
2026-04-28 15:38:39 | INFO     | execution.live_engine:522 | 
🛑 Graceful shutdown initiated...
2026-04-28 15:38:39 | INFO     | execution.live_engine:408 | 
============================================================
2026-04-28 15:38:39 | INFO     | execution.live_engine:409 | FINAL REPORT — Live Trading Session
2026-04-28 15:38:39 | INFO     | execution.live_engine:410 | ============================================================
2026-04-28 15:38:39 | INFO     | execution.live_engine:413 | Current Cash: $10000.00 USDT
2026-04-28 15:38:39 | INFO     | execution.live_engine:414 | Current Positions (12 symbols):
2026-04-28 15:38:39 | INFO     | execution.live_engine:427 | 
NAV History:
2026-04-28 15:38:39 | INFO     | execution.live_engine:428 |   Start NAV: $10,000.00
2026-04-28 15:38:39 | INFO     | execution.live_engine:429 |   End NAV:   $10,000.00
2026-04-28 15:38:39 | INFO     | execution.live_engine:430 |   Total Return: +0.00%
2026-04-28 15:38:39 | INFO     | execution.live_engine:431 |   Periods tracked: 2
2026-04-28 15:38:39 | INFO     | execution.live_engine:451 | 
📊 Saving reports...
2026-04-28 15:38:39 | SUCCESS  | execution.live_engine:457 | ✅ NAV history → /Users/sharonlau15/Desktop/SMU 3rd Sem/3in1Project/crypto_algo/results/nav_history_export.csv
2026-04-28 15:38:39 | SUCCESS  | execution.live_engine:463 | ✅ Positions snapshot → /Users/sharonlau15/Desktop/SMU 3rd Sem/3in1Project/crypto_algo/results/positions_snapshot.json
2026-04-28 15:38:39 | SUCCESS  | execution.live_engine:473 | ✅ Full state → /Users/sharonlau15/Desktop/SMU 3rd Sem/3in1Project/crypto_algo/results/live_state.json
2026-04-28 15:38:39 | INFO     | execution.live_engine:475 | 
============================================================
2026-04-28 15:38:39 | INFO     | execution.live_engine:476 | All reports generated successfully.
2026-04-28 15:38:39 | INFO     | execution.live_engine:477 | ============================================================
2026-04-28 15:38:39 | SUCCESS  | execution.live_engine:524 | ✅ Strategy engine stopped. Goodbye!
2026-04-28 15:38:39 | INFO     | __main__:234 | ✅ Session complete.
2026-04-28 15:40:57 | INFO     | __main__:186 | Checking Binance connectivity...
2026-04-28 15:40:57 | WARNING  | __main__:195 | Starting live mode — ensure PAPER_TRADING=True in settings.py
2026-04-28 15:40:57 | INFO     | __main__:57 | ============================================================
2026-04-28 15:40:57 | INFO     | __main__:58 | QF623 Crypto Algo — Backtest Pipeline
2026-04-28 15:40:57 | INFO     | __main__:59 | ============================================================
2026-04-28 15:40:57 | INFO     | __main__:62 | Step 1/6: Loading universe data
2026-04-28 15:40:57 | DEBUG    | data.ingestion:82 | Cache hit: BTCUSDT 1d
2026-04-28 15:40:58 | DEBUG    | data.ingestion:82 | Cache hit: ETHUSDT 1d
2026-04-28 15:40:58 | DEBUG    | data.ingestion:82 | Cache hit: BNBUSDT 1d
2026-04-28 15:40:58 | DEBUG    | data.ingestion:82 | Cache hit: SOLUSDT 1d
2026-04-28 15:40:58 | DEBUG    | data.ingestion:82 | Cache hit: XRPUSDT 1d
2026-04-28 15:40:58 | DEBUG    | data.ingestion:82 | Cache hit: ADAUSDT 1d
2026-04-28 15:40:58 | DEBUG    | data.ingestion:82 | Cache hit: AVAXUSDT 1d
2026-04-28 15:40:58 | DEBUG    | data.ingestion:82 | Cache hit: DOTUSDT 1d
2026-04-28 15:40:58 | DEBUG    | data.ingestion:82 | Cache hit: LINKUSDT 1d
2026-04-28 15:40:58 | DEBUG    | data.ingestion:82 | Cache hit: MATICUSDT 1d
2026-04-28 15:40:59 | DEBUG    | data.ingestion:82 | Cache hit: ATOMUSDT 1d
2026-04-28 15:40:59 | DEBUG    | data.ingestion:82 | Cache hit: LTCUSDT 1d
2026-04-28 15:40:59 | INFO     | data.ingestion:132 | Universe loaded: 12/12 symbols
2026-04-28 15:40:59 | INFO     | __main__:70 | Universe: ['BTCUSDT', 'ETHUSDT', 'BNBUSDT', 'SOLUSDT', 'XRPUSDT', 'ADAUSDT', 'AVAXUSDT', 'DOTUSDT', 'LINKUSDT', 'MATICUSDT', 'ATOMUSDT', 'LTCUSDT']
2026-04-28 15:40:59 | INFO     | __main__:71 | Date range: 2021-01-01 → 2026-04-28
2026-04-28 15:40:59 | INFO     | __main__:72 | Total bars: 1944
2026-04-28 15:40:59 | INFO     | __main__:75 | Step 2/6: Loading funding rates and sentiment data
2026-04-28 15:41:02 | INFO     | __main__:80 | Step 3/6: Generating signals for all 10 strategies
2026-04-28 15:41:02 | INFO     | __main__:85 |   → momentum
2026-04-28 15:41:02 | DEBUG    | strategies.base:68 | Running strategy: momentum
2026-04-28 15:41:03 | INFO     | __main__:85 |   → mean_reversion
2026-04-28 15:41:03 | DEBUG    | strategies.base:68 | Running strategy: mean_reversion
2026-04-28 15:41:03 | INFO     | __main__:85 |   → risk_parity
2026-04-28 15:41:03 | DEBUG    | strategies.base:68 | Running strategy: risk_parity
2026-04-28 15:41:03 | INFO     | __main__:85 |   → cross_sectional_momentum
2026-04-28 15:41:03 | DEBUG    | strategies.base:68 | Running strategy: cross_sectional_momentum
2026-04-28 15:41:03 | INFO     | __main__:85 |   → vol_breakout
2026-04-28 15:41:03 | DEBUG    | strategies.base:68 | Running strategy: vol_breakout
2026-04-28 15:41:03 | INFO     | __main__:85 |   → pairs_trading
2026-04-28 15:41:03 | DEBUG    | strategies.base:68 | Running strategy: pairs_trading
2026-04-28 15:41:05 | INFO     | __main__:85 |   → ml_signal
2026-04-28 15:41:05 | DEBUG    | strategies.base:68 | Running strategy: ml_signal
2026-04-28 15:41:11 | INFO     | __main__:85 |   → macro_rotation
2026-04-28 15:41:11 | DEBUG    | strategies.base:68 | Running strategy: macro_rotation
2026-04-28 15:41:11 | INFO     | __main__:85 |   → carry
2026-04-28 15:41:11 | DEBUG    | strategies.base:68 | Running strategy: carry
2026-04-28 15:41:11 | INFO     | __main__:85 |   → sentiment
2026-04-28 15:41:11 | DEBUG    | strategies.base:68 | Running strategy: sentiment
2026-04-28 15:41:11 | INFO     | __main__:97 | Step 4/6: Running walk-forward backtests
2026-04-28 15:41:11 | INFO     | backtest.engine:164 | Backtesting: momentum
2026-04-28 15:41:17 | DEBUG    | portfolio.optimizer:116 | Optimizer: Positive directional derivative for linesearch — falling back to equal-weight
2026-04-28 15:41:17 | DEBUG    | portfolio.optimizer:116 | Optimizer: Positive directional derivative for linesearch — falling back to equal-weight
2026-04-28 15:41:17 | DEBUG    | portfolio.optimizer:116 | Optimizer: Positive directional derivative for linesearch — falling back to equal-weight
2026-04-28 15:41:17 | DEBUG    | portfolio.optimizer:116 | Optimizer: Positive directional derivative for linesearch — falling back to equal-weight
2026-04-28 15:41:17 | DEBUG    | portfolio.optimizer:116 | Optimizer: Positive directional derivative for linesearch — falling back to equal-weight
2026-04-28 15:41:17 | DEBUG    | portfolio.optimizer:116 | Optimizer: Positive directional derivative for linesearch — falling back to equal-weight
2026-04-28 15:41:17 | DEBUG    | portfolio.optimizer:116 | Optimizer: Positive directional derivative for linesearch — falling back to equal-weight
2026-04-28 15:41:17 | DEBUG    | portfolio.optimizer:116 | Optimizer: Positive directional derivative for linesearch — falling back to equal-weight
2026-04-28 15:41:17 | DEBUG    | portfolio.optimizer:116 | Optimizer: Positive directional derivative for linesearch — falling back to equal-weight
2026-04-28 15:41:18 | DEBUG    | portfolio.optimizer:116 | Optimizer: Positive directional derivative for linesearch — falling back to equal-weight
2026-04-28 15:41:18 | DEBUG    | portfolio.optimizer:116 | Optimizer: Positive directional derivative for linesearch — falling back to equal-weight
2026-04-28 15:41:18 | DEBUG    | portfolio.optimizer:116 | Optimizer: Positive directional derivative for linesearch — falling back to equal-weight
2026-04-28 15:41:18 | DEBUG    | portfolio.optimizer:116 | Optimizer: Positive directional derivative for linesearch — falling back to equal-weight
2026-04-28 15:41:18 | DEBUG    | portfolio.optimizer:116 | Optimizer: Positive directional derivative for linesearch — falling back to equal-weight
2026-04-28 15:41:18 | DEBUG    | portfolio.optimizer:116 | Optimizer: Positive directional derivative for linesearch — falling back to equal-weight
2026-04-28 15:41:18 | DEBUG    | portfolio.optimizer:116 | Optimizer: Positive directional derivative for linesearch — falling back to equal-weight
2026-04-28 15:41:18 | DEBUG    | portfolio.optimizer:116 | Optimizer: Positive directional derivative for linesearch — falling back to equal-weight
2026-04-28 15:41:18 | DEBUG    | portfolio.optimizer:116 | Optimizer: Positive directional derivative for linesearch — falling back to equal-weight
2026-04-28 15:41:19 | DEBUG    | portfolio.optimizer:116 | Optimizer: Positive directional derivative for linesearch — falling back to equal-weight
2026-04-28 15:41:19 | DEBUG    | portfolio.optimizer:116 | Optimizer: Positive directional derivative for linesearch — falling back to equal-weight
2026-04-28 15:41:19 | DEBUG    | portfolio.optimizer:116 | Optimizer: Positive directional derivative for linesearch — falling back to equal-weight
2026-04-28 15:41:19 | DEBUG    | portfolio.optimizer:116 | Optimizer: Positive directional derivative for linesearch — falling back to equal-weight
2026-04-28 15:41:19 | DEBUG    | portfolio.optimizer:116 | Optimizer: Positive directional derivative for linesearch — falling back to equal-weight
2026-04-28 15:41:19 | DEBUG    | portfolio.optimizer:116 | Optimizer: Positive directional derivative for linesearch — falling back to equal-weight
2026-04-28 15:41:19 | DEBUG    | portfolio.optimizer:116 | Optimizer: Positive directional derivative for linesearch — falling back to equal-weight
2026-04-28 15:41:19 | DEBUG    | portfolio.optimizer:116 | Optimizer: Positive directional derivative for linesearch — falling back to equal-weight
2026-04-28 15:41:19 | DEBUG    | portfolio.optimizer:116 | Optimizer: Positive directional derivative for linesearch — falling back to equal-weight
2026-04-28 15:41:19 | DEBUG    | portfolio.optimizer:116 | Optimizer: Positive directional derivative for linesearch — falling back to equal-weight
2026-04-28 15:41:19 | DEBUG    | portfolio.optimizer:116 | Optimizer: Positive directional derivative for linesearch — falling back to equal-weight
2026-04-28 15:41:19 | DEBUG    | portfolio.optimizer:116 | Optimizer: Positive directional derivative for linesearch — falling back to equal-weight
2026-04-28 15:41:19 | DEBUG    | portfolio.optimizer:116 | Optimizer: Positive directional derivative for linesearch — falling back to equal-weight
2026-04-28 15:41:19 | DEBUG    | portfolio.optimizer:116 | Optimizer: Positive directional derivative for linesearch — falling back to equal-weight
2026-04-28 15:41:19 | DEBUG    | portfolio.optimizer:116 | Optimizer: Positive directional derivative for linesearch — falling back to equal-weight
2026-04-28 15:41:19 | DEBUG    | portfolio.optimizer:116 | Optimizer: Positive directional derivative for linesearch — falling back to equal-weight
2026-04-28 15:41:19 | DEBUG    | portfolio.optimizer:116 | Optimizer: Positive directional derivative for linesearch — falling back to equal-weight
2026-04-28 15:41:19 | DEBUG    | portfolio.optimizer:116 | Optimizer: Positive directional derivative for linesearch — falling back to equal-weight
2026-04-28 15:41:19 | DEBUG    | portfolio.optimizer:116 | Optimizer: Positive directional derivative for linesearch — falling back to equal-weight
2026-04-28 15:41:19 | DEBUG    | portfolio.optimizer:116 | Optimizer: Positive directional derivative for linesearch — falling back to equal-weight
2026-04-28 15:41:19 | DEBUG    | portfolio.optimizer:116 | Optimizer: Positive directional derivative for linesearch — falling back to equal-weight
2026-04-28 15:41:19 | DEBUG    | portfolio.optimizer:116 | Optimizer: Positive directional derivative for linesearch — falling back to equal-weight
2026-04-28 15:41:19 | DEBUG    | portfolio.optimizer:116 | Optimizer: Positive directional derivative for linesearch — falling back to equal-weight
2026-04-28 15:41:19 | DEBUG    | portfolio.optimizer:116 | Optimizer: Positive directional derivative for linesearch — falling back to equal-weight
2026-04-28 15:41:19 | DEBUG    | portfolio.optimizer:116 | Optimizer: Positive directional derivative for linesearch — falling back to equal-weight
2026-04-28 15:41:19 | DEBUG    | portfolio.optimizer:116 | Optimizer: Positive directional derivative for linesearch — falling back to equal-weight
2026-04-28 15:41:20 | DEBUG    | portfolio.optimizer:116 | Optimizer: Positive directional derivative for linesearch — falling back to equal-weight
2026-04-28 15:41:20 | DEBUG    | portfolio.optimizer:116 | Optimizer: Positive directional derivative for linesearch — falling back to equal-weight
2026-04-28 15:41:20 | DEBUG    | portfolio.optimizer:116 | Optimizer: Positive directional derivative for linesearch — falling back to equal-weight
2026-04-28 15:41:20 | DEBUG    | portfolio.optimizer:116 | Optimizer: Positive directional derivative for linesearch — falling back to equal-weight
2026-04-28 15:41:20 | DEBUG    | portfolio.optimizer:116 | Optimizer: Positive directional derivative for linesearch — falling back to equal-weight
2026-04-28 15:41:20 | DEBUG    | portfolio.optimizer:116 | Optimizer: Positive directional derivative for linesearch — falling back to equal-weight
2026-04-28 15:41:20 | SUCCESS  | backtest.engine:255 | momentum: Sharpe=-0.831 | CAGR=-0.1234
2026-04-28 15:41:20 | INFO     | backtest.engine:164 | Backtesting: mean_reversion
2026-04-28 15:41:23 | SUCCESS  | backtest.engine:255 | mean_reversion: Sharpe=-1.424 | CAGR=-0.1984
2026-04-28 15:41:23 | INFO     | backtest.engine:164 | Backtesting: risk_parity
2026-04-28 15:41:28 | SUCCESS  | backtest.engine:255 | risk_parity: Sharpe=0.355 | CAGR=0.0426
2026-04-28 15:41:28 | INFO     | backtest.engine:164 | Backtesting: cross_sectional_momentum
2026-04-28 15:41:34 | DEBUG    | portfolio.optimizer:116 | Optimizer: Positive directional derivative for linesearch — falling back to equal-weight
2026-04-28 15:41:34 | DEBUG    | portfolio.optimizer:116 | Optimizer: Positive directional derivative for linesearch — falling back to equal-weight
2026-04-28 15:41:34 | DEBUG    | portfolio.optimizer:116 | Optimizer: Positive directional derivative for linesearch — falling back to equal-weight
2026-04-28 15:41:34 | DEBUG    | portfolio.optimizer:116 | Optimizer: Positive directional derivative for linesearch — falling back to equal-weight
2026-04-28 15:41:34 | DEBUG    | portfolio.optimizer:116 | Optimizer: Positive directional derivative for linesearch — falling back to equal-weight
2026-04-28 15:41:34 | DEBUG    | portfolio.optimizer:116 | Optimizer: Positive directional derivative for linesearch — falling back to equal-weight
2026-04-28 15:41:35 | DEBUG    | portfolio.optimizer:116 | Optimizer: Positive directional derivative for linesearch — falling back to equal-weight
2026-04-28 15:41:35 | DEBUG    | portfolio.optimizer:116 | Optimizer: Positive directional derivative for linesearch — falling back to equal-weight
2026-04-28 15:41:35 | DEBUG    | portfolio.optimizer:116 | Optimizer: Positive directional derivative for linesearch — falling back to equal-weight
2026-04-28 15:41:35 | DEBUG    | portfolio.optimizer:116 | Optimizer: Positive directional derivative for linesearch — falling back to equal-weight
2026-04-28 15:41:35 | DEBUG    | portfolio.optimizer:116 | Optimizer: Positive directional derivative for linesearch — falling back to equal-weight
2026-04-28 15:41:35 | DEBUG    | portfolio.optimizer:116 | Optimizer: Positive directional derivative for linesearch — falling back to equal-weight
2026-04-28 15:41:35 | DEBUG    | portfolio.optimizer:116 | Optimizer: Positive directional derivative for linesearch — falling back to equal-weight
2026-04-28 15:41:35 | DEBUG    | portfolio.optimizer:116 | Optimizer: Positive directional derivative for linesearch — falling back to equal-weight
2026-04-28 15:41:35 | DEBUG    | portfolio.optimizer:116 | Optimizer: Positive directional derivative for linesearch — falling back to equal-weight
2026-04-28 15:41:35 | DEBUG    | portfolio.optimizer:116 | Optimizer: Positive directional derivative for linesearch — falling back to equal-weight
2026-04-28 15:41:36 | DEBUG    | portfolio.optimizer:116 | Optimizer: Positive directional derivative for linesearch — falling back to equal-weight
2026-04-28 15:41:36 | DEBUG    | portfolio.optimizer:116 | Optimizer: Positive directional derivative for linesearch — falling back to equal-weight
2026-04-28 15:41:36 | DEBUG    | portfolio.optimizer:116 | Optimizer: Positive directional derivative for linesearch — falling back to equal-weight
2026-04-28 15:41:36 | DEBUG    | portfolio.optimizer:116 | Optimizer: Positive directional derivative for linesearch — falling back to equal-weight
2026-04-28 15:41:36 | DEBUG    | portfolio.optimizer:116 | Optimizer: Positive directional derivative for linesearch — falling back to equal-weight
2026-04-28 15:41:37 | DEBUG    | portfolio.optimizer:116 | Optimizer: Positive directional derivative for linesearch — falling back to equal-weight
2026-04-28 15:41:37 | DEBUG    | portfolio.optimizer:116 | Optimizer: Positive directional derivative for linesearch — falling back to equal-weight
2026-04-28 15:41:37 | DEBUG    | portfolio.optimizer:116 | Optimizer: Positive directional derivative for linesearch — falling back to equal-weight
2026-04-28 15:41:37 | DEBUG    | portfolio.optimizer:116 | Optimizer: Positive directional derivative for linesearch — falling back to equal-weight
2026-04-28 15:41:37 | DEBUG    | portfolio.optimizer:116 | Optimizer: Positive directional derivative for linesearch — falling back to equal-weight
2026-04-28 15:41:37 | SUCCESS  | backtest.engine:255 | cross_sectional_momentum: Sharpe=-0.547 | CAGR=-0.0876
2026-04-28 15:41:37 | INFO     | backtest.engine:164 | Backtesting: vol_breakout
2026-04-28 15:41:39 | SUCCESS  | backtest.engine:255 | vol_breakout: Sharpe=-0.575 | CAGR=-0.0372
2026-04-28 15:41:39 | INFO     | backtest.engine:164 | Backtesting: pairs_trading
2026-04-28 15:41:40 | SUCCESS  | backtest.engine:255 | pairs_trading: Sharpe=-0.48 | CAGR=-0.0171
2026-04-28 15:41:40 | INFO     | backtest.engine:164 | Backtesting: ml_signal
2026-04-28 15:41:48 | SUCCESS  | backtest.engine:255 | ml_signal: Sharpe=-1.853 | CAGR=-0.2609
2026-04-28 15:41:48 | INFO     | backtest.engine:164 | Backtesting: macro_rotation
2026-04-28 15:41:52 | DEBUG    | portfolio.optimizer:116 | Optimizer: Positive directional derivative for linesearch — falling back to equal-weight
2026-04-28 15:41:53 | SUCCESS  | backtest.engine:255 | macro_rotation: Sharpe=0.67 | CAGR=0.0881
2026-04-28 15:41:53 | INFO     | backtest.engine:164 | Backtesting: carry
2026-04-28 15:41:54 | DEBUG    | portfolio.optimizer:116 | Optimizer: Positive directional derivative for linesearch — falling back to equal-weight
2026-04-28 15:41:54 | DEBUG    | portfolio.optimizer:116 | Optimizer: Positive directional derivative for linesearch — falling back to equal-weight
2026-04-28 15:41:54 | DEBUG    | portfolio.optimizer:116 | Optimizer: Positive directional derivative for linesearch — falling back to equal-weight
2026-04-28 15:41:54 | DEBUG    | portfolio.optimizer:116 | Optimizer: Positive directional derivative for linesearch — falling back to equal-weight
2026-04-28 15:41:54 | DEBUG    | portfolio.optimizer:116 | Optimizer: Positive directional derivative for linesearch — falling back to equal-weight
2026-04-28 15:41:54 | DEBUG    | portfolio.optimizer:116 | Optimizer: Positive directional derivative for linesearch — falling back to equal-weight
2026-04-28 15:41:54 | DEBUG    | portfolio.optimizer:116 | Optimizer: Positive directional derivative for linesearch — falling back to equal-weight
2026-04-28 15:41:54 | DEBUG    | portfolio.optimizer:116 | Optimizer: Positive directional derivative for linesearch — falling back to equal-weight
2026-04-28 15:41:54 | DEBUG    | portfolio.optimizer:116 | Optimizer: Positive directional derivative for linesearch — falling back to equal-weight
2026-04-28 15:41:54 | DEBUG    | portfolio.optimizer:116 | Optimizer: Positive directional derivative for linesearch — falling back to equal-weight
2026-04-28 15:41:55 | SUCCESS  | backtest.engine:255 | carry: Sharpe=-0.477 | CAGR=-0.0181
2026-04-28 15:41:55 | INFO     | backtest.engine:164 | Backtesting: sentiment
2026-04-28 15:41:56 | DEBUG    | portfolio.optimizer:116 | Optimizer: Positive directional derivative for linesearch — falling back to equal-weight
2026-04-28 15:41:57 | SUCCESS  | backtest.engine:255 | sentiment: Sharpe=-0.7 | CAGR=-0.0222
2026-04-28 15:41:57 | INFO     | __main__:107 | Step 5/6: Seasonality and regime analysis
2026-04-28 15:41:57 | INFO     | seasonality.analyzer:175 | Strategy selector: date=2026-04-28 | month=4 | regime=bear
2026-04-28 15:41:57 | INFO     | seasonality.analyzer:218 | Selected strategies: [('cross_sectional_momentum', 1.0), ('risk_parity', 0.0)]
2026-04-28 15:41:57 | INFO     | __main__:119 | Current strategy selection: [('cross_sectional_momentum', 1.0), ('risk_parity', 0.0)]
2026-04-28 15:41:57 | INFO     | __main__:122 | Step 6/6: Performance attribution
2026-04-28 15:41:58 | SUCCESS  | utils.reporting:141 | Results saved to /Users/sharonlau15/Desktop/SMU 3rd Sem/3in1Project/crypto_algo/results
2026-04-28 15:41:58 | INFO     | execution.live_engine:511 | Scheduler started — running daily at 06:00 UTC
2026-04-28 15:41:58 | INFO     | execution.live_engine:512 | Keep this process alive (tmux / screen / Docker recommended)
2026-04-28 15:41:58 | INFO     | execution.live_engine:513 | Press Ctrl+C to gracefully shutdown and generate reports...
2026-04-28 15:41:58 | INFO     | execution.live_engine:516 | run_now=True — firing one rebalance cycle immediately...
2026-04-28 15:41:58 | INFO     | execution.live_engine:325 | ============================================================
2026-04-28 15:41:58 | INFO     | execution.live_engine:326 | Daily rebalance job starting: 2026-04-28 07:41:58.051234+00:00
2026-04-28 15:41:58 | INFO     | execution.live_engine:331 | Fetching universe data...
2026-04-28 15:41:58 | INFO     | data.ingestion:85 | Fetching BTCUSDT 1d from 2021-01-01
2026-04-28 15:41:58 | SUCCESS  | data.ingestion:105 | Cached BTCUSDT: 1944 bars → BTCUSDT_1d.parquet
2026-04-28 15:41:58 | INFO     | data.ingestion:85 | Fetching ETHUSDT 1d from 2021-01-01
2026-04-28 15:41:58 | SUCCESS  | data.ingestion:105 | Cached ETHUSDT: 1944 bars → ETHUSDT_1d.parquet
2026-04-28 15:41:58 | INFO     | data.ingestion:85 | Fetching BNBUSDT 1d from 2021-01-01
2026-04-28 15:41:59 | SUCCESS  | data.ingestion:105 | Cached BNBUSDT: 1944 bars → BNBUSDT_1d.parquet
2026-04-28 15:41:59 | INFO     | data.ingestion:85 | Fetching SOLUSDT 1d from 2021-01-01
2026-04-28 15:41:59 | SUCCESS  | data.ingestion:105 | Cached SOLUSDT: 1937 bars → SOLUSDT_1d.parquet
2026-04-28 15:41:59 | INFO     | data.ingestion:85 | Fetching XRPUSDT 1d from 2021-01-01
2026-04-28 15:42:00 | SUCCESS  | data.ingestion:105 | Cached XRPUSDT: 1944 bars → XRPUSDT_1d.parquet
2026-04-28 15:42:00 | INFO     | data.ingestion:85 | Fetching ADAUSDT 1d from 2021-01-01
2026-04-28 15:42:01 | SUCCESS  | data.ingestion:105 | Cached ADAUSDT: 1921 bars → ADAUSDT_1d.parquet
2026-04-28 15:42:01 | INFO     | data.ingestion:85 | Fetching AVAXUSDT 1d from 2021-01-01
2026-04-28 15:42:01 | SUCCESS  | data.ingestion:105 | Cached AVAXUSDT: 1854 bars → AVAXUSDT_1d.parquet
2026-04-28 15:42:01 | INFO     | data.ingestion:85 | Fetching DOTUSDT 1d from 2021-01-01
2026-04-28 15:42:02 | SUCCESS  | data.ingestion:105 | Cached DOTUSDT: 1733 bars → DOTUSDT_1d.parquet
2026-04-28 15:42:02 | INFO     | data.ingestion:85 | Fetching LINKUSDT 1d from 2021-01-01
2026-04-28 15:42:03 | SUCCESS  | data.ingestion:105 | Cached LINKUSDT: 1914 bars → LINKUSDT_1d.parquet
2026-04-28 15:42:03 | INFO     | data.ingestion:85 | Fetching MATICUSDT 1d from 2021-01-01
2026-04-28 15:42:03 | SUCCESS  | data.ingestion:105 | Cached MATICUSDT: 1331 bars → MATICUSDT_1d.parquet
2026-04-28 15:42:03 | INFO     | data.ingestion:85 | Fetching ATOMUSDT 1d from 2021-01-01
2026-04-28 15:42:04 | SUCCESS  | data.ingestion:105 | Cached ATOMUSDT: 1362 bars → ATOMUSDT_1d.parquet
2026-04-28 15:42:04 | INFO     | data.ingestion:85 | Fetching LTCUSDT 1d from 2021-01-01
2026-04-28 15:42:04 | SUCCESS  | data.ingestion:105 | Cached LTCUSDT: 1933 bars → LTCUSDT_1d.parquet
2026-04-28 15:42:04 | INFO     | data.ingestion:132 | Universe loaded: 12/12 symbols
2026-04-28 15:42:08 | INFO     | execution.live_engine:339 | Refreshing signals...
2026-04-28 15:42:08 | DEBUG    | strategies.base:68 | Running strategy: momentum
2026-04-28 15:42:08 | DEBUG    | strategies.base:68 | Running strategy: mean_reversion
2026-04-28 15:42:08 | DEBUG    | strategies.base:68 | Running strategy: risk_parity
2026-04-28 15:42:08 | DEBUG    | strategies.base:68 | Running strategy: cross_sectional_momentum
2026-04-28 15:42:08 | DEBUG    | strategies.base:68 | Running strategy: vol_breakout
2026-04-28 15:42:08 | DEBUG    | strategies.base:68 | Running strategy: pairs_trading
2026-04-28 15:42:10 | DEBUG    | strategies.base:68 | Running strategy: ml_signal
2026-04-28 15:42:16 | DEBUG    | strategies.base:68 | Running strategy: macro_rotation
2026-04-28 15:42:16 | DEBUG    | strategies.base:68 | Running strategy: carry
2026-04-28 15:42:16 | DEBUG    | strategies.base:68 | Running strategy: sentiment
2026-04-28 15:42:16 | INFO     | seasonality.analyzer:175 | Strategy selector: date=2026-04-28 | month=4 | regime=bear
2026-04-28 15:42:16 | INFO     | seasonality.analyzer:218 | Selected strategies: [('cross_sectional_momentum', 1.0), ('risk_parity', 0.0)]
2026-04-28 15:42:16 | INFO     | execution.live_engine:104 | Active strategy blend: [('cross_sectional_momentum', 1.0), ('risk_parity', 0.0)]
2026-04-28 15:42:16 | INFO     | execution.live_engine:365 | Target weights:
BTCUSDT    0.4
dtype: float64
2026-04-28 15:42:16 | INFO     | execution.live_engine:369 | Portfolio NAV: $10000.00 USDT
2026-04-28 15:42:17 | SUCCESS  | execution.live_engine:284 | [TESTNET] BUY 0.05206 BTCUSDT @ market | orderId=10431373
2026-04-28 15:42:17 | SUCCESS  | execution.live_engine:393 | Daily rebalance complete.
2026-04-28 15:51:10 | INFO     | execution.live_engine:522 | 
🛑 Graceful shutdown initiated...
2026-04-28 15:51:10 | INFO     | execution.live_engine:408 | 
============================================================
2026-04-28 15:51:10 | INFO     | execution.live_engine:409 | FINAL REPORT — Live Trading Session
2026-04-28 15:51:10 | INFO     | execution.live_engine:410 | ============================================================
2026-04-28 15:51:10 | INFO     | execution.live_engine:413 | Current Cash: $6000.69 USDT
2026-04-28 15:51:10 | INFO     | execution.live_engine:414 | Current Positions (12 symbols):
2026-04-28 15:51:10 | INFO     | execution.live_engine:417 |   • BTCUSDT: 0.052060
2026-04-28 15:51:10 | INFO     | execution.live_engine:427 | 
NAV History:
2026-04-28 15:51:10 | INFO     | execution.live_engine:428 |   Start NAV: $10,000.00
2026-04-28 15:51:10 | INFO     | execution.live_engine:429 |   End NAV:   $10,000.00
2026-04-28 15:51:10 | INFO     | execution.live_engine:430 |   Total Return: +0.00%
2026-04-28 15:51:10 | INFO     | execution.live_engine:431 |   Periods tracked: 3
2026-04-28 15:51:10 | INFO     | execution.live_engine:445 | 
Active Position Entries:
2026-04-28 15:51:10 | INFO     | execution.live_engine:446 |   Tracking 1 positions
2026-04-28 15:51:10 | INFO     | execution.live_engine:448 |     • BTCUSDT: entry=$76821.11
2026-04-28 15:51:10 | INFO     | execution.live_engine:451 | 
📊 Saving reports...
2026-04-28 15:51:10 | SUCCESS  | execution.live_engine:457 | ✅ NAV history → /Users/sharonlau15/Desktop/SMU 3rd Sem/3in1Project/crypto_algo/results/nav_history_export.csv
2026-04-28 15:51:10 | SUCCESS  | execution.live_engine:463 | ✅ Positions snapshot → /Users/sharonlau15/Desktop/SMU 3rd Sem/3in1Project/crypto_algo/results/positions_snapshot.json
2026-04-28 15:51:10 | SUCCESS  | execution.live_engine:470 | ✅ Position entries → /Users/sharonlau15/Desktop/SMU 3rd Sem/3in1Project/crypto_algo/results/position_entries.json
2026-04-28 15:51:10 | SUCCESS  | execution.live_engine:473 | ✅ Full state → /Users/sharonlau15/Desktop/SMU 3rd Sem/3in1Project/crypto_algo/results/live_state.json
2026-04-28 15:51:10 | INFO     | execution.live_engine:475 | 
============================================================
2026-04-28 15:51:10 | INFO     | execution.live_engine:476 | All reports generated successfully.
2026-04-28 15:51:10 | INFO     | execution.live_engine:477 | ============================================================
2026-04-28 15:51:10 | SUCCESS  | execution.live_engine:524 | ✅ Strategy engine stopped. Goodbye!
2026-04-28 15:51:10 | INFO     | __main__:234 | ✅ Session complete.
2026-04-28 15:59:17 | INFO     | __main__:186 | Checking Binance connectivity...
2026-04-28 15:59:17 | WARNING  | __main__:195 | Starting live mode — ensure PAPER_TRADING=True in settings.py
2026-04-28 15:59:17 | INFO     | __main__:57 | ============================================================
2026-04-28 15:59:17 | INFO     | __main__:58 | QF623 Crypto Algo — Backtest Pipeline
2026-04-28 15:59:17 | INFO     | __main__:59 | ============================================================
2026-04-28 15:59:17 | INFO     | __main__:62 | Step 1/6: Loading universe data
2026-04-28 15:59:17 | DEBUG    | data.ingestion:82 | Cache hit: BTCUSDT 1d
2026-04-28 15:59:17 | DEBUG    | data.ingestion:82 | Cache hit: ETHUSDT 1d
2026-04-28 15:59:17 | DEBUG    | data.ingestion:82 | Cache hit: BNBUSDT 1d
2026-04-28 15:59:17 | DEBUG    | data.ingestion:82 | Cache hit: SOLUSDT 1d
2026-04-28 15:59:18 | DEBUG    | data.ingestion:82 | Cache hit: XRPUSDT 1d
2026-04-28 15:59:18 | DEBUG    | data.ingestion:82 | Cache hit: ADAUSDT 1d
2026-04-28 15:59:18 | DEBUG    | data.ingestion:82 | Cache hit: AVAXUSDT 1d
2026-04-28 15:59:18 | DEBUG    | data.ingestion:82 | Cache hit: DOTUSDT 1d
2026-04-28 15:59:18 | DEBUG    | data.ingestion:82 | Cache hit: LINKUSDT 1d
2026-04-28 15:59:18 | DEBUG    | data.ingestion:82 | Cache hit: MATICUSDT 1d
2026-04-28 15:59:18 | DEBUG    | data.ingestion:82 | Cache hit: ATOMUSDT 1d
2026-04-28 15:59:18 | DEBUG    | data.ingestion:82 | Cache hit: LTCUSDT 1d
2026-04-28 15:59:18 | INFO     | data.ingestion:132 | Universe loaded: 12/12 symbols
2026-04-28 15:59:18 | INFO     | __main__:70 | Universe: ['BTCUSDT', 'ETHUSDT', 'BNBUSDT', 'SOLUSDT', 'XRPUSDT', 'ADAUSDT', 'AVAXUSDT', 'DOTUSDT', 'LINKUSDT', 'MATICUSDT', 'ATOMUSDT', 'LTCUSDT']
2026-04-28 15:59:18 | INFO     | __main__:71 | Date range: 2021-01-01 → 2026-04-28
2026-04-28 15:59:18 | INFO     | __main__:72 | Total bars: 1944
2026-04-28 15:59:18 | INFO     | __main__:75 | Step 2/6: Loading funding rates and sentiment data
2026-04-28 15:59:24 | INFO     | __main__:80 | Step 3/6: Generating signals for all 10 strategies
2026-04-28 15:59:24 | INFO     | __main__:85 |   → momentum
2026-04-28 15:59:24 | DEBUG    | strategies.base:68 | Running strategy: momentum
2026-04-28 15:59:24 | INFO     | __main__:85 |   → mean_reversion
2026-04-28 15:59:24 | DEBUG    | strategies.base:68 | Running strategy: mean_reversion
2026-04-28 15:59:24 | INFO     | __main__:85 |   → risk_parity
2026-04-28 15:59:24 | DEBUG    | strategies.base:68 | Running strategy: risk_parity
2026-04-28 15:59:24 | INFO     | __main__:85 |   → cross_sectional_momentum
2026-04-28 15:59:24 | DEBUG    | strategies.base:68 | Running strategy: cross_sectional_momentum
2026-04-28 15:59:24 | INFO     | __main__:85 |   → vol_breakout
2026-04-28 15:59:24 | DEBUG    | strategies.base:68 | Running strategy: vol_breakout
2026-04-28 15:59:24 | INFO     | __main__:85 |   → pairs_trading
2026-04-28 15:59:24 | DEBUG    | strategies.base:68 | Running strategy: pairs_trading
2026-04-28 15:59:26 | INFO     | __main__:85 |   → ml_signal
2026-04-28 15:59:26 | DEBUG    | strategies.base:68 | Running strategy: ml_signal
2026-04-28 15:59:32 | INFO     | __main__:85 |   → macro_rotation
2026-04-28 15:59:32 | DEBUG    | strategies.base:68 | Running strategy: macro_rotation
2026-04-28 15:59:32 | INFO     | __main__:85 |   → carry
2026-04-28 15:59:32 | DEBUG    | strategies.base:68 | Running strategy: carry
2026-04-28 15:59:32 | INFO     | __main__:85 |   → sentiment
2026-04-28 15:59:32 | DEBUG    | strategies.base:68 | Running strategy: sentiment
2026-04-28 15:59:32 | INFO     | __main__:97 | Step 4/6: Running walk-forward backtests
2026-04-28 15:59:32 | INFO     | backtest.engine:164 | Backtesting: momentum
2026-04-28 15:59:39 | DEBUG    | portfolio.optimizer:116 | Optimizer: Positive directional derivative for linesearch — falling back to equal-weight
2026-04-28 15:59:39 | DEBUG    | portfolio.optimizer:116 | Optimizer: Positive directional derivative for linesearch — falling back to equal-weight
2026-04-28 15:59:39 | DEBUG    | portfolio.optimizer:116 | Optimizer: Positive directional derivative for linesearch — falling back to equal-weight
2026-04-28 15:59:39 | DEBUG    | portfolio.optimizer:116 | Optimizer: Positive directional derivative for linesearch — falling back to equal-weight
2026-04-28 15:59:39 | DEBUG    | portfolio.optimizer:116 | Optimizer: Positive directional derivative for linesearch — falling back to equal-weight
2026-04-28 15:59:39 | DEBUG    | portfolio.optimizer:116 | Optimizer: Positive directional derivative for linesearch — falling back to equal-weight
2026-04-28 15:59:39 | DEBUG    | portfolio.optimizer:116 | Optimizer: Positive directional derivative for linesearch — falling back to equal-weight
2026-04-28 15:59:39 | DEBUG    | portfolio.optimizer:116 | Optimizer: Positive directional derivative for linesearch — falling back to equal-weight
2026-04-28 15:59:39 | DEBUG    | portfolio.optimizer:116 | Optimizer: Positive directional derivative for linesearch — falling back to equal-weight
2026-04-28 15:59:39 | DEBUG    | portfolio.optimizer:116 | Optimizer: Positive directional derivative for linesearch — falling back to equal-weight
2026-04-28 15:59:39 | DEBUG    | portfolio.optimizer:116 | Optimizer: Positive directional derivative for linesearch — falling back to equal-weight
2026-04-28 15:59:40 | DEBUG    | portfolio.optimizer:116 | Optimizer: Positive directional derivative for linesearch — falling back to equal-weight
2026-04-28 15:59:40 | DEBUG    | portfolio.optimizer:116 | Optimizer: Positive directional derivative for linesearch — falling back to equal-weight
2026-04-28 15:59:40 | DEBUG    | portfolio.optimizer:116 | Optimizer: Positive directional derivative for linesearch — falling back to equal-weight
2026-04-28 15:59:40 | DEBUG    | portfolio.optimizer:116 | Optimizer: Positive directional derivative for linesearch — falling back to equal-weight
2026-04-28 15:59:40 | DEBUG    | portfolio.optimizer:116 | Optimizer: Positive directional derivative for linesearch — falling back to equal-weight
2026-04-28 15:59:40 | DEBUG    | portfolio.optimizer:116 | Optimizer: Positive directional derivative for linesearch — falling back to equal-weight
2026-04-28 15:59:40 | DEBUG    | portfolio.optimizer:116 | Optimizer: Positive directional derivative for linesearch — falling back to equal-weight
2026-04-28 15:59:40 | DEBUG    | portfolio.optimizer:116 | Optimizer: Positive directional derivative for linesearch — falling back to equal-weight
2026-04-28 15:59:40 | DEBUG    | portfolio.optimizer:116 | Optimizer: Positive directional derivative for linesearch — falling back to equal-weight
2026-04-28 15:59:40 | DEBUG    | portfolio.optimizer:116 | Optimizer: Positive directional derivative for linesearch — falling back to equal-weight
2026-04-28 15:59:40 | DEBUG    | portfolio.optimizer:116 | Optimizer: Positive directional derivative for linesearch — falling back to equal-weight
2026-04-28 15:59:41 | DEBUG    | portfolio.optimizer:116 | Optimizer: Positive directional derivative for linesearch — falling back to equal-weight
2026-04-28 15:59:41 | DEBUG    | portfolio.optimizer:116 | Optimizer: Positive directional derivative for linesearch — falling back to equal-weight
2026-04-28 15:59:41 | DEBUG    | portfolio.optimizer:116 | Optimizer: Positive directional derivative for linesearch — falling back to equal-weight
2026-04-28 15:59:41 | DEBUG    | portfolio.optimizer:116 | Optimizer: Positive directional derivative for linesearch — falling back to equal-weight
2026-04-28 15:59:41 | DEBUG    | portfolio.optimizer:116 | Optimizer: Positive directional derivative for linesearch — falling back to equal-weight
2026-04-28 15:59:41 | DEBUG    | portfolio.optimizer:116 | Optimizer: Positive directional derivative for linesearch — falling back to equal-weight
2026-04-28 15:59:41 | DEBUG    | portfolio.optimizer:116 | Optimizer: Positive directional derivative for linesearch — falling back to equal-weight
2026-04-28 15:59:41 | DEBUG    | portfolio.optimizer:116 | Optimizer: Positive directional derivative for linesearch — falling back to equal-weight
2026-04-28 15:59:41 | DEBUG    | portfolio.optimizer:116 | Optimizer: Positive directional derivative for linesearch — falling back to equal-weight
2026-04-28 15:59:41 | DEBUG    | portfolio.optimizer:116 | Optimizer: Positive directional derivative for linesearch — falling back to equal-weight
2026-04-28 15:59:41 | DEBUG    | portfolio.optimizer:116 | Optimizer: Positive directional derivative for linesearch — falling back to equal-weight
2026-04-28 15:59:41 | DEBUG    | portfolio.optimizer:116 | Optimizer: Positive directional derivative for linesearch — falling back to equal-weight
2026-04-28 15:59:41 | DEBUG    | portfolio.optimizer:116 | Optimizer: Positive directional derivative for linesearch — falling back to equal-weight
2026-04-28 15:59:41 | DEBUG    | portfolio.optimizer:116 | Optimizer: Positive directional derivative for linesearch — falling back to equal-weight
2026-04-28 15:59:41 | DEBUG    | portfolio.optimizer:116 | Optimizer: Positive directional derivative for linesearch — falling back to equal-weight
2026-04-28 15:59:41 | DEBUG    | portfolio.optimizer:116 | Optimizer: Positive directional derivative for linesearch — falling back to equal-weight
2026-04-28 15:59:41 | DEBUG    | portfolio.optimizer:116 | Optimizer: Positive directional derivative for linesearch — falling back to equal-weight
2026-04-28 15:59:41 | DEBUG    | portfolio.optimizer:116 | Optimizer: Positive directional derivative for linesearch — falling back to equal-weight
2026-04-28 15:59:41 | DEBUG    | portfolio.optimizer:116 | Optimizer: Positive directional derivative for linesearch — falling back to equal-weight
2026-04-28 15:59:41 | DEBUG    | portfolio.optimizer:116 | Optimizer: Positive directional derivative for linesearch — falling back to equal-weight
2026-04-28 15:59:41 | DEBUG    | portfolio.optimizer:116 | Optimizer: Positive directional derivative for linesearch — falling back to equal-weight
2026-04-28 15:59:41 | DEBUG    | portfolio.optimizer:116 | Optimizer: Positive directional derivative for linesearch — falling back to equal-weight
2026-04-28 15:59:41 | DEBUG    | portfolio.optimizer:116 | Optimizer: Positive directional derivative for linesearch — falling back to equal-weight
2026-04-28 15:59:41 | DEBUG    | portfolio.optimizer:116 | Optimizer: Positive directional derivative for linesearch — falling back to equal-weight
2026-04-28 15:59:41 | DEBUG    | portfolio.optimizer:116 | Optimizer: Positive directional derivative for linesearch — falling back to equal-weight
2026-04-28 15:59:41 | DEBUG    | portfolio.optimizer:116 | Optimizer: Positive directional derivative for linesearch — falling back to equal-weight
2026-04-28 15:59:41 | DEBUG    | portfolio.optimizer:116 | Optimizer: Positive directional derivative for linesearch — falling back to equal-weight
2026-04-28 15:59:41 | DEBUG    | portfolio.optimizer:116 | Optimizer: Positive directional derivative for linesearch — falling back to equal-weight
2026-04-28 15:59:41 | SUCCESS  | backtest.engine:255 | momentum: Sharpe=-0.83 | CAGR=-0.1233
2026-04-28 15:59:41 | INFO     | backtest.engine:164 | Backtesting: mean_reversion
2026-04-28 15:59:45 | SUCCESS  | backtest.engine:255 | mean_reversion: Sharpe=-1.424 | CAGR=-0.1984
2026-04-28 15:59:45 | INFO     | backtest.engine:164 | Backtesting: risk_parity
2026-04-28 15:59:49 | SUCCESS  | backtest.engine:255 | risk_parity: Sharpe=0.355 | CAGR=0.0426
2026-04-28 15:59:49 | INFO     | backtest.engine:164 | Backtesting: cross_sectional_momentum
2026-04-28 15:59:56 | DEBUG    | portfolio.optimizer:116 | Optimizer: Positive directional derivative for linesearch — falling back to equal-weight
2026-04-28 15:59:56 | DEBUG    | portfolio.optimizer:116 | Optimizer: Positive directional derivative for linesearch — falling back to equal-weight
2026-04-28 15:59:56 | DEBUG    | portfolio.optimizer:116 | Optimizer: Positive directional derivative for linesearch — falling back to equal-weight
2026-04-28 15:59:56 | DEBUG    | portfolio.optimizer:116 | Optimizer: Positive directional derivative for linesearch — falling back to equal-weight
2026-04-28 15:59:56 | DEBUG    | portfolio.optimizer:116 | Optimizer: Positive directional derivative for linesearch — falling back to equal-weight
2026-04-28 15:59:56 | DEBUG    | portfolio.optimizer:116 | Optimizer: Positive directional derivative for linesearch — falling back to equal-weight
2026-04-28 15:59:56 | DEBUG    | portfolio.optimizer:116 | Optimizer: Positive directional derivative for linesearch — falling back to equal-weight
2026-04-28 15:59:56 | DEBUG    | portfolio.optimizer:116 | Optimizer: Positive directional derivative for linesearch — falling back to equal-weight
2026-04-28 15:59:56 | DEBUG    | portfolio.optimizer:116 | Optimizer: Positive directional derivative for linesearch — falling back to equal-weight
2026-04-28 15:59:56 | DEBUG    | portfolio.optimizer:116 | Optimizer: Positive directional derivative for linesearch — falling back to equal-weight
2026-04-28 15:59:56 | DEBUG    | portfolio.optimizer:116 | Optimizer: Positive directional derivative for linesearch — falling back to equal-weight
2026-04-28 15:59:57 | DEBUG    | portfolio.optimizer:116 | Optimizer: Positive directional derivative for linesearch — falling back to equal-weight
2026-04-28 15:59:57 | DEBUG    | portfolio.optimizer:116 | Optimizer: Positive directional derivative for linesearch — falling back to equal-weight
2026-04-28 15:59:57 | DEBUG    | portfolio.optimizer:116 | Optimizer: Positive directional derivative for linesearch — falling back to equal-weight
2026-04-28 15:59:57 | DEBUG    | portfolio.optimizer:116 | Optimizer: Positive directional derivative for linesearch — falling back to equal-weight
2026-04-28 15:59:57 | DEBUG    | portfolio.optimizer:116 | Optimizer: Positive directional derivative for linesearch — falling back to equal-weight
2026-04-28 15:59:57 | DEBUG    | portfolio.optimizer:116 | Optimizer: Positive directional derivative for linesearch — falling back to equal-weight
2026-04-28 15:59:58 | DEBUG    | portfolio.optimizer:116 | Optimizer: Positive directional derivative for linesearch — falling back to equal-weight
2026-04-28 15:59:58 | DEBUG    | portfolio.optimizer:116 | Optimizer: Positive directional derivative for linesearch — falling back to equal-weight
2026-04-28 15:59:58 | DEBUG    | portfolio.optimizer:116 | Optimizer: Positive directional derivative for linesearch — falling back to equal-weight
2026-04-28 15:59:58 | DEBUG    | portfolio.optimizer:116 | Optimizer: Positive directional derivative for linesearch — falling back to equal-weight
2026-04-28 15:59:58 | DEBUG    | portfolio.optimizer:116 | Optimizer: Positive directional derivative for linesearch — falling back to equal-weight
2026-04-28 15:59:58 | DEBUG    | portfolio.optimizer:116 | Optimizer: Positive directional derivative for linesearch — falling back to equal-weight
2026-04-28 15:59:58 | DEBUG    | portfolio.optimizer:116 | Optimizer: Positive directional derivative for linesearch — falling back to equal-weight
2026-04-28 15:59:58 | DEBUG    | portfolio.optimizer:116 | Optimizer: Positive directional derivative for linesearch — falling back to equal-weight
2026-04-28 15:59:58 | DEBUG    | portfolio.optimizer:116 | Optimizer: Positive directional derivative for linesearch — falling back to equal-weight
2026-04-28 15:59:58 | SUCCESS  | backtest.engine:255 | cross_sectional_momentum: Sharpe=-0.546 | CAGR=-0.0876
2026-04-28 15:59:58 | INFO     | backtest.engine:164 | Backtesting: vol_breakout
2026-04-28 16:00:00 | SUCCESS  | backtest.engine:255 | vol_breakout: Sharpe=-0.575 | CAGR=-0.0372
2026-04-28 16:00:00 | INFO     | backtest.engine:164 | Backtesting: pairs_trading
2026-04-28 16:00:02 | SUCCESS  | backtest.engine:255 | pairs_trading: Sharpe=-0.48 | CAGR=-0.0171
2026-04-28 16:00:02 | INFO     | backtest.engine:164 | Backtesting: ml_signal
2026-04-28 16:00:10 | SUCCESS  | backtest.engine:255 | ml_signal: Sharpe=-1.854 | CAGR=-0.261
2026-04-28 16:00:10 | INFO     | backtest.engine:164 | Backtesting: macro_rotation
2026-04-28 16:00:13 | DEBUG    | portfolio.optimizer:116 | Optimizer: Positive directional derivative for linesearch — falling back to equal-weight
2026-04-28 16:00:14 | SUCCESS  | backtest.engine:255 | macro_rotation: Sharpe=0.67 | CAGR=0.0881
2026-04-28 16:00:14 | INFO     | backtest.engine:164 | Backtesting: carry
2026-04-28 16:00:16 | DEBUG    | portfolio.optimizer:116 | Optimizer: Positive directional derivative for linesearch — falling back to equal-weight
2026-04-28 16:00:16 | DEBUG    | portfolio.optimizer:116 | Optimizer: Positive directional derivative for linesearch — falling back to equal-weight
2026-04-28 16:00:16 | DEBUG    | portfolio.optimizer:116 | Optimizer: Positive directional derivative for linesearch — falling back to equal-weight
2026-04-28 16:00:16 | DEBUG    | portfolio.optimizer:116 | Optimizer: Positive directional derivative for linesearch — falling back to equal-weight
2026-04-28 16:00:16 | DEBUG    | portfolio.optimizer:116 | Optimizer: Positive directional derivative for linesearch — falling back to equal-weight
2026-04-28 16:00:16 | DEBUG    | portfolio.optimizer:116 | Optimizer: Positive directional derivative for linesearch — falling back to equal-weight
2026-04-28 16:00:16 | DEBUG    | portfolio.optimizer:116 | Optimizer: Positive directional derivative for linesearch — falling back to equal-weight
2026-04-28 16:00:16 | DEBUG    | portfolio.optimizer:116 | Optimizer: Positive directional derivative for linesearch — falling back to equal-weight
2026-04-28 16:00:16 | DEBUG    | portfolio.optimizer:116 | Optimizer: Positive directional derivative for linesearch — falling back to equal-weight
2026-04-28 16:00:16 | DEBUG    | portfolio.optimizer:116 | Optimizer: Positive directional derivative for linesearch — falling back to equal-weight
2026-04-28 16:00:16 | SUCCESS  | backtest.engine:255 | carry: Sharpe=-0.478 | CAGR=-0.0181
2026-04-28 16:00:16 | INFO     | backtest.engine:164 | Backtesting: sentiment
2026-04-28 16:00:18 | DEBUG    | portfolio.optimizer:116 | Optimizer: Positive directional derivative for linesearch — falling back to equal-weight
2026-04-28 16:00:19 | SUCCESS  | backtest.engine:255 | sentiment: Sharpe=-0.699 | CAGR=-0.0222
2026-04-28 16:00:19 | INFO     | __main__:107 | Step 5/6: Seasonality and regime analysis
2026-04-28 16:00:19 | INFO     | seasonality.analyzer:175 | Strategy selector: date=2026-04-28 | month=4 | regime=bear
2026-04-28 16:00:19 | INFO     | seasonality.analyzer:218 | Selected strategies: [('cross_sectional_momentum', 1.0), ('risk_parity', 0.0)]
2026-04-28 16:00:19 | INFO     | __main__:119 | Current strategy selection: [('cross_sectional_momentum', 1.0), ('risk_parity', 0.0)]
2026-04-28 16:00:19 | INFO     | __main__:122 | Step 6/6: Performance attribution
2026-04-28 16:00:19 | SUCCESS  | utils.reporting:141 | Results saved to /Users/sharonlau15/Desktop/SMU 3rd Sem/3in1Project/crypto_algo/results
2026-04-28 16:00:19 | INFO     | execution.live_engine:518 | =======================================================
2026-04-28 16:00:19 | INFO     | execution.live_engine:519 | Real-time trading engine started
2026-04-28 16:00:19 | INFO     | execution.live_engine:520 |   Signal recompute : every 60 minutes
2026-04-28 16:00:19 | INFO     | execution.live_engine:521 |   Stop/TP monitor  : every 60 seconds
2026-04-28 16:00:19 | INFO     | execution.live_engine:522 |   Rebalance trigger: weight delta > 5%
2026-04-28 16:00:19 | INFO     | execution.live_engine:523 |   Press Ctrl+C to stop and generate final report
2026-04-28 16:00:19 | INFO     | execution.live_engine:524 | =======================================================
2026-04-28 16:00:19 | INFO     | execution.live_engine:527 | run_now=True — firing initial signal rebalance immediately...
2026-04-28 16:00:19 | INFO     | execution.live_engine:350 | =======================================================
2026-04-28 16:00:19 | INFO     | execution.live_engine:351 | Signal recompute — 2026-04-28 08:00 UTC
2026-04-28 16:00:19 | INFO     | execution.live_engine:356 | Fetching latest market data...
2026-04-28 16:00:19 | INFO     | data.ingestion:85 | Fetching BTCUSDT 1d from 2021-01-01
2026-04-28 16:00:19 | SUCCESS  | data.ingestion:105 | Cached BTCUSDT: 1944 bars → BTCUSDT_1d.parquet
2026-04-28 16:00:20 | INFO     | data.ingestion:85 | Fetching ETHUSDT 1d from 2021-01-01
2026-04-28 16:00:20 | SUCCESS  | data.ingestion:105 | Cached ETHUSDT: 1944 bars → ETHUSDT_1d.parquet
2026-04-28 16:00:20 | INFO     | data.ingestion:85 | Fetching BNBUSDT 1d from 2021-01-01
2026-04-28 16:00:20 | SUCCESS  | data.ingestion:105 | Cached BNBUSDT: 1944 bars → BNBUSDT_1d.parquet
2026-04-28 16:00:21 | INFO     | data.ingestion:85 | Fetching SOLUSDT 1d from 2021-01-01
2026-04-28 16:00:21 | SUCCESS  | data.ingestion:105 | Cached SOLUSDT: 1937 bars → SOLUSDT_1d.parquet
2026-04-28 16:00:21 | INFO     | data.ingestion:85 | Fetching XRPUSDT 1d from 2021-01-01
2026-04-28 16:00:22 | SUCCESS  | data.ingestion:105 | Cached XRPUSDT: 1944 bars → XRPUSDT_1d.parquet
2026-04-28 16:00:22 | INFO     | data.ingestion:85 | Fetching ADAUSDT 1d from 2021-01-01
2026-04-28 16:00:23 | SUCCESS  | data.ingestion:105 | Cached ADAUSDT: 1921 bars → ADAUSDT_1d.parquet
2026-04-28 16:00:23 | INFO     | data.ingestion:85 | Fetching AVAXUSDT 1d from 2021-01-01
2026-04-28 16:00:24 | SUCCESS  | data.ingestion:105 | Cached AVAXUSDT: 1854 bars → AVAXUSDT_1d.parquet
2026-04-28 16:00:24 | INFO     | data.ingestion:85 | Fetching DOTUSDT 1d from 2021-01-01
2026-04-28 16:00:25 | SUCCESS  | data.ingestion:105 | Cached DOTUSDT: 1733 bars → DOTUSDT_1d.parquet
2026-04-28 16:00:25 | INFO     | data.ingestion:85 | Fetching LINKUSDT 1d from 2021-01-01
2026-04-28 16:00:25 | SUCCESS  | data.ingestion:105 | Cached LINKUSDT: 1914 bars → LINKUSDT_1d.parquet
2026-04-28 16:00:25 | INFO     | data.ingestion:85 | Fetching MATICUSDT 1d from 2021-01-01
2026-04-28 16:00:26 | SUCCESS  | data.ingestion:105 | Cached MATICUSDT: 1331 bars → MATICUSDT_1d.parquet
2026-04-28 16:00:26 | INFO     | data.ingestion:85 | Fetching ATOMUSDT 1d from 2021-01-01
2026-04-28 16:00:26 | SUCCESS  | data.ingestion:105 | Cached ATOMUSDT: 1362 bars → ATOMUSDT_1d.parquet
2026-04-28 16:00:26 | INFO     | data.ingestion:85 | Fetching LTCUSDT 1d from 2021-01-01
2026-04-28 16:00:27 | SUCCESS  | data.ingestion:105 | Cached LTCUSDT: 1933 bars → LTCUSDT_1d.parquet
2026-04-28 16:00:27 | INFO     | data.ingestion:132 | Universe loaded: 12/12 symbols
2026-04-28 16:00:30 | INFO     | execution.live_engine:368 | Recomputing signals for 10 strategies...
2026-04-28 16:00:30 | DEBUG    | strategies.base:68 | Running strategy: momentum
2026-04-28 16:00:31 | DEBUG    | strategies.base:68 | Running strategy: mean_reversion
2026-04-28 16:00:31 | DEBUG    | strategies.base:68 | Running strategy: risk_parity
2026-04-28 16:00:31 | DEBUG    | strategies.base:68 | Running strategy: cross_sectional_momentum
2026-04-28 16:00:31 | DEBUG    | strategies.base:68 | Running strategy: vol_breakout
2026-04-28 16:00:31 | DEBUG    | strategies.base:68 | Running strategy: pairs_trading
2026-04-28 16:00:33 | DEBUG    | strategies.base:68 | Running strategy: ml_signal
2026-04-28 16:00:38 | DEBUG    | strategies.base:68 | Running strategy: macro_rotation
2026-04-28 16:00:38 | DEBUG    | strategies.base:68 | Running strategy: carry
2026-04-28 16:00:38 | DEBUG    | strategies.base:68 | Running strategy: sentiment
2026-04-28 16:00:38 | INFO     | seasonality.analyzer:175 | Strategy selector: date=2026-04-28 | month=4 | regime=bear
2026-04-28 16:00:38 | INFO     | seasonality.analyzer:218 | Selected strategies: [('cross_sectional_momentum', 1.0), ('risk_parity', 0.0)]
2026-04-28 16:00:38 | INFO     | execution.live_engine:291 | Active strategy blend: [('cross_sectional_momentum', 1.0), ('risk_parity', 0.0)]
2026-04-28 16:00:38 | INFO     | execution.live_engine:398 | Weight delta: 0.4000 (threshold=0.05) → REBALANCE
2026-04-28 16:00:38 | INFO     | execution.live_engine:409 | Signal shift detected (Δ=0.4000) — executing rebalance...
2026-04-28 16:00:38 | INFO     | execution.live_engine:410 | New target weights:
BTCUSDT    0.4
2026-04-28 16:00:40 | INFO     | execution.live_engine:414 | Portfolio NAV: $10,002.06 USDT
2026-04-28 16:00:40 | SUCCESS  | execution.live_engine:427 | Rebalance complete. NAV=$10,002.06
2026-04-28 16:01:20 | DEBUG    | execution.live_engine:332 | [MONITOR] All 1 positions within limits — 08:01:20 UTC
2026-04-28 16:02:20 | DEBUG    | execution.live_engine:332 | [MONITOR] All 1 positions within limits — 08:02:20 UTC
2026-04-28 16:03:20 | DEBUG    | execution.live_engine:332 | [MONITOR] All 1 positions within limits — 08:03:20 UTC
2026-04-28 16:04:20 | DEBUG    | execution.live_engine:332 | [MONITOR] All 1 positions within limits — 08:04:20 UTC
2026-04-28 16:05:20 | DEBUG    | execution.live_engine:332 | [MONITOR] All 1 positions within limits — 08:05:20 UTC
2026-04-28 16:06:20 | DEBUG    | execution.live_engine:332 | [MONITOR] All 1 positions within limits — 08:06:20 UTC
2026-04-28 16:07:20 | DEBUG    | execution.live_engine:332 | [MONITOR] All 1 positions within limits — 08:07:20 UTC
2026-04-28 16:08:20 | DEBUG    | execution.live_engine:332 | [MONITOR] All 1 positions within limits — 08:08:20 UTC
2026-04-28 16:09:20 | DEBUG    | execution.live_engine:332 | [MONITOR] All 1 positions within limits — 08:09:20 UTC
2026-04-28 16:10:20 | DEBUG    | execution.live_engine:332 | [MONITOR] All 1 positions within limits — 08:10:20 UTC
2026-04-28 16:11:20 | DEBUG    | execution.live_engine:332 | [MONITOR] All 1 positions within limits — 08:11:20 UTC
2026-04-28 16:12:21 | DEBUG    | execution.live_engine:332 | [MONITOR] All 1 positions within limits — 08:12:21 UTC
2026-04-28 16:13:20 | DEBUG    | execution.live_engine:332 | [MONITOR] All 1 positions within limits — 08:13:20 UTC
2026-04-28 16:14:20 | DEBUG    | execution.live_engine:332 | [MONITOR] All 1 positions within limits — 08:14:20 UTC
2026-04-28 16:15:20 | DEBUG    | execution.live_engine:332 | [MONITOR] All 1 positions within limits — 08:15:20 UTC
2026-04-28 16:16:20 | DEBUG    | execution.live_engine:332 | [MONITOR] All 1 positions within limits — 08:16:20 UTC
2026-04-28 16:17:20 | DEBUG    | execution.live_engine:332 | [MONITOR] All 1 positions within limits — 08:17:20 UTC
2026-04-28 16:18:20 | DEBUG    | execution.live_engine:332 | [MONITOR] All 1 positions within limits — 08:18:20 UTC
2026-04-28 16:19:20 | DEBUG    | execution.live_engine:332 | [MONITOR] All 1 positions within limits — 08:19:20 UTC
2026-04-28 16:20:20 | DEBUG    | execution.live_engine:332 | [MONITOR] All 1 positions within limits — 08:20:20 UTC
2026-04-28 16:21:20 | DEBUG    | execution.live_engine:332 | [MONITOR] All 1 positions within limits — 08:21:20 UTC
2026-04-28 16:22:20 | DEBUG    | execution.live_engine:332 | [MONITOR] All 1 positions within limits — 08:22:20 UTC
2026-04-28 16:23:20 | DEBUG    | execution.live_engine:332 | [MONITOR] All 1 positions within limits — 08:23:20 UTC
2026-04-28 16:24:20 | DEBUG    | execution.live_engine:332 | [MONITOR] All 1 positions within limits — 08:24:20 UTC
2026-04-28 16:25:20 | DEBUG    | execution.live_engine:332 | [MONITOR] All 1 positions within limits — 08:25:20 UTC
2026-04-28 16:26:20 | DEBUG    | execution.live_engine:332 | [MONITOR] All 1 positions within limits — 08:26:20 UTC
2026-04-28 16:27:20 | DEBUG    | execution.live_engine:332 | [MONITOR] All 1 positions within limits — 08:27:20 UTC
2026-04-28 16:28:20 | DEBUG    | execution.live_engine:332 | [MONITOR] All 1 positions within limits — 08:28:20 UTC
2026-04-28 16:28:23 | INFO     | execution.live_engine:534 | 
Graceful shutdown initiated...
2026-04-28 16:28:23 | INFO     | execution.live_engine:440 | 
=======================================================
2026-04-28 16:28:23 | INFO     | execution.live_engine:441 | FINAL REPORT — Live Trading Session
2026-04-28 16:28:23 | INFO     | execution.live_engine:442 | =======================================================
2026-04-28 16:28:23 | INFO     | execution.live_engine:443 | Cash remaining: $6,000.69 USDT
2026-04-28 16:28:23 | INFO     | execution.live_engine:446 | Open positions (1):
2026-04-28 16:28:23 | INFO     | execution.live_engine:448 |   BTCUSDT: 0.052060
2026-04-28 16:28:23 | INFO     | execution.live_engine:451 | Total trades executed: 0
2026-04-28 16:28:23 | INFO     | execution.live_engine:460 | Start NAV: $10,000.00  End NAV: $10,002.06  Return: +0.02%
2026-04-28 16:28:23 | SUCCESS  | execution.live_engine:464 | NAV history → /Users/sharonlau15/Desktop/SMU 3rd Sem/3in1Project/crypto_algo/results/nav_history_export.csv
2026-04-28 16:28:23 | INFO     | execution.live_engine:472 | =======================================================
2026-04-28 16:28:23 | SUCCESS  | execution.live_engine:537 | Engine stopped.
2026-04-28 16:28:23 | INFO     | __main__:234 | ✅ Session complete.
2026-04-28 16:29:20 | INFO     | __main__:186 | Checking Binance connectivity...
2026-04-28 16:29:20 | WARNING  | __main__:195 | Starting live mode — ensure PAPER_TRADING=True in settings.py
2026-04-28 16:29:20 | INFO     | __main__:57 | ============================================================
2026-04-28 16:29:20 | INFO     | __main__:58 | QF623 Crypto Algo — Backtest Pipeline
2026-04-28 16:29:20 | INFO     | __main__:59 | ============================================================
2026-04-28 16:29:20 | INFO     | __main__:62 | Step 1/6: Loading universe data
2026-04-28 16:29:20 | DEBUG    | data.ingestion:82 | Cache hit: BTCUSDT 1d
2026-04-28 16:29:20 | DEBUG    | data.ingestion:82 | Cache hit: ETHUSDT 1d
2026-04-28 16:29:20 | DEBUG    | data.ingestion:82 | Cache hit: BNBUSDT 1d
2026-04-28 16:29:20 | DEBUG    | data.ingestion:82 | Cache hit: SOLUSDT 1d
2026-04-28 16:29:21 | DEBUG    | data.ingestion:82 | Cache hit: XRPUSDT 1d
2026-04-28 16:29:21 | DEBUG    | data.ingestion:82 | Cache hit: ADAUSDT 1d
2026-04-28 16:29:21 | DEBUG    | data.ingestion:82 | Cache hit: AVAXUSDT 1d
2026-04-28 16:29:21 | DEBUG    | data.ingestion:82 | Cache hit: DOTUSDT 1d
2026-04-28 16:29:21 | DEBUG    | data.ingestion:82 | Cache hit: LINKUSDT 1d
2026-04-28 16:29:21 | DEBUG    | data.ingestion:82 | Cache hit: MATICUSDT 1d
2026-04-28 16:29:21 | DEBUG    | data.ingestion:82 | Cache hit: ATOMUSDT 1d
2026-04-28 16:29:21 | DEBUG    | data.ingestion:82 | Cache hit: LTCUSDT 1d
2026-04-28 16:29:21 | INFO     | data.ingestion:132 | Universe loaded: 12/12 symbols
2026-04-28 16:29:21 | INFO     | __main__:70 | Universe: ['BTCUSDT', 'ETHUSDT', 'BNBUSDT', 'SOLUSDT', 'XRPUSDT', 'ADAUSDT', 'AVAXUSDT', 'DOTUSDT', 'LINKUSDT', 'MATICUSDT', 'ATOMUSDT', 'LTCUSDT']
2026-04-28 16:29:21 | INFO     | __main__:71 | Date range: 2021-01-01 → 2026-04-28
2026-04-28 16:29:21 | INFO     | __main__:72 | Total bars: 1944
2026-04-28 16:29:21 | INFO     | __main__:75 | Step 2/6: Loading funding rates and sentiment data
2026-04-28 16:29:26 | INFO     | __main__:80 | Step 3/6: Generating signals for all 10 strategies
2026-04-28 16:29:26 | INFO     | __main__:85 |   → momentum
2026-04-28 16:29:26 | DEBUG    | strategies.base:68 | Running strategy: momentum
2026-04-28 16:29:27 | INFO     | __main__:85 |   → mean_reversion
2026-04-28 16:29:27 | DEBUG    | strategies.base:68 | Running strategy: mean_reversion
2026-04-28 16:29:27 | INFO     | __main__:85 |   → risk_parity
2026-04-28 16:29:27 | DEBUG    | strategies.base:68 | Running strategy: risk_parity
2026-04-28 16:29:27 | INFO     | __main__:85 |   → cross_sectional_momentum
2026-04-28 16:29:27 | DEBUG    | strategies.base:68 | Running strategy: cross_sectional_momentum
2026-04-28 16:29:27 | INFO     | __main__:85 |   → vol_breakout
2026-04-28 16:29:27 | DEBUG    | strategies.base:68 | Running strategy: vol_breakout
2026-04-28 16:29:27 | INFO     | __main__:85 |   → pairs_trading
2026-04-28 16:29:27 | DEBUG    | strategies.base:68 | Running strategy: pairs_trading
2026-04-28 16:29:29 | INFO     | __main__:85 |   → ml_signal
2026-04-28 16:29:29 | DEBUG    | strategies.base:68 | Running strategy: ml_signal
2026-04-28 16:29:34 | INFO     | __main__:85 |   → macro_rotation
2026-04-28 16:29:34 | DEBUG    | strategies.base:68 | Running strategy: macro_rotation
2026-04-28 16:29:34 | INFO     | __main__:85 |   → carry
2026-04-28 16:29:34 | DEBUG    | strategies.base:68 | Running strategy: carry
2026-04-28 16:29:34 | INFO     | __main__:85 |   → sentiment
2026-04-28 16:29:34 | DEBUG    | strategies.base:68 | Running strategy: sentiment
2026-04-28 16:29:34 | INFO     | __main__:97 | Step 4/6: Running walk-forward backtests
2026-04-28 16:29:34 | INFO     | backtest.engine:164 | Backtesting: momentum
2026-04-28 16:29:41 | DEBUG    | portfolio.optimizer:116 | Optimizer: Positive directional derivative for linesearch — falling back to equal-weight
2026-04-28 16:29:41 | DEBUG    | portfolio.optimizer:116 | Optimizer: Positive directional derivative for linesearch — falling back to equal-weight
2026-04-28 16:29:41 | DEBUG    | portfolio.optimizer:116 | Optimizer: Positive directional derivative for linesearch — falling back to equal-weight
2026-04-28 16:29:41 | DEBUG    | portfolio.optimizer:116 | Optimizer: Positive directional derivative for linesearch — falling back to equal-weight
2026-04-28 16:29:41 | DEBUG    | portfolio.optimizer:116 | Optimizer: Positive directional derivative for linesearch — falling back to equal-weight
2026-04-28 16:29:41 | DEBUG    | portfolio.optimizer:116 | Optimizer: Positive directional derivative for linesearch — falling back to equal-weight
2026-04-28 16:29:41 | DEBUG    | portfolio.optimizer:116 | Optimizer: Positive directional derivative for linesearch — falling back to equal-weight
2026-04-28 16:29:41 | DEBUG    | portfolio.optimizer:116 | Optimizer: Positive directional derivative for linesearch — falling back to equal-weight
2026-04-28 16:29:41 | DEBUG    | portfolio.optimizer:116 | Optimizer: Positive directional derivative for linesearch — falling back to equal-weight
2026-04-28 16:29:41 | DEBUG    | portfolio.optimizer:116 | Optimizer: Positive directional derivative for linesearch — falling back to equal-weight
2026-04-28 16:29:41 | DEBUG    | portfolio.optimizer:116 | Optimizer: Positive directional derivative for linesearch — falling back to equal-weight
2026-04-28 16:29:41 | DEBUG    | portfolio.optimizer:116 | Optimizer: Positive directional derivative for linesearch — falling back to equal-weight
2026-04-28 16:29:41 | DEBUG    | portfolio.optimizer:116 | Optimizer: Positive directional derivative for linesearch — falling back to equal-weight
2026-04-28 16:29:42 | DEBUG    | portfolio.optimizer:116 | Optimizer: Positive directional derivative for linesearch — falling back to equal-weight
2026-04-28 16:29:42 | DEBUG    | portfolio.optimizer:116 | Optimizer: Positive directional derivative for linesearch — falling back to equal-weight
2026-04-28 16:29:42 | DEBUG    | portfolio.optimizer:116 | Optimizer: Positive directional derivative for linesearch — falling back to equal-weight
2026-04-28 16:29:42 | DEBUG    | portfolio.optimizer:116 | Optimizer: Positive directional derivative for linesearch — falling back to equal-weight
2026-04-28 16:29:42 | DEBUG    | portfolio.optimizer:116 | Optimizer: Positive directional derivative for linesearch — falling back to equal-weight
2026-04-28 16:29:42 | DEBUG    | portfolio.optimizer:116 | Optimizer: Positive directional derivative for linesearch — falling back to equal-weight
2026-04-28 16:29:42 | DEBUG    | portfolio.optimizer:116 | Optimizer: Positive directional derivative for linesearch — falling back to equal-weight
2026-04-28 16:29:42 | DEBUG    | portfolio.optimizer:116 | Optimizer: Positive directional derivative for linesearch — falling back to equal-weight
2026-04-28 16:29:42 | DEBUG    | portfolio.optimizer:116 | Optimizer: Positive directional derivative for linesearch — falling back to equal-weight
2026-04-28 16:29:42 | DEBUG    | portfolio.optimizer:116 | Optimizer: Positive directional derivative for linesearch — falling back to equal-weight
2026-04-28 16:29:42 | DEBUG    | portfolio.optimizer:116 | Optimizer: Positive directional derivative for linesearch — falling back to equal-weight
2026-04-28 16:29:42 | DEBUG    | portfolio.optimizer:116 | Optimizer: Positive directional derivative for linesearch — falling back to equal-weight
2026-04-28 16:29:42 | DEBUG    | portfolio.optimizer:116 | Optimizer: Positive directional derivative for linesearch — falling back to equal-weight
2026-04-28 16:29:42 | DEBUG    | portfolio.optimizer:116 | Optimizer: Positive directional derivative for linesearch — falling back to equal-weight
2026-04-28 16:29:43 | DEBUG    | portfolio.optimizer:116 | Optimizer: Positive directional derivative for linesearch — falling back to equal-weight
2026-04-28 16:29:43 | DEBUG    | portfolio.optimizer:116 | Optimizer: Positive directional derivative for linesearch — falling back to equal-weight
2026-04-28 16:29:43 | DEBUG    | portfolio.optimizer:116 | Optimizer: Positive directional derivative for linesearch — falling back to equal-weight
2026-04-28 16:29:43 | DEBUG    | portfolio.optimizer:116 | Optimizer: Positive directional derivative for linesearch — falling back to equal-weight
2026-04-28 16:29:43 | DEBUG    | portfolio.optimizer:116 | Optimizer: Positive directional derivative for linesearch — falling back to equal-weight
2026-04-28 16:29:43 | DEBUG    | portfolio.optimizer:116 | Optimizer: Positive directional derivative for linesearch — falling back to equal-weight
2026-04-28 16:29:43 | DEBUG    | portfolio.optimizer:116 | Optimizer: Positive directional derivative for linesearch — falling back to equal-weight
2026-04-28 16:29:43 | DEBUG    | portfolio.optimizer:116 | Optimizer: Positive directional derivative for linesearch — falling back to equal-weight
2026-04-28 16:29:43 | DEBUG    | portfolio.optimizer:116 | Optimizer: Positive directional derivative for linesearch — falling back to equal-weight
2026-04-28 16:29:43 | DEBUG    | portfolio.optimizer:116 | Optimizer: Positive directional derivative for linesearch — falling back to equal-weight
2026-04-28 16:29:43 | DEBUG    | portfolio.optimizer:116 | Optimizer: Positive directional derivative for linesearch — falling back to equal-weight
2026-04-28 16:29:43 | DEBUG    | portfolio.optimizer:116 | Optimizer: Positive directional derivative for linesearch — falling back to equal-weight
2026-04-28 16:29:43 | DEBUG    | portfolio.optimizer:116 | Optimizer: Positive directional derivative for linesearch — falling back to equal-weight
2026-04-28 16:29:43 | DEBUG    | portfolio.optimizer:116 | Optimizer: Positive directional derivative for linesearch — falling back to equal-weight
2026-04-28 16:29:43 | DEBUG    | portfolio.optimizer:116 | Optimizer: Positive directional derivative for linesearch — falling back to equal-weight
2026-04-28 16:29:43 | DEBUG    | portfolio.optimizer:116 | Optimizer: Positive directional derivative for linesearch — falling back to equal-weight
2026-04-28 16:29:43 | DEBUG    | portfolio.optimizer:116 | Optimizer: Positive directional derivative for linesearch — falling back to equal-weight
2026-04-28 16:29:43 | DEBUG    | portfolio.optimizer:116 | Optimizer: Positive directional derivative for linesearch — falling back to equal-weight
2026-04-28 16:29:43 | DEBUG    | portfolio.optimizer:116 | Optimizer: Positive directional derivative for linesearch — falling back to equal-weight
2026-04-28 16:29:43 | DEBUG    | portfolio.optimizer:116 | Optimizer: Positive directional derivative for linesearch — falling back to equal-weight
2026-04-28 16:29:43 | DEBUG    | portfolio.optimizer:116 | Optimizer: Positive directional derivative for linesearch — falling back to equal-weight
2026-04-28 16:29:43 | DEBUG    | portfolio.optimizer:116 | Optimizer: Positive directional derivative for linesearch — falling back to equal-weight
2026-04-28 16:29:43 | DEBUG    | portfolio.optimizer:116 | Optimizer: Positive directional derivative for linesearch — falling back to equal-weight
2026-04-28 16:29:43 | SUCCESS  | backtest.engine:255 | momentum: Sharpe=-0.83 | CAGR=-0.1232
2026-04-28 16:29:43 | INFO     | backtest.engine:164 | Backtesting: mean_reversion
2026-04-28 16:29:47 | SUCCESS  | backtest.engine:255 | mean_reversion: Sharpe=-1.424 | CAGR=-0.1984
2026-04-28 16:29:47 | INFO     | backtest.engine:164 | Backtesting: risk_parity
2026-04-28 16:29:51 | SUCCESS  | backtest.engine:255 | risk_parity: Sharpe=0.355 | CAGR=0.0426
2026-04-28 16:29:51 | INFO     | backtest.engine:164 | Backtesting: cross_sectional_momentum
2026-04-28 16:29:57 | DEBUG    | portfolio.optimizer:116 | Optimizer: Positive directional derivative for linesearch — falling back to equal-weight
2026-04-28 16:29:57 | DEBUG    | portfolio.optimizer:116 | Optimizer: Positive directional derivative for linesearch — falling back to equal-weight
2026-04-28 16:29:58 | DEBUG    | portfolio.optimizer:116 | Optimizer: Positive directional derivative for linesearch — falling back to equal-weight
2026-04-28 16:29:58 | DEBUG    | portfolio.optimizer:116 | Optimizer: Positive directional derivative for linesearch — falling back to equal-weight
2026-04-28 16:29:58 | DEBUG    | portfolio.optimizer:116 | Optimizer: Positive directional derivative for linesearch — falling back to equal-weight
2026-04-28 16:29:58 | DEBUG    | portfolio.optimizer:116 | Optimizer: Positive directional derivative for linesearch — falling back to equal-weight
2026-04-28 16:29:58 | DEBUG    | portfolio.optimizer:116 | Optimizer: Positive directional derivative for linesearch — falling back to equal-weight
2026-04-28 16:29:58 | DEBUG    | portfolio.optimizer:116 | Optimizer: Positive directional derivative for linesearch — falling back to equal-weight
2026-04-28 16:29:58 | DEBUG    | portfolio.optimizer:116 | Optimizer: Positive directional derivative for linesearch — falling back to equal-weight
2026-04-28 16:29:58 | DEBUG    | portfolio.optimizer:116 | Optimizer: Positive directional derivative for linesearch — falling back to equal-weight
2026-04-28 16:29:58 | DEBUG    | portfolio.optimizer:116 | Optimizer: Positive directional derivative for linesearch — falling back to equal-weight
2026-04-28 16:29:58 | DEBUG    | portfolio.optimizer:116 | Optimizer: Positive directional derivative for linesearch — falling back to equal-weight
2026-04-28 16:29:58 | DEBUG    | portfolio.optimizer:116 | Optimizer: Positive directional derivative for linesearch — falling back to equal-weight
2026-04-28 16:29:58 | DEBUG    | portfolio.optimizer:116 | Optimizer: Positive directional derivative for linesearch — falling back to equal-weight
2026-04-28 16:29:58 | DEBUG    | portfolio.optimizer:116 | Optimizer: Positive directional derivative for linesearch — falling back to equal-weight
2026-04-28 16:29:59 | DEBUG    | portfolio.optimizer:116 | Optimizer: Positive directional derivative for linesearch — falling back to equal-weight
2026-04-28 16:29:59 | DEBUG    | portfolio.optimizer:116 | Optimizer: Positive directional derivative for linesearch — falling back to equal-weight
2026-04-28 16:29:59 | DEBUG    | portfolio.optimizer:116 | Optimizer: Positive directional derivative for linesearch — falling back to equal-weight
2026-04-28 16:29:59 | DEBUG    | portfolio.optimizer:116 | Optimizer: Positive directional derivative for linesearch — falling back to equal-weight
2026-04-28 16:29:59 | DEBUG    | portfolio.optimizer:116 | Optimizer: Positive directional derivative for linesearch — falling back to equal-weight
2026-04-28 16:30:00 | DEBUG    | portfolio.optimizer:116 | Optimizer: Positive directional derivative for linesearch — falling back to equal-weight
2026-04-28 16:30:00 | DEBUG    | portfolio.optimizer:116 | Optimizer: Positive directional derivative for linesearch — falling back to equal-weight
2026-04-28 16:30:00 | DEBUG    | portfolio.optimizer:116 | Optimizer: Positive directional derivative for linesearch — falling back to equal-weight
2026-04-28 16:30:00 | DEBUG    | portfolio.optimizer:116 | Optimizer: Positive directional derivative for linesearch — falling back to equal-weight
2026-04-28 16:30:00 | DEBUG    | portfolio.optimizer:116 | Optimizer: Positive directional derivative for linesearch — falling back to equal-weight
2026-04-28 16:30:00 | DEBUG    | portfolio.optimizer:116 | Optimizer: Positive directional derivative for linesearch — falling back to equal-weight
2026-04-28 16:30:00 | SUCCESS  | backtest.engine:255 | cross_sectional_momentum: Sharpe=-0.546 | CAGR=-0.0876
2026-04-28 16:30:00 | INFO     | backtest.engine:164 | Backtesting: vol_breakout
2026-04-28 16:30:02 | SUCCESS  | backtest.engine:255 | vol_breakout: Sharpe=-0.575 | CAGR=-0.0372
2026-04-28 16:30:02 | INFO     | backtest.engine:164 | Backtesting: pairs_trading
2026-04-28 16:30:03 | SUCCESS  | backtest.engine:255 | pairs_trading: Sharpe=-0.48 | CAGR=-0.0171
2026-04-28 16:30:03 | INFO     | backtest.engine:164 | Backtesting: ml_signal
2026-04-28 16:30:11 | SUCCESS  | backtest.engine:255 | ml_signal: Sharpe=-1.854 | CAGR=-0.261
2026-04-28 16:30:11 | INFO     | backtest.engine:164 | Backtesting: macro_rotation
2026-04-28 16:30:15 | DEBUG    | portfolio.optimizer:116 | Optimizer: Positive directional derivative for linesearch — falling back to equal-weight
2026-04-28 16:30:16 | SUCCESS  | backtest.engine:255 | macro_rotation: Sharpe=0.67 | CAGR=0.0881
2026-04-28 16:30:16 | INFO     | backtest.engine:164 | Backtesting: carry
2026-04-28 16:30:17 | DEBUG    | portfolio.optimizer:116 | Optimizer: Positive directional derivative for linesearch — falling back to equal-weight
2026-04-28 16:30:17 | DEBUG    | portfolio.optimizer:116 | Optimizer: Positive directional derivative for linesearch — falling back to equal-weight
2026-04-28 16:30:17 | DEBUG    | portfolio.optimizer:116 | Optimizer: Positive directional derivative for linesearch — falling back to equal-weight
2026-04-28 16:30:17 | DEBUG    | portfolio.optimizer:116 | Optimizer: Positive directional derivative for linesearch — falling back to equal-weight
2026-04-28 16:30:17 | DEBUG    | portfolio.optimizer:116 | Optimizer: Positive directional derivative for linesearch — falling back to equal-weight
2026-04-28 16:30:17 | DEBUG    | portfolio.optimizer:116 | Optimizer: Positive directional derivative for linesearch — falling back to equal-weight
2026-04-28 16:30:17 | DEBUG    | portfolio.optimizer:116 | Optimizer: Positive directional derivative for linesearch — falling back to equal-weight
2026-04-28 16:30:17 | DEBUG    | portfolio.optimizer:116 | Optimizer: Positive directional derivative for linesearch — falling back to equal-weight
2026-04-28 16:30:18 | DEBUG    | portfolio.optimizer:116 | Optimizer: Positive directional derivative for linesearch — falling back to equal-weight
2026-04-28 16:30:18 | DEBUG    | portfolio.optimizer:116 | Optimizer: Positive directional derivative for linesearch — falling back to equal-weight
2026-04-28 16:30:18 | SUCCESS  | backtest.engine:255 | carry: Sharpe=-0.469 | CAGR=-0.0178
2026-04-28 16:30:18 | INFO     | backtest.engine:164 | Backtesting: sentiment
2026-04-28 16:30:19 | DEBUG    | portfolio.optimizer:116 | Optimizer: Positive directional derivative for linesearch — falling back to equal-weight
2026-04-28 16:30:21 | SUCCESS  | backtest.engine:255 | sentiment: Sharpe=-0.699 | CAGR=-0.0222
2026-04-28 16:30:21 | INFO     | __main__:107 | Step 5/6: Seasonality and regime analysis
2026-04-28 16:30:21 | INFO     | seasonality.analyzer:175 | Strategy selector: date=2026-04-28 | month=4 | regime=bear
2026-04-28 16:30:21 | INFO     | seasonality.analyzer:218 | Selected strategies: [('cross_sectional_momentum', 1.0), ('risk_parity', 0.0)]
2026-04-28 16:30:21 | INFO     | __main__:119 | Current strategy selection: [('cross_sectional_momentum', 1.0), ('risk_parity', 0.0)]
2026-04-28 16:30:21 | INFO     | __main__:122 | Step 6/6: Performance attribution
2026-04-28 16:30:21 | SUCCESS  | utils.reporting:141 | Results saved to /Users/sharonlau15/Desktop/SMU 3rd Sem/3in1Project/crypto_algo/results
2026-04-28 16:30:21 | INFO     | execution.live_engine:595 | =======================================================
2026-04-28 16:30:21 | INFO     | execution.live_engine:596 | 🚀  REAL-TIME ALGO TRADING ENGINE — BINANCE TESTNET
2026-04-28 16:30:21 | INFO     | execution.live_engine:597 | =======================================================
2026-04-28 16:30:21 | INFO     | execution.live_engine:598 |   📊 REAL DATA  |  🎮 TESTNET EXECUTION (paper money)
2026-04-28 16:30:21 | INFO     | execution.live_engine:599 |   Signal recompute : every 60 min  → places orders only if signal shifts
2026-04-28 16:30:21 | INFO     | execution.live_engine:600 |   Stop/TP monitor  : every 60s   → exits positions immediately on breach
2026-04-28 16:30:21 | INFO     | execution.live_engine:601 |   Rebalance trigger: total |Δweight| > 5%
2026-04-28 16:30:21 | INFO     | execution.live_engine:602 |   Risk management  : SL=2%  TP=3%  TrailStop=5%
2026-04-28 16:30:21 | INFO     | execution.live_engine:603 |   Universe         : 12 tokens — BTC, ETH, BNB, SOL, XRP, ADA, AVAX, DOT, LINK, MATIC, ATOM, LTC
2026-04-28 16:30:21 | INFO     | execution.live_engine:604 |   Press Ctrl+C to stop and generate final report
2026-04-28 16:30:21 | INFO     | execution.live_engine:605 | =======================================================
2026-04-28 16:30:21 | INFO     | execution.live_engine:608 | run_now=True — firing initial signal rebalance immediately...
2026-04-28 16:30:21 | INFO     | execution.live_engine:396 | =======================================================
2026-04-28 16:30:21 | INFO     | execution.live_engine:397 | Signal recompute — 2026-04-28 08:30 UTC
2026-04-28 16:30:21 | INFO     | execution.live_engine:402 | Fetching latest market data...
2026-04-28 16:30:21 | INFO     | data.ingestion:85 | Fetching BTCUSDT 1d from 2021-01-01
2026-04-28 16:30:21 | SUCCESS  | data.ingestion:105 | Cached BTCUSDT: 1944 bars → BTCUSDT_1d.parquet
2026-04-28 16:30:21 | INFO     | data.ingestion:85 | Fetching ETHUSDT 1d from 2021-01-01
2026-04-28 16:30:21 | SUCCESS  | data.ingestion:105 | Cached ETHUSDT: 1944 bars → ETHUSDT_1d.parquet
2026-04-28 16:30:22 | INFO     | data.ingestion:85 | Fetching BNBUSDT 1d from 2021-01-01
2026-04-28 16:30:22 | SUCCESS  | data.ingestion:105 | Cached BNBUSDT: 1944 bars → BNBUSDT_1d.parquet
2026-04-28 16:30:22 | INFO     | data.ingestion:85 | Fetching SOLUSDT 1d from 2021-01-01
2026-04-28 16:30:23 | SUCCESS  | data.ingestion:105 | Cached SOLUSDT: 1937 bars → SOLUSDT_1d.parquet
2026-04-28 16:30:23 | INFO     | data.ingestion:85 | Fetching XRPUSDT 1d from 2021-01-01
2026-04-28 16:30:23 | SUCCESS  | data.ingestion:105 | Cached XRPUSDT: 1944 bars → XRPUSDT_1d.parquet
2026-04-28 16:30:23 | INFO     | data.ingestion:85 | Fetching ADAUSDT 1d from 2021-01-01
2026-04-28 16:30:23 | SUCCESS  | data.ingestion:105 | Cached ADAUSDT: 1921 bars → ADAUSDT_1d.parquet
2026-04-28 16:30:24 | INFO     | data.ingestion:85 | Fetching AVAXUSDT 1d from 2021-01-01
2026-04-28 16:30:24 | SUCCESS  | data.ingestion:105 | Cached AVAXUSDT: 1854 bars → AVAXUSDT_1d.parquet
2026-04-28 16:30:24 | INFO     | data.ingestion:85 | Fetching DOTUSDT 1d from 2021-01-01
2026-04-28 16:30:24 | SUCCESS  | data.ingestion:105 | Cached DOTUSDT: 1733 bars → DOTUSDT_1d.parquet
2026-04-28 16:30:24 | INFO     | data.ingestion:85 | Fetching LINKUSDT 1d from 2021-01-01
2026-04-28 16:30:25 | SUCCESS  | data.ingestion:105 | Cached LINKUSDT: 1914 bars → LINKUSDT_1d.parquet
2026-04-28 16:30:25 | INFO     | data.ingestion:85 | Fetching MATICUSDT 1d from 2021-01-01
2026-04-28 16:30:25 | SUCCESS  | data.ingestion:105 | Cached MATICUSDT: 1331 bars → MATICUSDT_1d.parquet
2026-04-28 16:30:25 | INFO     | data.ingestion:85 | Fetching ATOMUSDT 1d from 2021-01-01
2026-04-28 16:30:26 | SUCCESS  | data.ingestion:105 | Cached ATOMUSDT: 1362 bars → ATOMUSDT_1d.parquet
2026-04-28 16:30:26 | INFO     | data.ingestion:85 | Fetching LTCUSDT 1d from 2021-01-01
2026-04-28 16:30:26 | SUCCESS  | data.ingestion:105 | Cached LTCUSDT: 1933 bars → LTCUSDT_1d.parquet
2026-04-28 16:30:26 | INFO     | data.ingestion:132 | Universe loaded: 12/12 symbols
2026-04-28 16:30:30 | INFO     | execution.live_engine:414 | Recomputing signals for 10 strategies...
2026-04-28 16:30:30 | DEBUG    | strategies.base:68 | Running strategy: momentum
2026-04-28 16:30:30 | DEBUG    | strategies.base:68 | Running strategy: mean_reversion
2026-04-28 16:30:30 | DEBUG    | strategies.base:68 | Running strategy: risk_parity
2026-04-28 16:30:30 | DEBUG    | strategies.base:68 | Running strategy: cross_sectional_momentum
2026-04-28 16:30:30 | DEBUG    | strategies.base:68 | Running strategy: vol_breakout
2026-04-28 16:30:30 | DEBUG    | strategies.base:68 | Running strategy: pairs_trading
2026-04-28 16:30:32 | DEBUG    | strategies.base:68 | Running strategy: ml_signal
2026-04-28 16:30:38 | DEBUG    | strategies.base:68 | Running strategy: macro_rotation
2026-04-28 16:30:38 | DEBUG    | strategies.base:68 | Running strategy: carry
2026-04-28 16:30:38 | DEBUG    | strategies.base:68 | Running strategy: sentiment
2026-04-28 16:30:38 | INFO     | execution.live_engine:429 | ───────────────────────────────────────────────────────
2026-04-28 16:30:38 | INFO     | execution.live_engine:430 | STRATEGY SIGNALS — latest bar
2026-04-28 16:30:38 | INFO     | execution.live_engine:443 |   🎯 momentum                 BTC=+1.00  ETH=+1.00  BNB=+1.00  MATIC=+1.00  |  Short: ADA=-1.00  AVAX=-1.00  DOT=-1.00
2026-04-28 16:30:38 | INFO     | execution.live_engine:443 |   🎯 mean_reversion           (no long signals)
2026-04-28 16:30:38 | INFO     | execution.live_engine:443 |   🎯 risk_parity              (no long signals)
2026-04-28 16:30:38 | INFO     | execution.live_engine:443 |   🎯 cross_sectional_momentum BTC=+1.00  ETH=+0.82  XRP=+0.64  BNB=+0.45  |  Short: ADA=-1.00  AVAX=-0.82  SOL=-0.64
2026-04-28 16:30:38 | INFO     | execution.live_engine:443 |   🎯 vol_breakout             (no long signals)
2026-04-28 16:30:38 | INFO     | execution.live_engine:443 |   🎯 pairs_trading            (no long signals)
2026-04-28 16:30:38 | INFO     | execution.live_engine:443 |   🎯 ml_signal                ADA=+0.18  BNB=+0.15  LINK=+0.01  |  Short: DOT=-0.78  AVAX=-0.22  ETH=-0.19
2026-04-28 16:30:38 | INFO     | execution.live_engine:443 |   🎯 macro_rotation           (no long signals)
2026-04-28 16:30:38 | INFO     | execution.live_engine:443 |   🎯 carry                    ADA=+1.00  LINK=+1.00  MATIC=+1.00  ATOM=+1.00  |  Short: BTC=-1.00  ETH=-1.00  XRP=-1.00
2026-04-28 16:30:38 | INFO     | execution.live_engine:443 |   🎯 sentiment                (no long signals)
2026-04-28 16:30:38 | INFO     | execution.live_engine:446 | ───────────────────────────────────────────────────────
2026-04-28 16:30:38 | INFO     | seasonality.analyzer:175 | Strategy selector: date=2026-04-28 | month=4 | regime=bear
2026-04-28 16:30:38 | INFO     | seasonality.analyzer:218 | Selected strategies: [('cross_sectional_momentum', 1.0), ('risk_parity', 0.0)]
2026-04-28 16:30:38 | INFO     | execution.live_engine:312 | Active strategy blend: [('cross_sectional_momentum', 1.0), ('risk_parity', 0.0)]
2026-04-28 16:30:38 | INFO     | execution.live_engine:465 | Symbol        Current   Target    Delta  Action
2026-04-28 16:30:38 | INFO     | execution.live_engine:466 | ────────────────────────────────────────────────────
2026-04-28 16:30:38 | INFO     | execution.live_engine:474 | BTCUSDT         40.0%    40.0%    +0.0%  · hold
2026-04-28 16:30:38 | INFO     | execution.live_engine:475 | ────────────────────────────────────────────────────
2026-04-28 16:30:38 | INFO     | execution.live_engine:476 | Total weight delta: 0.0000 (threshold=0.05) → ✋ HOLD
2026-04-28 16:30:38 | INFO     | execution.live_engine:483 | Signal unchanged — holding current positions, no orders placed.
2026-04-28 16:31:22 | INFO     | execution.live_engine:364 | 📈 [08:31:22 UTC] NAV=$10,009.47 | Cash=$6,000.69 | Positions=1 | P&L=+9.47 (+0.09%)
2026-04-28 16:31:22 | INFO     | execution.live_engine:377 |    BTCUSDT      0.052060 | entry=$76,821.11 | now=$77,003.01 | P&L=+9.47 (+0.24%) | SL=$75,284.69 | TP=$79,125.74
2026-04-28 16:32:22 | INFO     | execution.live_engine:364 | 📈 [08:32:22 UTC] NAV=$10,005.58 | Cash=$6,000.69 | Positions=1 | P&L=+5.58 (+0.06%)
2026-04-28 16:32:22 | INFO     | execution.live_engine:377 |    BTCUSDT      0.052060 | entry=$76,821.11 | now=$76,928.27 | P&L=+5.58 (+0.14%) | SL=$75,284.69 | TP=$79,125.74
2026-04-28 16:33:22 | INFO     | execution.live_engine:364 | 📈 [08:33:22 UTC] NAV=$10,003.06 | Cash=$6,000.69 | Positions=1 | P&L=+3.06 (+0.03%)
2026-04-28 16:33:22 | INFO     | execution.live_engine:377 |    BTCUSDT      0.052060 | entry=$76,821.11 | now=$76,879.83 | P&L=+3.06 (+0.08%) | SL=$75,284.69 | TP=$79,125.74
2026-04-28 16:34:22 | INFO     | execution.live_engine:364 | 📈 [08:34:22 UTC] NAV=$10,004.75 | Cash=$6,000.69 | Positions=1 | P&L=+4.75 (+0.05%)
2026-04-28 16:34:22 | INFO     | execution.live_engine:377 |    BTCUSDT      0.052060 | entry=$76,821.11 | now=$76,912.40 | P&L=+4.75 (+0.12%) | SL=$75,284.69 | TP=$79,125.74
2026-04-28 16:35:22 | INFO     | execution.live_engine:364 | 📈 [08:35:22 UTC] NAV=$10,003.96 | Cash=$6,000.69 | Positions=1 | P&L=+3.96 (+0.04%)
2026-04-28 16:35:22 | INFO     | execution.live_engine:377 |    BTCUSDT      0.052060 | entry=$76,821.11 | now=$76,897.12 | P&L=+3.96 (+0.10%) | SL=$75,284.69 | TP=$79,125.74
2026-04-28 16:36:22 | INFO     | execution.live_engine:364 | 📈 [08:36:22 UTC] NAV=$10,002.69 | Cash=$6,000.69 | Positions=1 | P&L=+2.69 (+0.03%)
2026-04-28 16:36:22 | INFO     | execution.live_engine:377 |    BTCUSDT      0.052060 | entry=$76,821.11 | now=$76,872.69 | P&L=+2.69 (+0.07%) | SL=$75,284.69 | TP=$79,125.74
2026-04-28 16:37:22 | INFO     | execution.live_engine:364 | 📈 [08:37:22 UTC] NAV=$10,003.04 | Cash=$6,000.69 | Positions=1 | P&L=+3.04 (+0.03%)
2026-04-28 16:37:22 | INFO     | execution.live_engine:377 |    BTCUSDT      0.052060 | entry=$76,821.11 | now=$76,879.59 | P&L=+3.04 (+0.08%) | SL=$75,284.69 | TP=$79,125.74
2026-04-28 16:38:23 | INFO     | execution.live_engine:364 | 📈 [08:38:23 UTC] NAV=$10,004.42 | Cash=$6,000.69 | Positions=1 | P&L=+4.42 (+0.04%)
2026-04-28 16:38:23 | INFO     | execution.live_engine:377 |    BTCUSDT      0.052060 | entry=$76,821.11 | now=$76,906.03 | P&L=+4.42 (+0.11%) | SL=$75,284.69 | TP=$79,125.74
2026-04-28 16:39:22 | INFO     | execution.live_engine:364 | 📈 [08:39:22 UTC] NAV=$10,003.22 | Cash=$6,000.69 | Positions=1 | P&L=+3.22 (+0.03%)
2026-04-28 16:39:22 | INFO     | execution.live_engine:377 |    BTCUSDT      0.052060 | entry=$76,821.11 | now=$76,882.98 | P&L=+3.22 (+0.08%) | SL=$75,284.69 | TP=$79,125.74
2026-04-28 16:40:22 | INFO     | execution.live_engine:364 | 📈 [08:40:22 UTC] NAV=$10,003.22 | Cash=$6,000.69 | Positions=1 | P&L=+3.22 (+0.03%)
2026-04-28 16:40:22 | INFO     | execution.live_engine:377 |    BTCUSDT      0.052060 | entry=$76,821.11 | now=$76,882.97 | P&L=+3.22 (+0.08%) | SL=$75,284.69 | TP=$79,125.74
2026-04-28 16:41:22 | INFO     | execution.live_engine:364 | 📈 [08:41:22 UTC] NAV=$10,000.78 | Cash=$6,000.69 | Positions=1 | P&L=+0.78 (+0.01%)
2026-04-28 16:41:22 | INFO     | execution.live_engine:377 |    BTCUSDT      0.052060 | entry=$76,821.11 | now=$76,836.06 | P&L=+0.78 (+0.02%) | SL=$75,284.69 | TP=$79,125.74
2026-04-28 16:42:22 | INFO     | execution.live_engine:364 | 📈 [08:42:22 UTC] NAV=$10,000.94 | Cash=$6,000.69 | Positions=1 | P&L=+0.94 (+0.01%)
2026-04-28 16:42:22 | INFO     | execution.live_engine:377 |    BTCUSDT      0.052060 | entry=$76,821.11 | now=$76,839.16 | P&L=+0.94 (+0.02%) | SL=$75,284.69 | TP=$79,125.74
2026-04-28 16:43:22 | INFO     | execution.live_engine:364 | 📈 [08:43:22 UTC] NAV=$10,000.01 | Cash=$6,000.69 | Positions=1 | P&L=+0.01 (+0.00%)
2026-04-28 16:43:22 | INFO     | execution.live_engine:377 |    BTCUSDT      0.052060 | entry=$76,821.11 | now=$76,821.30 | P&L=+0.01 (+0.00%) | SL=$75,284.69 | TP=$79,125.74
2026-04-28 16:44:22 | INFO     | execution.live_engine:364 | 📈 [08:44:22 UTC] NAV=$10,000.01 | Cash=$6,000.69 | Positions=1 | P&L=+0.01 (+0.00%)
2026-04-28 16:44:22 | INFO     | execution.live_engine:377 |    BTCUSDT      0.052060 | entry=$76,821.11 | now=$76,821.28 | P&L=+0.01 (+0.00%) | SL=$75,284.69 | TP=$79,125.74
2026-04-28 16:45:22 | INFO     | execution.live_engine:364 | 📈 [08:45:22 UTC] NAV=$9,998.21 | Cash=$6,000.69 | Positions=1 | P&L=-1.79 (-0.02%)
2026-04-28 16:45:22 | INFO     | execution.live_engine:377 |    BTCUSDT      0.052060 | entry=$76,821.11 | now=$76,786.69 | P&L=-1.79 (-0.04%) | SL=$75,284.69 | TP=$79,125.74
2026-04-28 16:46:22 | INFO     | execution.live_engine:364 | 📈 [08:46:22 UTC] NAV=$9,998.68 | Cash=$6,000.69 | Positions=1 | P&L=-1.32 (-0.01%)
2026-04-28 16:46:22 | INFO     | execution.live_engine:377 |    BTCUSDT      0.052060 | entry=$76,821.11 | now=$76,795.70 | P&L=-1.32 (-0.03%) | SL=$75,284.69 | TP=$79,125.74
2026-04-28 16:47:04 | INFO     | execution.live_engine:615 | 
Graceful shutdown initiated...
2026-04-28 16:47:04 | WARNING  | execution.live_engine:511 | No live state file to report on.
2026-04-28 16:47:04 | SUCCESS  | execution.live_engine:618 | Engine stopped.
2026-04-28 16:47:04 | INFO     | __main__:234 | ✅ Session complete.
2026-04-28 16:47:38 | INFO     | __main__:186 | Checking Binance connectivity...
2026-04-28 16:47:38 | WARNING  | __main__:195 | Starting live mode — ensure PAPER_TRADING=True in settings.py
2026-04-28 16:47:38 | INFO     | __main__:57 | ============================================================
2026-04-28 16:47:38 | INFO     | __main__:58 | QF623 Crypto Algo — Backtest Pipeline
2026-04-28 16:47:38 | INFO     | __main__:59 | ============================================================
2026-04-28 16:47:38 | INFO     | __main__:62 | Step 1/6: Loading universe data
2026-04-28 16:47:38 | DEBUG    | data.ingestion:82 | Cache hit: BTCUSDT 1d
2026-04-28 16:47:39 | DEBUG    | data.ingestion:82 | Cache hit: ETHUSDT 1d
2026-04-28 16:47:39 | DEBUG    | data.ingestion:82 | Cache hit: BNBUSDT 1d
2026-04-28 16:47:39 | DEBUG    | data.ingestion:82 | Cache hit: SOLUSDT 1d
2026-04-28 16:47:39 | DEBUG    | data.ingestion:82 | Cache hit: XRPUSDT 1d
2026-04-28 16:47:39 | DEBUG    | data.ingestion:82 | Cache hit: ADAUSDT 1d
2026-04-28 16:47:39 | DEBUG    | data.ingestion:82 | Cache hit: AVAXUSDT 1d
2026-04-28 16:47:39 | DEBUG    | data.ingestion:82 | Cache hit: DOTUSDT 1d
2026-04-28 16:47:39 | DEBUG    | data.ingestion:82 | Cache hit: LINKUSDT 1d
2026-04-28 16:47:39 | DEBUG    | data.ingestion:82 | Cache hit: MATICUSDT 1d
2026-04-28 16:47:40 | DEBUG    | data.ingestion:82 | Cache hit: ATOMUSDT 1d
2026-04-28 16:47:40 | DEBUG    | data.ingestion:82 | Cache hit: LTCUSDT 1d
2026-04-28 16:47:40 | INFO     | data.ingestion:132 | Universe loaded: 12/12 symbols
2026-04-28 16:47:40 | INFO     | __main__:70 | Universe: ['BTCUSDT', 'ETHUSDT', 'BNBUSDT', 'SOLUSDT', 'XRPUSDT', 'ADAUSDT', 'AVAXUSDT', 'DOTUSDT', 'LINKUSDT', 'MATICUSDT', 'ATOMUSDT', 'LTCUSDT']
2026-04-28 16:47:40 | INFO     | __main__:71 | Date range: 2021-01-01 → 2026-04-28
2026-04-28 16:47:40 | INFO     | __main__:72 | Total bars: 1944
2026-04-28 16:47:40 | INFO     | __main__:75 | Step 2/6: Loading funding rates and sentiment data
2026-04-28 16:47:44 | INFO     | __main__:80 | Step 3/6: Generating signals for all 10 strategies
2026-04-28 16:47:44 | INFO     | __main__:85 |   → momentum
2026-04-28 16:47:44 | DEBUG    | strategies.base:68 | Running strategy: momentum
2026-04-28 16:47:45 | INFO     | __main__:85 |   → mean_reversion
2026-04-28 16:47:45 | DEBUG    | strategies.base:68 | Running strategy: mean_reversion
2026-04-28 16:47:45 | INFO     | __main__:85 |   → risk_parity
2026-04-28 16:47:45 | DEBUG    | strategies.base:68 | Running strategy: risk_parity
2026-04-28 16:47:45 | INFO     | __main__:85 |   → cross_sectional_momentum
2026-04-28 16:47:45 | DEBUG    | strategies.base:68 | Running strategy: cross_sectional_momentum
2026-04-28 16:47:45 | INFO     | __main__:85 |   → vol_breakout
2026-04-28 16:47:45 | DEBUG    | strategies.base:68 | Running strategy: vol_breakout
2026-04-28 16:47:45 | INFO     | __main__:85 |   → pairs_trading
2026-04-28 16:47:45 | DEBUG    | strategies.base:68 | Running strategy: pairs_trading
2026-04-28 16:47:47 | INFO     | __main__:85 |   → ml_signal
2026-04-28 16:47:47 | DEBUG    | strategies.base:68 | Running strategy: ml_signal
2026-04-28 16:47:52 | INFO     | __main__:85 |   → macro_rotation
2026-04-28 16:47:52 | DEBUG    | strategies.base:68 | Running strategy: macro_rotation
2026-04-28 16:47:52 | INFO     | __main__:85 |   → carry
2026-04-28 16:47:52 | DEBUG    | strategies.base:68 | Running strategy: carry
2026-04-28 16:47:53 | INFO     | __main__:85 |   → sentiment
2026-04-28 16:47:53 | DEBUG    | strategies.base:68 | Running strategy: sentiment
2026-04-28 16:47:53 | INFO     | __main__:97 | Step 4/6: Running walk-forward backtests
2026-04-28 16:47:53 | INFO     | backtest.engine:164 | Backtesting: momentum
2026-04-28 16:47:59 | DEBUG    | portfolio.optimizer:116 | Optimizer: Positive directional derivative for linesearch — falling back to equal-weight
2026-04-28 16:47:59 | DEBUG    | portfolio.optimizer:116 | Optimizer: Positive directional derivative for linesearch — falling back to equal-weight
2026-04-28 16:47:59 | DEBUG    | portfolio.optimizer:116 | Optimizer: Positive directional derivative for linesearch — falling back to equal-weight
2026-04-28 16:47:59 | DEBUG    | portfolio.optimizer:116 | Optimizer: Positive directional derivative for linesearch — falling back to equal-weight
2026-04-28 16:48:00 | DEBUG    | portfolio.optimizer:116 | Optimizer: Positive directional derivative for linesearch — falling back to equal-weight
2026-04-28 16:48:00 | DEBUG    | portfolio.optimizer:116 | Optimizer: Positive directional derivative for linesearch — falling back to equal-weight
2026-04-28 16:48:00 | DEBUG    | portfolio.optimizer:116 | Optimizer: Positive directional derivative for linesearch — falling back to equal-weight
2026-04-28 16:48:00 | DEBUG    | portfolio.optimizer:116 | Optimizer: Positive directional derivative for linesearch — falling back to equal-weight
2026-04-28 16:48:00 | DEBUG    | portfolio.optimizer:116 | Optimizer: Positive directional derivative for linesearch — falling back to equal-weight
2026-04-28 16:48:01 | DEBUG    | portfolio.optimizer:116 | Optimizer: Positive directional derivative for linesearch — falling back to equal-weight
2026-04-28 16:48:01 | DEBUG    | portfolio.optimizer:116 | Optimizer: Positive directional derivative for linesearch — falling back to equal-weight
2026-04-28 16:48:01 | DEBUG    | portfolio.optimizer:116 | Optimizer: Positive directional derivative for linesearch — falling back to equal-weight
2026-04-28 16:48:01 | DEBUG    | portfolio.optimizer:116 | Optimizer: Positive directional derivative for linesearch — falling back to equal-weight
2026-04-28 16:48:01 | DEBUG    | portfolio.optimizer:116 | Optimizer: Positive directional derivative for linesearch — falling back to equal-weight
2026-04-28 16:48:01 | DEBUG    | portfolio.optimizer:116 | Optimizer: Positive directional derivative for linesearch — falling back to equal-weight
2026-04-28 16:48:01 | DEBUG    | portfolio.optimizer:116 | Optimizer: Positive directional derivative for linesearch — falling back to equal-weight
2026-04-28 16:48:01 | DEBUG    | portfolio.optimizer:116 | Optimizer: Positive directional derivative for linesearch — falling back to equal-weight
2026-04-28 16:48:01 | DEBUG    | portfolio.optimizer:116 | Optimizer: Positive directional derivative for linesearch — falling back to equal-weight
2026-04-28 16:48:01 | DEBUG    | portfolio.optimizer:116 | Optimizer: Positive directional derivative for linesearch — falling back to equal-weight
2026-04-28 16:48:01 | DEBUG    | portfolio.optimizer:116 | Optimizer: Positive directional derivative for linesearch — falling back to equal-weight
2026-04-28 16:48:01 | DEBUG    | portfolio.optimizer:116 | Optimizer: Positive directional derivative for linesearch — falling back to equal-weight
2026-04-28 16:48:01 | DEBUG    | portfolio.optimizer:116 | Optimizer: Positive directional derivative for linesearch — falling back to equal-weight
2026-04-28 16:48:01 | SUCCESS  | backtest.engine:255 | momentum: Sharpe=-1.053 | CAGR=-0.118
2026-04-28 16:48:01 | INFO     | backtest.engine:164 | Backtesting: mean_reversion
2026-04-28 16:48:05 | SUCCESS  | backtest.engine:255 | mean_reversion: Sharpe=-1.609 | CAGR=-0.1496
2026-04-28 16:48:05 | INFO     | backtest.engine:164 | Backtesting: risk_parity
2026-04-28 16:48:10 | SUCCESS  | backtest.engine:255 | risk_parity: Sharpe=0.38 | CAGR=0.031
2026-04-28 16:48:10 | INFO     | backtest.engine:164 | Backtesting: cross_sectional_momentum
2026-04-28 16:48:16 | DEBUG    | portfolio.optimizer:116 | Optimizer: Positive directional derivative for linesearch — falling back to equal-weight
2026-04-28 16:48:16 | DEBUG    | portfolio.optimizer:116 | Optimizer: Positive directional derivative for linesearch — falling back to equal-weight
2026-04-28 16:48:17 | DEBUG    | portfolio.optimizer:116 | Optimizer: Positive directional derivative for linesearch — falling back to equal-weight
2026-04-28 16:48:17 | DEBUG    | portfolio.optimizer:116 | Optimizer: Positive directional derivative for linesearch — falling back to equal-weight
2026-04-28 16:48:17 | DEBUG    | portfolio.optimizer:116 | Optimizer: Positive directional derivative for linesearch — falling back to equal-weight
2026-04-28 16:48:17 | DEBUG    | portfolio.optimizer:116 | Optimizer: Positive directional derivative for linesearch — falling back to equal-weight
2026-04-28 16:48:17 | DEBUG    | portfolio.optimizer:116 | Optimizer: Positive directional derivative for linesearch — falling back to equal-weight
2026-04-28 16:48:17 | DEBUG    | portfolio.optimizer:116 | Optimizer: Positive directional derivative for linesearch — falling back to equal-weight
2026-04-28 16:48:17 | DEBUG    | portfolio.optimizer:116 | Optimizer: Positive directional derivative for linesearch — falling back to equal-weight
2026-04-28 16:48:17 | DEBUG    | portfolio.optimizer:116 | Optimizer: Positive directional derivative for linesearch — falling back to equal-weight
2026-04-28 16:48:17 | DEBUG    | portfolio.optimizer:116 | Optimizer: Positive directional derivative for linesearch — falling back to equal-weight
2026-04-28 16:48:17 | DEBUG    | portfolio.optimizer:116 | Optimizer: Positive directional derivative for linesearch — falling back to equal-weight
2026-04-28 16:48:17 | DEBUG    | portfolio.optimizer:116 | Optimizer: Positive directional derivative for linesearch — falling back to equal-weight
2026-04-28 16:48:17 | DEBUG    | portfolio.optimizer:116 | Optimizer: Positive directional derivative for linesearch — falling back to equal-weight
2026-04-28 16:48:17 | DEBUG    | portfolio.optimizer:116 | Optimizer: Positive directional derivative for linesearch — falling back to equal-weight
2026-04-28 16:48:17 | DEBUG    | portfolio.optimizer:116 | Optimizer: Positive directional derivative for linesearch — falling back to equal-weight
2026-04-28 16:48:17 | DEBUG    | portfolio.optimizer:116 | Optimizer: Positive directional derivative for linesearch — falling back to equal-weight
2026-04-28 16:48:18 | DEBUG    | portfolio.optimizer:116 | Optimizer: Positive directional derivative for linesearch — falling back to equal-weight
2026-04-28 16:48:18 | DEBUG    | portfolio.optimizer:116 | Optimizer: Positive directional derivative for linesearch — falling back to equal-weight
2026-04-28 16:48:18 | DEBUG    | portfolio.optimizer:116 | Optimizer: Positive directional derivative for linesearch — falling back to equal-weight
2026-04-28 16:48:18 | DEBUG    | portfolio.optimizer:116 | Optimizer: Positive directional derivative for linesearch — falling back to equal-weight
2026-04-28 16:48:18 | DEBUG    | portfolio.optimizer:116 | Optimizer: Positive directional derivative for linesearch — falling back to equal-weight
2026-04-28 16:48:18 | DEBUG    | portfolio.optimizer:116 | Optimizer: Positive directional derivative for linesearch — falling back to equal-weight
2026-04-28 16:48:18 | DEBUG    | portfolio.optimizer:116 | Optimizer: Positive directional derivative for linesearch — falling back to equal-weight
2026-04-28 16:48:18 | DEBUG    | portfolio.optimizer:116 | Optimizer: Positive directional derivative for linesearch — falling back to equal-weight
2026-04-28 16:48:18 | DEBUG    | portfolio.optimizer:116 | Optimizer: Positive directional derivative for linesearch — falling back to equal-weight
2026-04-28 16:48:18 | DEBUG    | portfolio.optimizer:116 | Optimizer: Positive directional derivative for linesearch — falling back to equal-weight
2026-04-28 16:48:18 | DEBUG    | portfolio.optimizer:116 | Optimizer: Positive directional derivative for linesearch — falling back to equal-weight
2026-04-28 16:48:18 | DEBUG    | portfolio.optimizer:116 | Optimizer: Positive directional derivative for linesearch — falling back to equal-weight
2026-04-28 16:48:18 | DEBUG    | portfolio.optimizer:116 | Optimizer: Positive directional derivative for linesearch — falling back to equal-weight
2026-04-28 16:48:18 | DEBUG    | portfolio.optimizer:116 | Optimizer: Positive directional derivative for linesearch — falling back to equal-weight
2026-04-28 16:48:18 | DEBUG    | portfolio.optimizer:116 | Optimizer: Positive directional derivative for linesearch — falling back to equal-weight
2026-04-28 16:48:18 | DEBUG    | portfolio.optimizer:116 | Optimizer: Positive directional derivative for linesearch — falling back to equal-weight
2026-04-28 16:48:18 | DEBUG    | portfolio.optimizer:116 | Optimizer: Positive directional derivative for linesearch — falling back to equal-weight
2026-04-28 16:48:19 | DEBUG    | portfolio.optimizer:116 | Optimizer: Positive directional derivative for linesearch — falling back to equal-weight
2026-04-28 16:48:19 | DEBUG    | portfolio.optimizer:116 | Optimizer: Positive directional derivative for linesearch — falling back to equal-weight
2026-04-28 16:48:19 | DEBUG    | portfolio.optimizer:116 | Optimizer: Positive directional derivative for linesearch — falling back to equal-weight
2026-04-28 16:48:19 | DEBUG    | portfolio.optimizer:116 | Optimizer: Positive directional derivative for linesearch — falling back to equal-weight
2026-04-28 16:48:19 | DEBUG    | portfolio.optimizer:116 | Optimizer: Positive directional derivative for linesearch — falling back to equal-weight
2026-04-28 16:48:19 | DEBUG    | portfolio.optimizer:116 | Optimizer: Positive directional derivative for linesearch — falling back to equal-weight
2026-04-28 16:48:19 | DEBUG    | portfolio.optimizer:116 | Optimizer: Positive directional derivative for linesearch — falling back to equal-weight
2026-04-28 16:48:19 | DEBUG    | portfolio.optimizer:116 | Optimizer: Positive directional derivative for linesearch — falling back to equal-weight
2026-04-28 16:48:19 | DEBUG    | portfolio.optimizer:116 | Optimizer: Positive directional derivative for linesearch — falling back to equal-weight
2026-04-28 16:48:19 | DEBUG    | portfolio.optimizer:116 | Optimizer: Positive directional derivative for linesearch — falling back to equal-weight
2026-04-28 16:48:19 | DEBUG    | portfolio.optimizer:116 | Optimizer: Positive directional derivative for linesearch — falling back to equal-weight
2026-04-28 16:48:19 | SUCCESS  | backtest.engine:255 | cross_sectional_momentum: Sharpe=-0.772 | CAGR=-0.1033
2026-04-28 16:48:19 | INFO     | backtest.engine:164 | Backtesting: vol_breakout
2026-04-28 16:48:21 | SUCCESS  | backtest.engine:255 | vol_breakout: Sharpe=-0.602 | CAGR=-0.026
2026-04-28 16:48:21 | INFO     | backtest.engine:164 | Backtesting: pairs_trading
2026-04-28 16:48:22 | SUCCESS  | backtest.engine:255 | pairs_trading: Sharpe=-0.437 | CAGR=-0.0135
2026-04-28 16:48:22 | INFO     | backtest.engine:164 | Backtesting: ml_signal
2026-04-28 16:48:30 | SUCCESS  | backtest.engine:255 | ml_signal: Sharpe=-1.962 | CAGR=-0.2296
2026-04-28 16:48:30 | INFO     | backtest.engine:164 | Backtesting: macro_rotation
2026-04-28 16:48:34 | DEBUG    | portfolio.optimizer:116 | Optimizer: Positive directional derivative for linesearch — falling back to equal-weight
2026-04-28 16:48:34 | DEBUG    | portfolio.optimizer:116 | Optimizer: Positive directional derivative for linesearch — falling back to equal-weight
2026-04-28 16:48:34 | DEBUG    | portfolio.optimizer:116 | Optimizer: Positive directional derivative for linesearch — falling back to equal-weight
2026-04-28 16:48:35 | SUCCESS  | backtest.engine:255 | macro_rotation: Sharpe=0.707 | CAGR=0.0719
2026-04-28 16:48:35 | INFO     | backtest.engine:164 | Backtesting: carry
2026-04-28 16:48:36 | DEBUG    | portfolio.optimizer:116 | Optimizer: Positive directional derivative for linesearch — falling back to equal-weight
2026-04-28 16:48:36 | DEBUG    | portfolio.optimizer:116 | Optimizer: Positive directional derivative for linesearch — falling back to equal-weight
2026-04-28 16:48:36 | DEBUG    | portfolio.optimizer:116 | Optimizer: Positive directional derivative for linesearch — falling back to equal-weight
2026-04-28 16:48:37 | DEBUG    | portfolio.optimizer:116 | Optimizer: Positive directional derivative for linesearch — falling back to equal-weight
2026-04-28 16:48:37 | DEBUG    | portfolio.optimizer:116 | Optimizer: Positive directional derivative for linesearch — falling back to equal-weight
2026-04-28 16:48:37 | DEBUG    | portfolio.optimizer:116 | Optimizer: Positive directional derivative for linesearch — falling back to equal-weight
2026-04-28 16:48:37 | DEBUG    | portfolio.optimizer:116 | Optimizer: Positive directional derivative for linesearch — falling back to equal-weight
2026-04-28 16:48:37 | DEBUG    | portfolio.optimizer:116 | Optimizer: Positive directional derivative for linesearch — falling back to equal-weight
2026-04-28 16:48:37 | DEBUG    | portfolio.optimizer:116 | Optimizer: Positive directional derivative for linesearch — falling back to equal-weight
2026-04-28 16:48:37 | SUCCESS  | backtest.engine:255 | carry: Sharpe=-0.254 | CAGR=-0.0092
2026-04-28 16:48:37 | INFO     | backtest.engine:164 | Backtesting: sentiment
2026-04-28 16:48:38 | DEBUG    | portfolio.optimizer:116 | Optimizer: Positive directional derivative for linesearch — falling back to equal-weight
2026-04-28 16:48:40 | SUCCESS  | backtest.engine:255 | sentiment: Sharpe=-0.783 | CAGR=-0.0303
2026-04-28 16:48:40 | INFO     | __main__:107 | Step 5/6: Seasonality and regime analysis
2026-04-28 16:48:40 | INFO     | seasonality.analyzer:175 | Strategy selector: date=2026-04-28 | month=4 | regime=bear
2026-04-28 16:48:40 | INFO     | seasonality.analyzer:218 | Selected strategies: [('risk_parity', 0.5), ('cross_sectional_momentum', 0.5)]
2026-04-28 16:48:40 | INFO     | __main__:119 | Current strategy selection: [('risk_parity', 0.5), ('cross_sectional_momentum', 0.5)]
2026-04-28 16:48:40 | INFO     | __main__:122 | Step 6/6: Performance attribution
2026-04-28 16:48:40 | SUCCESS  | utils.reporting:141 | Results saved to /Users/sharonlau15/Desktop/SMU 3rd Sem/3in1Project/crypto_algo/results
2026-04-28 16:48:40 | INFO     | execution.live_engine:595 | =======================================================
2026-04-28 16:48:40 | INFO     | execution.live_engine:596 | 🚀  REAL-TIME ALGO TRADING ENGINE — BINANCE TESTNET
2026-04-28 16:48:40 | INFO     | execution.live_engine:597 | =======================================================
2026-04-28 16:48:40 | INFO     | execution.live_engine:598 |   📊 REAL DATA  |  🎮 TESTNET EXECUTION (paper money)
2026-04-28 16:48:40 | INFO     | execution.live_engine:599 |   Signal recompute : every 60 min  → places orders only if signal shifts
2026-04-28 16:48:40 | INFO     | execution.live_engine:600 |   Stop/TP monitor  : every 60s   → exits positions immediately on breach
2026-04-28 16:48:40 | INFO     | execution.live_engine:601 |   Rebalance trigger: total |Δweight| > 3%
2026-04-28 16:48:40 | INFO     | execution.live_engine:602 |   Risk management  : SL=2%  TP=3%  TrailStop=5%
2026-04-28 16:48:40 | INFO     | execution.live_engine:603 |   Universe         : 12 tokens — BTC, ETH, BNB, SOL, XRP, ADA, AVAX, DOT, LINK, MATIC, ATOM, LTC
2026-04-28 16:48:40 | INFO     | execution.live_engine:604 |   Press Ctrl+C to stop and generate final report
2026-04-28 16:48:40 | INFO     | execution.live_engine:605 | =======================================================
2026-04-28 16:48:40 | INFO     | execution.live_engine:608 | run_now=True — firing initial signal rebalance immediately...
2026-04-28 16:48:40 | INFO     | execution.live_engine:396 | =======================================================
2026-04-28 16:48:40 | INFO     | execution.live_engine:397 | Signal recompute — 2026-04-28 08:48 UTC
2026-04-28 16:48:40 | INFO     | execution.live_engine:402 | Fetching latest market data...
2026-04-28 16:48:40 | INFO     | data.ingestion:85 | Fetching BTCUSDT 1d from 2021-01-01
2026-04-28 16:48:40 | SUCCESS  | data.ingestion:105 | Cached BTCUSDT: 1944 bars → BTCUSDT_1d.parquet
2026-04-28 16:48:40 | INFO     | data.ingestion:85 | Fetching ETHUSDT 1d from 2021-01-01
2026-04-28 16:48:41 | SUCCESS  | data.ingestion:105 | Cached ETHUSDT: 1944 bars → ETHUSDT_1d.parquet
2026-04-28 16:48:41 | INFO     | data.ingestion:85 | Fetching BNBUSDT 1d from 2021-01-01
2026-04-28 16:48:41 | SUCCESS  | data.ingestion:105 | Cached BNBUSDT: 1944 bars → BNBUSDT_1d.parquet
2026-04-28 16:48:42 | INFO     | data.ingestion:85 | Fetching SOLUSDT 1d from 2021-01-01
2026-04-28 16:48:42 | SUCCESS  | data.ingestion:105 | Cached SOLUSDT: 1937 bars → SOLUSDT_1d.parquet
2026-04-28 16:48:42 | INFO     | data.ingestion:85 | Fetching XRPUSDT 1d from 2021-01-01
2026-04-28 16:48:43 | SUCCESS  | data.ingestion:105 | Cached XRPUSDT: 1944 bars → XRPUSDT_1d.parquet
2026-04-28 16:48:43 | INFO     | data.ingestion:85 | Fetching ADAUSDT 1d from 2021-01-01
2026-04-28 16:48:44 | SUCCESS  | data.ingestion:105 | Cached ADAUSDT: 1921 bars → ADAUSDT_1d.parquet
2026-04-28 16:48:44 | INFO     | data.ingestion:85 | Fetching AVAXUSDT 1d from 2021-01-01
2026-04-28 16:48:44 | SUCCESS  | data.ingestion:105 | Cached AVAXUSDT: 1854 bars → AVAXUSDT_1d.parquet
2026-04-28 16:48:44 | INFO     | data.ingestion:85 | Fetching DOTUSDT 1d from 2021-01-01
2026-04-28 16:48:45 | SUCCESS  | data.ingestion:105 | Cached DOTUSDT: 1733 bars → DOTUSDT_1d.parquet
2026-04-28 16:48:45 | INFO     | data.ingestion:85 | Fetching LINKUSDT 1d from 2021-01-01
2026-04-28 16:48:45 | SUCCESS  | data.ingestion:105 | Cached LINKUSDT: 1914 bars → LINKUSDT_1d.parquet
2026-04-28 16:48:45 | INFO     | data.ingestion:85 | Fetching MATICUSDT 1d from 2021-01-01
2026-04-28 16:48:46 | SUCCESS  | data.ingestion:105 | Cached MATICUSDT: 1331 bars → MATICUSDT_1d.parquet
2026-04-28 16:48:46 | INFO     | data.ingestion:85 | Fetching ATOMUSDT 1d from 2021-01-01
2026-04-28 16:48:46 | SUCCESS  | data.ingestion:105 | Cached ATOMUSDT: 1362 bars → ATOMUSDT_1d.parquet
2026-04-28 16:48:46 | INFO     | data.ingestion:85 | Fetching LTCUSDT 1d from 2021-01-01
2026-04-28 16:48:46 | SUCCESS  | data.ingestion:105 | Cached LTCUSDT: 1933 bars → LTCUSDT_1d.parquet
2026-04-28 16:48:47 | INFO     | data.ingestion:132 | Universe loaded: 12/12 symbols
2026-04-28 16:48:50 | INFO     | execution.live_engine:414 | Recomputing signals for 10 strategies...
2026-04-28 16:48:50 | DEBUG    | strategies.base:68 | Running strategy: momentum
2026-04-28 16:48:51 | DEBUG    | strategies.base:68 | Running strategy: mean_reversion
2026-04-28 16:48:51 | DEBUG    | strategies.base:68 | Running strategy: risk_parity
2026-04-28 16:48:51 | DEBUG    | strategies.base:68 | Running strategy: cross_sectional_momentum
2026-04-28 16:48:51 | DEBUG    | strategies.base:68 | Running strategy: vol_breakout
2026-04-28 16:48:51 | DEBUG    | strategies.base:68 | Running strategy: pairs_trading
2026-04-28 16:48:53 | DEBUG    | strategies.base:68 | Running strategy: ml_signal
2026-04-28 16:48:58 | DEBUG    | strategies.base:68 | Running strategy: macro_rotation
2026-04-28 16:48:58 | DEBUG    | strategies.base:68 | Running strategy: carry
2026-04-28 16:48:58 | DEBUG    | strategies.base:68 | Running strategy: sentiment
2026-04-28 16:48:58 | INFO     | execution.live_engine:429 | ───────────────────────────────────────────────────────
2026-04-28 16:48:58 | INFO     | execution.live_engine:430 | STRATEGY SIGNALS — latest bar
2026-04-28 16:48:58 | INFO     | execution.live_engine:443 |   🎯 momentum                 BTC=+1.00  ETH=+1.00  BNB=+1.00  MATIC=+1.00  |  Short: ADA=-1.00  AVAX=-1.00  DOT=-1.00
2026-04-28 16:48:58 | INFO     | execution.live_engine:443 |   🎯 mean_reversion           (no long signals)
2026-04-28 16:48:58 | INFO     | execution.live_engine:443 |   🎯 risk_parity              (no long signals)
2026-04-28 16:48:58 | INFO     | execution.live_engine:443 |   🎯 cross_sectional_momentum BTC=+1.00  ETH=+0.82  XRP=+0.64  BNB=+0.45  |  Short: ADA=-1.00  AVAX=-0.82  SOL=-0.64
2026-04-28 16:48:58 | INFO     | execution.live_engine:443 |   🎯 vol_breakout             (no long signals)
2026-04-28 16:48:58 | INFO     | execution.live_engine:443 |   🎯 pairs_trading            (no long signals)
2026-04-28 16:48:58 | INFO     | execution.live_engine:443 |   🎯 ml_signal                ADA=+0.18  BNB=+0.15  LINK=+0.01  |  Short: DOT=-0.78  AVAX=-0.22  ETH=-0.19
2026-04-28 16:48:58 | INFO     | execution.live_engine:443 |   🎯 macro_rotation           (no long signals)
2026-04-28 16:48:58 | INFO     | execution.live_engine:443 |   🎯 carry                    ADA=+1.00  LINK=+1.00  MATIC=+1.00  ATOM=+1.00  |  Short: BTC=-1.00  ETH=-1.00  XRP=-1.00
2026-04-28 16:48:58 | INFO     | execution.live_engine:443 |   🎯 sentiment                (no long signals)
2026-04-28 16:48:58 | INFO     | execution.live_engine:446 | ───────────────────────────────────────────────────────
2026-04-28 16:48:58 | INFO     | seasonality.analyzer:175 | Strategy selector: date=2026-04-28 | month=4 | regime=bear
2026-04-28 16:48:58 | INFO     | seasonality.analyzer:218 | Selected strategies: [('risk_parity', 0.5), ('cross_sectional_momentum', 0.5)]
2026-04-28 16:48:58 | INFO     | execution.live_engine:312 | Active strategy blend: [('risk_parity', 0.5), ('cross_sectional_momentum', 0.5)]
2026-04-28 16:48:58 | INFO     | execution.live_engine:465 | Symbol        Current   Target    Delta  Action
2026-04-28 16:48:58 | INFO     | execution.live_engine:466 | ────────────────────────────────────────────────────
2026-04-28 16:48:58 | INFO     | execution.live_engine:474 | BTCUSDT          0.0%    20.0%   +20.0%  ▲ BUY
2026-04-28 16:48:58 | INFO     | execution.live_engine:475 | ────────────────────────────────────────────────────
2026-04-28 16:48:58 | INFO     | execution.live_engine:476 | Total weight delta: 0.2000 (threshold=0.03) → ⚡ REBALANCE
2026-04-28 16:48:58 | INFO     | execution.live_engine:487 | Signal shift detected (Δ=0.2000) — placing orders...
2026-04-28 16:48:59 | INFO     | execution.live_engine:491 | Portfolio NAV: $10,000.00 USDT
2026-04-28 16:49:00 | SUCCESS  | execution.live_engine:251 | 📝 [TESTNET ORDER] BUY 0.026040 BTCUSDT @ $76,792.26 | Δw=+20.0% | Cost=$1,999.67 | orderId=10449588
2026-04-28 16:49:00 | INFO     | execution.live_engine:268 |    ↳ Entry=$76,792.26 | Stop Loss=$75,256.41 (-2%) | Take Profit=$79,096.03 (+3%)
2026-04-28 16:49:00 | SUCCESS  | execution.live_engine:504 | Rebalance complete. NAV=$10,000.00
2026-04-28 16:49:41 | INFO     | execution.live_engine:364 | 📈 [08:49:41 UTC] NAV=$10,000.74 | Cash=$8,000.33 | Positions=1 | P&L=+0.74 (+0.01%)
2026-04-28 16:49:41 | INFO     | execution.live_engine:377 |    BTCUSDT      0.026040 | entry=$76,792.26 | now=$76,820.53 | P&L=+0.74 (+0.04%) | SL=$75,256.41 | TP=$79,096.03
2026-04-28 16:50:41 | INFO     | execution.live_engine:364 | 📈 [08:50:41 UTC] NAV=$9,999.09 | Cash=$8,000.33 | Positions=1 | P&L=-0.91 (-0.01%)
2026-04-28 16:50:41 | INFO     | execution.live_engine:377 |    BTCUSDT      0.026040 | entry=$76,792.26 | now=$76,757.49 | P&L=-0.91 (-0.05%) | SL=$75,256.41 | TP=$79,096.03
2026-04-28 16:51:41 | INFO     | execution.live_engine:364 | 📈 [08:51:41 UTC] NAV=$9,999.09 | Cash=$8,000.33 | Positions=1 | P&L=-0.91 (-0.01%)
2026-04-28 16:51:41 | INFO     | execution.live_engine:377 |    BTCUSDT      0.026040 | entry=$76,792.26 | now=$76,757.44 | P&L=-0.91 (-0.05%) | SL=$75,256.41 | TP=$79,096.03
2026-04-28 16:52:41 | INFO     | execution.live_engine:364 | 📈 [08:52:41 UTC] NAV=$9,999.72 | Cash=$8,000.33 | Positions=1 | P&L=-0.28 (-0.00%)
2026-04-28 16:52:41 | INFO     | execution.live_engine:377 |    BTCUSDT      0.026040 | entry=$76,792.26 | now=$76,781.52 | P&L=-0.28 (-0.01%) | SL=$75,256.41 | TP=$79,096.03
2026-04-28 16:53:41 | INFO     | execution.live_engine:364 | 📈 [08:53:41 UTC] NAV=$9,999.97 | Cash=$8,000.33 | Positions=1 | P&L=-0.03 (-0.00%)
2026-04-28 16:53:41 | INFO     | execution.live_engine:377 |    BTCUSDT      0.026040 | entry=$76,792.26 | now=$76,790.92 | P&L=-0.03 (-0.00%) | SL=$75,256.41 | TP=$79,096.03
2026-04-28 16:54:41 | INFO     | execution.live_engine:364 | 📈 [08:54:41 UTC] NAV=$10,000.11 | Cash=$8,000.33 | Positions=1 | P&L=+0.11 (+0.00%)
2026-04-28 16:54:41 | INFO     | execution.live_engine:377 |    BTCUSDT      0.026040 | entry=$76,792.26 | now=$76,796.36 | P&L=+0.11 (+0.01%) | SL=$75,256.41 | TP=$79,096.03
2026-04-28 16:55:41 | INFO     | execution.live_engine:364 | 📈 [08:55:41 UTC] NAV=$10,000.22 | Cash=$8,000.33 | Positions=1 | P&L=+0.22 (+0.00%)
2026-04-28 16:55:41 | INFO     | execution.live_engine:377 |    BTCUSDT      0.026040 | entry=$76,792.26 | now=$76,800.87 | P&L=+0.22 (+0.01%) | SL=$75,256.41 | TP=$79,096.03
2026-04-28 16:56:41 | INFO     | execution.live_engine:364 | 📈 [08:56:41 UTC] NAV=$10,000.73 | Cash=$8,000.33 | Positions=1 | P&L=+0.73 (+0.01%)
2026-04-28 16:56:41 | INFO     | execution.live_engine:377 |    BTCUSDT      0.026040 | entry=$76,792.26 | now=$76,820.15 | P&L=+0.73 (+0.04%) | SL=$75,256.41 | TP=$79,096.03
2026-04-28 16:57:41 | INFO     | execution.live_engine:364 | 📈 [08:57:41 UTC] NAV=$10,000.89 | Cash=$8,000.33 | Positions=1 | P&L=+0.89 (+0.01%)
2026-04-28 16:57:41 | INFO     | execution.live_engine:377 |    BTCUSDT      0.026040 | entry=$76,792.26 | now=$76,826.53 | P&L=+0.89 (+0.04%) | SL=$75,256.41 | TP=$79,096.03
2026-04-28 16:58:41 | INFO     | execution.live_engine:364 | 📈 [08:58:41 UTC] NAV=$10,001.77 | Cash=$8,000.33 | Positions=1 | P&L=+1.77 (+0.02%)
2026-04-28 16:58:41 | INFO     | execution.live_engine:377 |    BTCUSDT      0.026040 | entry=$76,792.26 | now=$76,860.35 | P&L=+1.77 (+0.09%) | SL=$75,256.41 | TP=$79,096.03
2026-04-28 16:59:41 | INFO     | execution.live_engine:364 | 📈 [08:59:41 UTC] NAV=$10,001.37 | Cash=$8,000.33 | Positions=1 | P&L=+1.37 (+0.01%)
2026-04-28 16:59:41 | INFO     | execution.live_engine:377 |    BTCUSDT      0.026040 | entry=$76,792.26 | now=$76,844.96 | P&L=+1.37 (+0.07%) | SL=$75,256.41 | TP=$79,096.03
2026-04-28 17:00:41 | INFO     | execution.live_engine:364 | 📈 [09:00:41 UTC] NAV=$10,001.23 | Cash=$8,000.33 | Positions=1 | P&L=+1.23 (+0.01%)
2026-04-28 17:00:41 | INFO     | execution.live_engine:377 |    BTCUSDT      0.026040 | entry=$76,792.26 | now=$76,839.64 | P&L=+1.23 (+0.06%) | SL=$75,256.41 | TP=$79,096.03
2026-04-28 17:01:41 | INFO     | execution.live_engine:364 | 📈 [09:01:41 UTC] NAV=$10,000.99 | Cash=$8,000.33 | Positions=1 | P&L=+0.99 (+0.01%)
2026-04-28 17:01:41 | INFO     | execution.live_engine:377 |    BTCUSDT      0.026040 | entry=$76,792.26 | now=$76,830.36 | P&L=+0.99 (+0.05%) | SL=$75,256.41 | TP=$79,096.03
2026-04-28 17:02:05 | INFO     | execution.live_engine:615 | 
Graceful shutdown initiated...
2026-04-28 17:02:05 | INFO     | execution.live_engine:517 | 
=======================================================
2026-04-28 17:02:05 | INFO     | execution.live_engine:518 | FINAL REPORT — Live Trading Session
2026-04-28 17:02:05 | INFO     | execution.live_engine:519 | =======================================================
2026-04-28 17:02:05 | INFO     | execution.live_engine:520 | Cash remaining: $8,000.33 USDT
2026-04-28 17:02:05 | INFO     | execution.live_engine:523 | Open positions (1):
2026-04-28 17:02:05 | INFO     | execution.live_engine:525 |   BTCUSDT: 0.026040
2026-04-28 17:02:05 | INFO     | execution.live_engine:528 | Total trades executed: 1
2026-04-28 17:02:05 | INFO     | execution.live_engine:537 | Start NAV: $10,000.00  End NAV: $10,000.00  Return: +0.00%
2026-04-28 17:02:05 | SUCCESS  | execution.live_engine:541 | NAV history → /Users/sharonlau15/Desktop/SMU 3rd Sem/3in1Project/crypto_algo/results/nav_history_export.csv
2026-04-28 17:02:05 | SUCCESS  | execution.live_engine:547 | Trade log   → /Users/sharonlau15/Desktop/SMU 3rd Sem/3in1Project/crypto_algo/results/trade_log.csv
2026-04-28 17:02:05 | INFO     | execution.live_engine:549 | =======================================================
2026-04-28 17:02:05 | SUCCESS  | execution.live_engine:618 | Engine stopped.
2026-04-28 17:02:05 | INFO     | __main__:234 | ✅ Session complete.
2026-04-28 17:02:22 | INFO     | __main__:186 | Checking Binance connectivity...
2026-04-28 17:02:22 | WARNING  | __main__:195 | Starting live mode — ensure PAPER_TRADING=True in settings.py
2026-04-28 17:02:22 | INFO     | __main__:57 | ============================================================
2026-04-28 17:02:22 | INFO     | __main__:58 | QF623 Crypto Algo — Backtest Pipeline
2026-04-28 17:02:22 | INFO     | __main__:59 | ============================================================
2026-04-28 17:02:22 | INFO     | __main__:62 | Step 1/6: Loading universe data
2026-04-28 17:02:22 | DEBUG    | data.ingestion:82 | Cache hit: BTCUSDT 1d
2026-04-28 17:02:22 | DEBUG    | data.ingestion:82 | Cache hit: ETHUSDT 1d
2026-04-28 17:02:22 | DEBUG    | data.ingestion:82 | Cache hit: BNBUSDT 1d
2026-04-28 17:02:22 | DEBUG    | data.ingestion:82 | Cache hit: SOLUSDT 1d
2026-04-28 17:02:22 | DEBUG    | data.ingestion:82 | Cache hit: XRPUSDT 1d
2026-04-28 17:02:22 | DEBUG    | data.ingestion:82 | Cache hit: ADAUSDT 1d
2026-04-28 17:02:23 | DEBUG    | data.ingestion:82 | Cache hit: AVAXUSDT 1d
2026-04-28 17:02:23 | DEBUG    | data.ingestion:82 | Cache hit: DOTUSDT 1d
2026-04-28 17:02:23 | DEBUG    | data.ingestion:82 | Cache hit: LINKUSDT 1d
2026-04-28 17:02:23 | DEBUG    | data.ingestion:82 | Cache hit: MATICUSDT 1d
2026-04-28 17:02:23 | DEBUG    | data.ingestion:82 | Cache hit: ATOMUSDT 1d
2026-04-28 17:02:23 | DEBUG    | data.ingestion:82 | Cache hit: LTCUSDT 1d
2026-04-28 17:02:23 | INFO     | data.ingestion:132 | Universe loaded: 12/12 symbols
2026-04-28 17:02:23 | INFO     | __main__:70 | Universe: ['BTCUSDT', 'ETHUSDT', 'BNBUSDT', 'SOLUSDT', 'XRPUSDT', 'ADAUSDT', 'AVAXUSDT', 'DOTUSDT', 'LINKUSDT', 'MATICUSDT', 'ATOMUSDT', 'LTCUSDT']
2026-04-28 17:02:23 | INFO     | __main__:71 | Date range: 2021-01-01 → 2026-04-28
2026-04-28 17:02:23 | INFO     | __main__:72 | Total bars: 1944
2026-04-28 17:02:23 | INFO     | __main__:75 | Step 2/6: Loading funding rates and sentiment data
2026-04-28 17:02:27 | INFO     | __main__:80 | Step 3/6: Generating signals for all 10 strategies
2026-04-28 17:02:27 | INFO     | __main__:85 |   → momentum
2026-04-28 17:02:27 | DEBUG    | strategies.base:68 | Running strategy: momentum
2026-04-28 17:02:28 | INFO     | __main__:85 |   → mean_reversion
2026-04-28 17:02:28 | DEBUG    | strategies.base:68 | Running strategy: mean_reversion
2026-04-28 17:02:28 | INFO     | __main__:85 |   → risk_parity
2026-04-28 17:02:28 | DEBUG    | strategies.base:68 | Running strategy: risk_parity
2026-04-28 17:02:28 | INFO     | __main__:85 |   → cross_sectional_momentum
2026-04-28 17:02:28 | DEBUG    | strategies.base:68 | Running strategy: cross_sectional_momentum
2026-04-28 17:02:28 | INFO     | __main__:85 |   → vol_breakout
2026-04-28 17:02:28 | DEBUG    | strategies.base:68 | Running strategy: vol_breakout
2026-04-28 17:02:28 | INFO     | __main__:85 |   → pairs_trading
2026-04-28 17:02:28 | DEBUG    | strategies.base:68 | Running strategy: pairs_trading
2026-04-28 17:02:30 | INFO     | __main__:85 |   → ml_signal
2026-04-28 17:02:30 | DEBUG    | strategies.base:68 | Running strategy: ml_signal
2026-04-28 17:02:35 | INFO     | __main__:85 |   → macro_rotation
2026-04-28 17:02:35 | DEBUG    | strategies.base:68 | Running strategy: macro_rotation
2026-04-28 17:02:35 | INFO     | __main__:85 |   → carry
2026-04-28 17:02:35 | DEBUG    | strategies.base:68 | Running strategy: carry
2026-04-28 17:02:35 | INFO     | __main__:85 |   → sentiment
2026-04-28 17:02:35 | DEBUG    | strategies.base:68 | Running strategy: sentiment
2026-04-28 17:02:35 | INFO     | __main__:97 | Step 4/6: Running walk-forward backtests
2026-04-28 17:02:35 | INFO     | backtest.engine:164 | Backtesting: momentum
2026-04-28 17:02:42 | DEBUG    | portfolio.optimizer:116 | Optimizer: Positive directional derivative for linesearch — falling back to equal-weight
2026-04-28 17:02:42 | DEBUG    | portfolio.optimizer:116 | Optimizer: Positive directional derivative for linesearch — falling back to equal-weight
2026-04-28 17:02:42 | DEBUG    | portfolio.optimizer:116 | Optimizer: Positive directional derivative for linesearch — falling back to equal-weight
2026-04-28 17:02:42 | DEBUG    | portfolio.optimizer:116 | Optimizer: Positive directional derivative for linesearch — falling back to equal-weight
2026-04-28 17:02:42 | DEBUG    | portfolio.optimizer:116 | Optimizer: Positive directional derivative for linesearch — falling back to equal-weight
2026-04-28 17:02:43 | DEBUG    | portfolio.optimizer:116 | Optimizer: Positive directional derivative for linesearch — falling back to equal-weight
2026-04-28 17:02:43 | DEBUG    | portfolio.optimizer:116 | Optimizer: Positive directional derivative for linesearch — falling back to equal-weight
2026-04-28 17:02:43 | DEBUG    | portfolio.optimizer:116 | Optimizer: Positive directional derivative for linesearch — falling back to equal-weight
2026-04-28 17:02:43 | DEBUG    | portfolio.optimizer:116 | Optimizer: Positive directional derivative for linesearch — falling back to equal-weight
2026-04-28 17:02:43 | DEBUG    | portfolio.optimizer:116 | Optimizer: Positive directional derivative for linesearch — falling back to equal-weight
2026-04-28 17:02:43 | DEBUG    | portfolio.optimizer:116 | Optimizer: Positive directional derivative for linesearch — falling back to equal-weight
2026-04-28 17:02:43 | DEBUG    | portfolio.optimizer:116 | Optimizer: Positive directional derivative for linesearch — falling back to equal-weight
2026-04-28 17:02:44 | DEBUG    | portfolio.optimizer:116 | Optimizer: Positive directional derivative for linesearch — falling back to equal-weight
2026-04-28 17:02:44 | DEBUG    | portfolio.optimizer:116 | Optimizer: Positive directional derivative for linesearch — falling back to equal-weight
2026-04-28 17:02:44 | DEBUG    | portfolio.optimizer:116 | Optimizer: Positive directional derivative for linesearch — falling back to equal-weight
2026-04-28 17:02:44 | DEBUG    | portfolio.optimizer:116 | Optimizer: Positive directional derivative for linesearch — falling back to equal-weight
2026-04-28 17:02:44 | DEBUG    | portfolio.optimizer:116 | Optimizer: Positive directional derivative for linesearch — falling back to equal-weight
2026-04-28 17:02:44 | DEBUG    | portfolio.optimizer:116 | Optimizer: Positive directional derivative for linesearch — falling back to equal-weight
2026-04-28 17:02:44 | DEBUG    | portfolio.optimizer:116 | Optimizer: Positive directional derivative for linesearch — falling back to equal-weight
2026-04-28 17:02:44 | DEBUG    | portfolio.optimizer:116 | Optimizer: Positive directional derivative for linesearch — falling back to equal-weight
2026-04-28 17:02:44 | DEBUG    | portfolio.optimizer:116 | Optimizer: Positive directional derivative for linesearch — falling back to equal-weight
2026-04-28 17:02:44 | DEBUG    | portfolio.optimizer:116 | Optimizer: Positive directional derivative for linesearch — falling back to equal-weight
2026-04-28 17:02:44 | SUCCESS  | backtest.engine:255 | momentum: Sharpe=-1.054 | CAGR=-0.118
2026-04-28 17:02:44 | INFO     | backtest.engine:164 | Backtesting: mean_reversion
2026-04-28 17:02:48 | SUCCESS  | backtest.engine:255 | mean_reversion: Sharpe=-1.609 | CAGR=-0.1496
2026-04-28 17:02:48 | INFO     | backtest.engine:164 | Backtesting: risk_parity
2026-04-28 17:02:53 | SUCCESS  | backtest.engine:255 | risk_parity: Sharpe=0.38 | CAGR=0.031
2026-04-28 17:02:53 | INFO     | backtest.engine:164 | Backtesting: cross_sectional_momentum
2026-04-28 17:02:59 | DEBUG    | portfolio.optimizer:116 | Optimizer: Positive directional derivative for linesearch — falling back to equal-weight
2026-04-28 17:02:59 | DEBUG    | portfolio.optimizer:116 | Optimizer: Positive directional derivative for linesearch — falling back to equal-weight
2026-04-28 17:02:59 | DEBUG    | portfolio.optimizer:116 | Optimizer: Positive directional derivative for linesearch — falling back to equal-weight
2026-04-28 17:02:59 | DEBUG    | portfolio.optimizer:116 | Optimizer: Positive directional derivative for linesearch — falling back to equal-weight
2026-04-28 17:02:59 | DEBUG    | portfolio.optimizer:116 | Optimizer: Positive directional derivative for linesearch — falling back to equal-weight
2026-04-28 17:02:59 | DEBUG    | portfolio.optimizer:116 | Optimizer: Positive directional derivative for linesearch — falling back to equal-weight
2026-04-28 17:03:00 | DEBUG    | portfolio.optimizer:116 | Optimizer: Positive directional derivative for linesearch — falling back to equal-weight
2026-04-28 17:03:00 | DEBUG    | portfolio.optimizer:116 | Optimizer: Positive directional derivative for linesearch — falling back to equal-weight
2026-04-28 17:03:00 | DEBUG    | portfolio.optimizer:116 | Optimizer: Positive directional derivative for linesearch — falling back to equal-weight
2026-04-28 17:03:00 | DEBUG    | portfolio.optimizer:116 | Optimizer: Positive directional derivative for linesearch — falling back to equal-weight
2026-04-28 17:03:00 | DEBUG    | portfolio.optimizer:116 | Optimizer: Positive directional derivative for linesearch — falling back to equal-weight
2026-04-28 17:03:00 | DEBUG    | portfolio.optimizer:116 | Optimizer: Positive directional derivative for linesearch — falling back to equal-weight
2026-04-28 17:03:00 | DEBUG    | portfolio.optimizer:116 | Optimizer: Positive directional derivative for linesearch — falling back to equal-weight
2026-04-28 17:03:00 | DEBUG    | portfolio.optimizer:116 | Optimizer: Positive directional derivative for linesearch — falling back to equal-weight
2026-04-28 17:03:00 | DEBUG    | portfolio.optimizer:116 | Optimizer: Positive directional derivative for linesearch — falling back to equal-weight
2026-04-28 17:03:00 | DEBUG    | portfolio.optimizer:116 | Optimizer: Positive directional derivative for linesearch — falling back to equal-weight
2026-04-28 17:03:00 | DEBUG    | portfolio.optimizer:116 | Optimizer: Positive directional derivative for linesearch — falling back to equal-weight
2026-04-28 17:03:00 | DEBUG    | portfolio.optimizer:116 | Optimizer: Positive directional derivative for linesearch — falling back to equal-weight
2026-04-28 17:03:00 | DEBUG    | portfolio.optimizer:116 | Optimizer: Positive directional derivative for linesearch — falling back to equal-weight
2026-04-28 17:03:00 | DEBUG    | portfolio.optimizer:116 | Optimizer: Positive directional derivative for linesearch — falling back to equal-weight
2026-04-28 17:03:01 | DEBUG    | portfolio.optimizer:116 | Optimizer: Positive directional derivative for linesearch — falling back to equal-weight
2026-04-28 17:03:01 | DEBUG    | portfolio.optimizer:116 | Optimizer: Positive directional derivative for linesearch — falling back to equal-weight
2026-04-28 17:03:01 | DEBUG    | portfolio.optimizer:116 | Optimizer: Positive directional derivative for linesearch — falling back to equal-weight
2026-04-28 17:03:01 | DEBUG    | portfolio.optimizer:116 | Optimizer: Positive directional derivative for linesearch — falling back to equal-weight
2026-04-28 17:03:01 | DEBUG    | portfolio.optimizer:116 | Optimizer: Positive directional derivative for linesearch — falling back to equal-weight
2026-04-28 17:03:01 | DEBUG    | portfolio.optimizer:116 | Optimizer: Positive directional derivative for linesearch — falling back to equal-weight
2026-04-28 17:03:01 | DEBUG    | portfolio.optimizer:116 | Optimizer: Positive directional derivative for linesearch — falling back to equal-weight
2026-04-28 17:03:01 | DEBUG    | portfolio.optimizer:116 | Optimizer: Positive directional derivative for linesearch — falling back to equal-weight
2026-04-28 17:03:01 | DEBUG    | portfolio.optimizer:116 | Optimizer: Positive directional derivative for linesearch — falling back to equal-weight
2026-04-28 17:03:01 | DEBUG    | portfolio.optimizer:116 | Optimizer: Positive directional derivative for linesearch — falling back to equal-weight
2026-04-28 17:03:01 | DEBUG    | portfolio.optimizer:116 | Optimizer: Positive directional derivative for linesearch — falling back to equal-weight
2026-04-28 17:03:01 | DEBUG    | portfolio.optimizer:116 | Optimizer: Positive directional derivative for linesearch — falling back to equal-weight
2026-04-28 17:03:01 | DEBUG    | portfolio.optimizer:116 | Optimizer: Positive directional derivative for linesearch — falling back to equal-weight
2026-04-28 17:03:01 | DEBUG    | portfolio.optimizer:116 | Optimizer: Positive directional derivative for linesearch — falling back to equal-weight
2026-04-28 17:03:01 | DEBUG    | portfolio.optimizer:116 | Optimizer: Positive directional derivative for linesearch — falling back to equal-weight
2026-04-28 17:03:01 | DEBUG    | portfolio.optimizer:116 | Optimizer: Positive directional derivative for linesearch — falling back to equal-weight
2026-04-28 17:03:02 | DEBUG    | portfolio.optimizer:116 | Optimizer: Positive directional derivative for linesearch — falling back to equal-weight
2026-04-28 17:03:02 | DEBUG    | portfolio.optimizer:116 | Optimizer: Positive directional derivative for linesearch — falling back to equal-weight
2026-04-28 17:03:02 | DEBUG    | portfolio.optimizer:116 | Optimizer: Positive directional derivative for linesearch — falling back to equal-weight
2026-04-28 17:03:02 | DEBUG    | portfolio.optimizer:116 | Optimizer: Positive directional derivative for linesearch — falling back to equal-weight
2026-04-28 17:03:02 | DEBUG    | portfolio.optimizer:116 | Optimizer: Positive directional derivative for linesearch — falling back to equal-weight
2026-04-28 17:03:02 | DEBUG    | portfolio.optimizer:116 | Optimizer: Positive directional derivative for linesearch — falling back to equal-weight
2026-04-28 17:03:02 | DEBUG    | portfolio.optimizer:116 | Optimizer: Positive directional derivative for linesearch — falling back to equal-weight
2026-04-28 17:03:02 | DEBUG    | portfolio.optimizer:116 | Optimizer: Positive directional derivative for linesearch — falling back to equal-weight
2026-04-28 17:03:02 | DEBUG    | portfolio.optimizer:116 | Optimizer: Positive directional derivative for linesearch — falling back to equal-weight
2026-04-28 17:03:02 | SUCCESS  | backtest.engine:255 | cross_sectional_momentum: Sharpe=-0.772 | CAGR=-0.1034
2026-04-28 17:03:02 | INFO     | backtest.engine:164 | Backtesting: vol_breakout
2026-04-28 17:03:04 | SUCCESS  | backtest.engine:255 | vol_breakout: Sharpe=-0.602 | CAGR=-0.026
2026-04-28 17:03:04 | INFO     | backtest.engine:164 | Backtesting: pairs_trading
2026-04-28 17:03:05 | SUCCESS  | backtest.engine:255 | pairs_trading: Sharpe=-0.437 | CAGR=-0.0136
2026-04-28 17:03:05 | INFO     | backtest.engine:164 | Backtesting: ml_signal
2026-04-28 17:03:13 | SUCCESS  | backtest.engine:255 | ml_signal: Sharpe=-1.961 | CAGR=-0.2295
2026-04-28 17:03:13 | INFO     | backtest.engine:164 | Backtesting: macro_rotation
2026-04-28 17:03:17 | DEBUG    | portfolio.optimizer:116 | Optimizer: Positive directional derivative for linesearch — falling back to equal-weight
2026-04-28 17:03:17 | DEBUG    | portfolio.optimizer:116 | Optimizer: Positive directional derivative for linesearch — falling back to equal-weight
2026-04-28 17:03:17 | DEBUG    | portfolio.optimizer:116 | Optimizer: Positive directional derivative for linesearch — falling back to equal-weight
2026-04-28 17:03:18 | SUCCESS  | backtest.engine:255 | macro_rotation: Sharpe=0.706 | CAGR=0.0719
2026-04-28 17:03:18 | INFO     | backtest.engine:164 | Backtesting: carry
2026-04-28 17:03:19 | DEBUG    | portfolio.optimizer:116 | Optimizer: Positive directional derivative for linesearch — falling back to equal-weight
2026-04-28 17:03:19 | DEBUG    | portfolio.optimizer:116 | Optimizer: Positive directional derivative for linesearch — falling back to equal-weight
2026-04-28 17:03:19 | DEBUG    | portfolio.optimizer:116 | Optimizer: Positive directional derivative for linesearch — falling back to equal-weight
2026-04-28 17:03:19 | DEBUG    | portfolio.optimizer:116 | Optimizer: Positive directional derivative for linesearch — falling back to equal-weight
2026-04-28 17:03:19 | DEBUG    | portfolio.optimizer:116 | Optimizer: Positive directional derivative for linesearch — falling back to equal-weight
2026-04-28 17:03:20 | DEBUG    | portfolio.optimizer:116 | Optimizer: Positive directional derivative for linesearch — falling back to equal-weight
2026-04-28 17:03:20 | DEBUG    | portfolio.optimizer:116 | Optimizer: Positive directional derivative for linesearch — falling back to equal-weight
2026-04-28 17:03:20 | DEBUG    | portfolio.optimizer:116 | Optimizer: Positive directional derivative for linesearch — falling back to equal-weight
2026-04-28 17:03:20 | DEBUG    | portfolio.optimizer:116 | Optimizer: Positive directional derivative for linesearch — falling back to equal-weight
2026-04-28 17:03:20 | SUCCESS  | backtest.engine:255 | carry: Sharpe=-0.243 | CAGR=-0.0088
2026-04-28 17:03:20 | INFO     | backtest.engine:164 | Backtesting: sentiment
2026-04-28 17:03:21 | DEBUG    | portfolio.optimizer:116 | Optimizer: Positive directional derivative for linesearch — falling back to equal-weight
2026-04-28 17:03:23 | SUCCESS  | backtest.engine:255 | sentiment: Sharpe=-0.783 | CAGR=-0.0303
2026-04-28 17:03:23 | INFO     | __main__:107 | Step 5/6: Seasonality and regime analysis
2026-04-28 17:03:23 | INFO     | seasonality.analyzer:175 | Strategy selector: date=2026-04-28 | month=4 | regime=bear
2026-04-28 17:03:23 | INFO     | seasonality.analyzer:218 | Selected strategies: [('risk_parity', 0.5), ('cross_sectional_momentum', 0.5)]
2026-04-28 17:03:23 | INFO     | __main__:119 | Current strategy selection: [('risk_parity', 0.5), ('cross_sectional_momentum', 0.5)]
2026-04-28 17:03:23 | INFO     | __main__:122 | Step 6/6: Performance attribution
2026-04-28 17:03:23 | SUCCESS  | utils.reporting:141 | Results saved to /Users/sharonlau15/Desktop/SMU 3rd Sem/3in1Project/crypto_algo/results
2026-04-28 17:03:23 | INFO     | execution.live_engine:618 | =======================================================
2026-04-28 17:03:23 | INFO     | execution.live_engine:619 | 🚀  REAL-TIME ALGO TRADING ENGINE — BINANCE TESTNET
2026-04-28 17:03:23 | INFO     | execution.live_engine:620 | =======================================================
2026-04-28 17:03:23 | INFO     | execution.live_engine:621 |   📊 REAL DATA  |  🎮 TESTNET EXECUTION (paper money)
2026-04-28 17:03:23 | INFO     | execution.live_engine:622 |   Signal recompute : every 60 min  → places orders only if signal shifts
2026-04-28 17:03:23 | INFO     | execution.live_engine:623 |   Stop/TP monitor  : every 60s   → exits positions immediately on breach
2026-04-28 17:03:23 | INFO     | execution.live_engine:624 |   Rebalance trigger: total |Δweight| > 3%
2026-04-28 17:03:23 | INFO     | execution.live_engine:625 |   Risk management  : SL=2%  TP=3%  TrailStop=5%
2026-04-28 17:03:23 | INFO     | execution.live_engine:626 |   Universe         : 12 tokens — BTC, ETH, BNB, SOL, XRP, ADA, AVAX, DOT, LINK, MATIC, ATOM, LTC
2026-04-28 17:03:23 | INFO     | execution.live_engine:627 |   Press Ctrl+C to stop and generate final report
2026-04-28 17:03:23 | INFO     | execution.live_engine:628 | =======================================================
2026-04-28 17:03:23 | INFO     | execution.live_engine:631 | run_now=True — firing initial signal rebalance immediately...
2026-04-28 17:03:23 | INFO     | execution.live_engine:419 | =======================================================
2026-04-28 17:03:23 | INFO     | execution.live_engine:420 | Signal recompute — 2026-04-28 09:03 UTC
2026-04-28 17:03:23 | INFO     | execution.live_engine:425 | Fetching latest market data...
2026-04-28 17:03:23 | INFO     | data.ingestion:85 | Fetching BTCUSDT 1d from 2021-01-01
2026-04-28 17:03:23 | SUCCESS  | data.ingestion:105 | Cached BTCUSDT: 1944 bars → BTCUSDT_1d.parquet
2026-04-28 17:03:23 | INFO     | data.ingestion:85 | Fetching ETHUSDT 1d from 2021-01-01
2026-04-28 17:03:23 | SUCCESS  | data.ingestion:105 | Cached ETHUSDT: 1944 bars → ETHUSDT_1d.parquet
2026-04-28 17:03:24 | INFO     | data.ingestion:85 | Fetching BNBUSDT 1d from 2021-01-01
2026-04-28 17:03:24 | SUCCESS  | data.ingestion:105 | Cached BNBUSDT: 1944 bars → BNBUSDT_1d.parquet
2026-04-28 17:03:24 | INFO     | data.ingestion:85 | Fetching SOLUSDT 1d from 2021-01-01
2026-04-28 17:03:24 | SUCCESS  | data.ingestion:105 | Cached SOLUSDT: 1937 bars → SOLUSDT_1d.parquet
2026-04-28 17:03:24 | INFO     | data.ingestion:85 | Fetching XRPUSDT 1d from 2021-01-01
2026-04-28 17:03:25 | SUCCESS  | data.ingestion:105 | Cached XRPUSDT: 1944 bars → XRPUSDT_1d.parquet
2026-04-28 17:03:25 | INFO     | data.ingestion:85 | Fetching ADAUSDT 1d from 2021-01-01
2026-04-28 17:03:25 | SUCCESS  | data.ingestion:105 | Cached ADAUSDT: 1921 bars → ADAUSDT_1d.parquet
2026-04-28 17:03:25 | INFO     | data.ingestion:85 | Fetching AVAXUSDT 1d from 2021-01-01
2026-04-28 17:03:26 | SUCCESS  | data.ingestion:105 | Cached AVAXUSDT: 1854 bars → AVAXUSDT_1d.parquet
2026-04-28 17:03:26 | INFO     | data.ingestion:85 | Fetching DOTUSDT 1d from 2021-01-01
2026-04-28 17:03:26 | SUCCESS  | data.ingestion:105 | Cached DOTUSDT: 1733 bars → DOTUSDT_1d.parquet
2026-04-28 17:03:26 | INFO     | data.ingestion:85 | Fetching LINKUSDT 1d from 2021-01-01
2026-04-28 17:03:26 | SUCCESS  | data.ingestion:105 | Cached LINKUSDT: 1914 bars → LINKUSDT_1d.parquet
2026-04-28 17:03:27 | INFO     | data.ingestion:85 | Fetching MATICUSDT 1d from 2021-01-01
2026-04-28 17:03:27 | SUCCESS  | data.ingestion:105 | Cached MATICUSDT: 1331 bars → MATICUSDT_1d.parquet
2026-04-28 17:03:27 | INFO     | data.ingestion:85 | Fetching ATOMUSDT 1d from 2021-01-01
2026-04-28 17:03:28 | SUCCESS  | data.ingestion:105 | Cached ATOMUSDT: 1362 bars → ATOMUSDT_1d.parquet
2026-04-28 17:03:28 | INFO     | data.ingestion:85 | Fetching LTCUSDT 1d from 2021-01-01
2026-04-28 17:03:29 | SUCCESS  | data.ingestion:105 | Cached LTCUSDT: 1933 bars → LTCUSDT_1d.parquet
2026-04-28 17:03:29 | INFO     | data.ingestion:132 | Universe loaded: 12/12 symbols
2026-04-28 17:03:32 | INFO     | execution.live_engine:437 | Recomputing signals for 10 strategies...
2026-04-28 17:03:32 | DEBUG    | strategies.base:68 | Running strategy: momentum
2026-04-28 17:03:33 | DEBUG    | strategies.base:68 | Running strategy: mean_reversion
2026-04-28 17:03:33 | DEBUG    | strategies.base:68 | Running strategy: risk_parity
2026-04-28 17:03:33 | DEBUG    | strategies.base:68 | Running strategy: cross_sectional_momentum
2026-04-28 17:03:33 | DEBUG    | strategies.base:68 | Running strategy: vol_breakout
2026-04-28 17:03:33 | DEBUG    | strategies.base:68 | Running strategy: pairs_trading
2026-04-28 17:03:35 | DEBUG    | strategies.base:68 | Running strategy: ml_signal
2026-04-28 17:03:40 | DEBUG    | strategies.base:68 | Running strategy: macro_rotation
2026-04-28 17:03:40 | DEBUG    | strategies.base:68 | Running strategy: carry
2026-04-28 17:03:40 | DEBUG    | strategies.base:68 | Running strategy: sentiment
2026-04-28 17:03:40 | INFO     | execution.live_engine:452 | ───────────────────────────────────────────────────────
2026-04-28 17:03:40 | INFO     | execution.live_engine:453 | STRATEGY SIGNALS — latest bar
2026-04-28 17:03:40 | INFO     | execution.live_engine:466 |   🎯 momentum                 BTC=+1.00  ETH=+1.00  BNB=+1.00  MATIC=+1.00  |  Short: ADA=-1.00  AVAX=-1.00  DOT=-1.00
2026-04-28 17:03:40 | INFO     | execution.live_engine:466 |   🎯 mean_reversion           (no long signals)
2026-04-28 17:03:40 | INFO     | execution.live_engine:466 |   🎯 risk_parity              (no long signals)
2026-04-28 17:03:40 | INFO     | execution.live_engine:466 |   🎯 cross_sectional_momentum BTC=+1.00  ETH=+0.82  XRP=+0.64  BNB=+0.45  |  Short: ADA=-1.00  AVAX=-0.82  SOL=-0.64
2026-04-28 17:03:40 | INFO     | execution.live_engine:466 |   🎯 vol_breakout             (no long signals)
2026-04-28 17:03:40 | INFO     | execution.live_engine:466 |   🎯 pairs_trading            (no long signals)
2026-04-28 17:03:40 | INFO     | execution.live_engine:466 |   🎯 ml_signal                ADA=+0.18  BNB=+0.15  LINK=+0.01  |  Short: DOT=-0.78  AVAX=-0.22  ETH=-0.19
2026-04-28 17:03:40 | INFO     | execution.live_engine:466 |   🎯 macro_rotation           (no long signals)
2026-04-28 17:03:40 | INFO     | execution.live_engine:466 |   🎯 carry                    ADA=+1.00  LINK=+1.00  MATIC=+1.00  ATOM=+1.00  |  Short: BTC=-1.00  ETH=-1.00  XRP=-1.00
2026-04-28 17:03:40 | INFO     | execution.live_engine:466 |   🎯 sentiment                (no long signals)
2026-04-28 17:03:40 | INFO     | execution.live_engine:469 | ───────────────────────────────────────────────────────
2026-04-28 17:03:40 | INFO     | seasonality.analyzer:175 | Strategy selector: date=2026-04-28 | month=4 | regime=bear
2026-04-28 17:03:40 | INFO     | seasonality.analyzer:218 | Selected strategies: [('risk_parity', 0.5), ('cross_sectional_momentum', 0.5)]
2026-04-28 17:03:40 | INFO     | execution.live_engine:311 | Active strategy blend: [('risk_parity', 0.5), ('cross_sectional_momentum', 0.5)]
2026-04-28 17:03:40 | INFO     | execution.live_engine:488 | Symbol        Current   Target    Delta  Action
2026-04-28 17:03:40 | INFO     | execution.live_engine:489 | ────────────────────────────────────────────────────
2026-04-28 17:03:40 | INFO     | execution.live_engine:497 | BTCUSDT         20.0%    20.0%    +0.0%  · hold
2026-04-28 17:03:40 | INFO     | execution.live_engine:497 | ETHUSDT          0.0%    20.0%   +20.0%  ▲ BUY
2026-04-28 17:03:40 | INFO     | execution.live_engine:497 | BNBUSDT          0.0%    20.0%   +20.0%  ▲ BUY
2026-04-28 17:03:40 | INFO     | execution.live_engine:497 | XRPUSDT          0.0%    20.0%   +20.0%  ▲ BUY
2026-04-28 17:03:40 | INFO     | execution.live_engine:497 | DOTUSDT          0.0%    15.0%   +15.0%  ▲ BUY
2026-04-28 17:03:40 | INFO     | execution.live_engine:497 | LINKUSDT         0.0%     5.0%    +5.0%  ▲ BUY
2026-04-28 17:03:40 | INFO     | execution.live_engine:498 | ────────────────────────────────────────────────────
2026-04-28 17:03:40 | INFO     | execution.live_engine:499 | Total weight delta: 0.8000 (threshold=0.03) → ⚡ REBALANCE
2026-04-28 17:03:40 | INFO     | execution.live_engine:510 | Signal shift detected (Δ=0.8000) — placing orders...
2026-04-28 17:03:42 | INFO     | execution.live_engine:514 | Portfolio NAV: $10,000.07 USDT
2026-04-28 17:03:42 | SUCCESS  | execution.live_engine:251 | 📝 [TESTNET ORDER] BUY 0.875200 ETHUSDT @ $2,285.15 | Δw=+20.0% | Cost=$1,999.96 | orderId=5506067
2026-04-28 17:03:42 | INFO     | execution.live_engine:268 |    ↳ Entry=$2,285.15 | Stop Loss=$2,239.45 (-2%) | Take Profit=$2,353.70 (+3%)
2026-04-28 17:03:42 | SUCCESS  | execution.live_engine:251 | 📝 [TESTNET ORDER] BUY 3.205000 BNBUSDT @ $623.95 | Δw=+20.0% | Cost=$1,999.76 | orderId=3429573
2026-04-28 17:03:42 | INFO     | execution.live_engine:268 |    ↳ Entry=$623.95 | Stop Loss=$611.47 (-2%) | Take Profit=$642.67 (+3%)
2026-04-28 17:03:42 | ERROR    | execution.live_engine:297 | Order failed XRPUSDT: APIError(code=-2010): Account has insufficient balance for requested action.
2026-04-28 17:03:42 | ERROR    | execution.live_engine:297 | Order failed DOTUSDT: APIError(code=-2010): Account has insufficient balance for requested action.
2026-04-28 17:03:43 | ERROR    | execution.live_engine:297 | Order failed LINKUSDT: APIError(code=-2010): Account has insufficient balance for requested action.
2026-04-28 17:03:43 | SUCCESS  | execution.live_engine:527 | Rebalance complete. NAV=$10,000.07
2026-04-28 17:04:24 | INFO     | execution.live_engine:387 | 📈 [09:04:24 UTC] NAV=$10,001.50 | Cash=$4,000.61 | Positions=3 | P&L=+1.50 (+0.01%)
2026-04-28 17:04:24 | INFO     | execution.live_engine:400 |    BTCUSDT      0.026040 | entry=$76,792.26 | now=$76,811.51 | P&L=+0.50 (+0.03%) | SL=$75,256.41 | TP=$79,096.03
2026-04-28 17:04:24 | INFO     | execution.live_engine:400 |    ETHUSDT      0.875200 | entry=$2,285.15 | now=$2,285.52 | P&L=+0.32 (+0.02%) | SL=$2,239.45 | TP=$2,353.70
2026-04-28 17:04:24 | INFO     | execution.live_engine:400 |    BNBUSDT      3.205000 | entry=$623.95 | now=$624.16 | P&L=+0.67 (+0.03%) | SL=$611.47 | TP=$642.67
2026-04-28 17:05:24 | INFO     | execution.live_engine:387 | 📈 [09:05:24 UTC] NAV=$10,002.19 | Cash=$4,000.61 | Positions=3 | P&L=+2.19 (+0.02%)
2026-04-28 17:05:24 | INFO     | execution.live_engine:400 |    BTCUSDT      0.026040 | entry=$76,792.26 | now=$76,805.69 | P&L=+0.35 (+0.02%) | SL=$75,256.41 | TP=$79,096.03
2026-04-28 17:05:24 | INFO     | execution.live_engine:400 |    ETHUSDT      0.875200 | entry=$2,285.15 | now=$2,285.57 | P&L=+0.37 (+0.02%) | SL=$2,239.45 | TP=$2,353.70
2026-04-28 17:05:24 | INFO     | execution.live_engine:400 |    BNBUSDT      3.205000 | entry=$623.95 | now=$624.41 | P&L=+1.47 (+0.07%) | SL=$611.47 | TP=$642.67
2026-04-28 17:06:24 | INFO     | execution.live_engine:387 | 📈 [09:06:24 UTC] NAV=$10,001.90 | Cash=$4,000.61 | Positions=3 | P&L=+1.90 (+0.02%)
2026-04-28 17:06:24 | INFO     | execution.live_engine:400 |    BTCUSDT      0.026040 | entry=$76,792.26 | now=$76,806.87 | P&L=+0.38 (+0.02%) | SL=$75,256.41 | TP=$79,096.03
2026-04-28 17:06:24 | INFO     | execution.live_engine:400 |    ETHUSDT      0.875200 | entry=$2,285.15 | now=$2,285.46 | P&L=+0.27 (+0.01%) | SL=$2,239.45 | TP=$2,353.70
2026-04-28 17:06:24 | INFO     | execution.live_engine:400 |    BNBUSDT      3.205000 | entry=$623.95 | now=$624.34 | P&L=+1.25 (+0.06%) | SL=$611.47 | TP=$642.67
2026-04-28 17:07:24 | INFO     | execution.live_engine:387 | 📈 [09:07:24 UTC] NAV=$10,002.51 | Cash=$4,000.61 | Positions=3 | P&L=+2.51 (+0.03%)
2026-04-28 17:07:24 | INFO     | execution.live_engine:400 |    BTCUSDT      0.026040 | entry=$76,792.26 | now=$76,826.14 | P&L=+0.88 (+0.04%) | SL=$75,256.41 | TP=$79,096.03
2026-04-28 17:07:24 | INFO     | execution.live_engine:400 |    ETHUSDT      0.875200 | entry=$2,285.15 | now=$2,285.33 | P&L=+0.16 (+0.01%) | SL=$2,239.45 | TP=$2,353.70
2026-04-28 17:07:24 | INFO     | execution.live_engine:400 |    BNBUSDT      3.205000 | entry=$623.95 | now=$624.41 | P&L=+1.47 (+0.07%) | SL=$611.47 | TP=$642.67
2026-04-28 17:08:24 | INFO     | execution.live_engine:387 | 📈 [09:08:24 UTC] NAV=$10,002.85 | Cash=$4,000.61 | Positions=3 | P&L=+2.85 (+0.03%)
2026-04-28 17:08:24 | INFO     | execution.live_engine:400 |    BTCUSDT      0.026040 | entry=$76,792.26 | now=$76,834.88 | P&L=+1.11 (+0.06%) | SL=$75,256.41 | TP=$79,096.03
2026-04-28 17:08:24 | INFO     | execution.live_engine:400 |    ETHUSDT      0.875200 | entry=$2,285.15 | now=$2,285.23 | P&L=+0.07 (+0.00%) | SL=$2,239.45 | TP=$2,353.70
2026-04-28 17:08:24 | INFO     | execution.live_engine:400 |    BNBUSDT      3.205000 | entry=$623.95 | now=$624.47 | P&L=+1.67 (+0.08%) | SL=$611.47 | TP=$642.67
2026-04-28 17:09:24 | INFO     | execution.live_engine:387 | 📈 [09:09:24 UTC] NAV=$10,004.97 | Cash=$4,000.61 | Positions=3 | P&L=+4.97 (+0.05%)
2026-04-28 17:09:24 | INFO     | execution.live_engine:400 |    BTCUSDT      0.026040 | entry=$76,792.26 | now=$76,849.99 | P&L=+1.50 (+0.08%) | SL=$75,256.41 | TP=$79,096.03
2026-04-28 17:09:24 | INFO     | execution.live_engine:400 |    ETHUSDT      0.875200 | entry=$2,285.15 | now=$2,286.22 | P&L=+0.94 (+0.05%) | SL=$2,239.45 | TP=$2,353.70
2026-04-28 17:09:24 | INFO     | execution.live_engine:400 |    BNBUSDT      3.205000 | entry=$623.95 | now=$624.74 | P&L=+2.53 (+0.13%) | SL=$611.47 | TP=$642.67
2026-04-28 17:10:24 | INFO     | execution.live_engine:387 | 📈 [09:10:24 UTC] NAV=$10,005.09 | Cash=$4,000.61 | Positions=3 | P&L=+5.09 (+0.05%)
2026-04-28 17:10:24 | INFO     | execution.live_engine:400 |    BTCUSDT      0.026040 | entry=$76,792.26 | now=$76,838.91 | P&L=+1.21 (+0.06%) | SL=$75,256.41 | TP=$79,096.03
2026-04-28 17:10:24 | INFO     | execution.live_engine:400 |    ETHUSDT      0.875200 | entry=$2,285.15 | now=$2,286.39 | P&L=+1.09 (+0.05%) | SL=$2,239.45 | TP=$2,353.70
2026-04-28 17:10:24 | INFO     | execution.live_engine:400 |    BNBUSDT      3.205000 | entry=$623.95 | now=$624.82 | P&L=+2.79 (+0.14%) | SL=$611.47 | TP=$642.67
2026-04-28 17:11:24 | INFO     | execution.live_engine:387 | 📈 [09:11:24 UTC] NAV=$10,003.15 | Cash=$4,000.61 | Positions=3 | P&L=+3.15 (+0.03%)
2026-04-28 17:11:24 | INFO     | execution.live_engine:400 |    BTCUSDT      0.026040 | entry=$76,792.26 | now=$76,813.81 | P&L=+0.56 (+0.03%) | SL=$75,256.41 | TP=$79,096.03
2026-04-28 17:11:24 | INFO     | execution.live_engine:400 |    ETHUSDT      0.875200 | entry=$2,285.15 | now=$2,285.77 | P&L=+0.54 (+0.03%) | SL=$2,239.45 | TP=$2,353.70
2026-04-28 17:11:24 | INFO     | execution.live_engine:400 |    BNBUSDT      3.205000 | entry=$623.95 | now=$624.59 | P&L=+2.05 (+0.10%) | SL=$611.47 | TP=$642.67
2026-04-28 17:12:24 | INFO     | execution.live_engine:387 | 📈 [09:12:24 UTC] NAV=$10,003.02 | Cash=$4,000.61 | Positions=3 | P&L=+3.02 (+0.03%)
2026-04-28 17:12:24 | INFO     | execution.live_engine:400 |    BTCUSDT      0.026040 | entry=$76,792.26 | now=$76,813.80 | P&L=+0.56 (+0.03%) | SL=$75,256.41 | TP=$79,096.03
2026-04-28 17:12:24 | INFO     | execution.live_engine:400 |    ETHUSDT      0.875200 | entry=$2,285.15 | now=$2,285.76 | P&L=+0.53 (+0.03%) | SL=$2,239.45 | TP=$2,353.70
2026-04-28 17:12:24 | INFO     | execution.live_engine:400 |    BNBUSDT      3.205000 | entry=$623.95 | now=$624.55 | P&L=+1.92 (+0.10%) | SL=$611.47 | TP=$642.67
2026-04-28 17:13:24 | INFO     | execution.live_engine:387 | 📈 [09:13:24 UTC] NAV=$10,005.64 | Cash=$4,000.61 | Positions=3 | P&L=+5.64 (+0.06%)
2026-04-28 17:13:24 | INFO     | execution.live_engine:400 |    BTCUSDT      0.026040 | entry=$76,792.26 | now=$76,843.07 | P&L=+1.32 (+0.07%) | SL=$75,256.41 | TP=$79,096.03
2026-04-28 17:13:24 | INFO     | execution.live_engine:400 |    ETHUSDT      0.875200 | entry=$2,285.15 | now=$2,287.15 | P&L=+1.75 (+0.09%) | SL=$2,239.45 | TP=$2,353.70
2026-04-28 17:13:24 | INFO     | execution.live_engine:400 |    BNBUSDT      3.205000 | entry=$623.95 | now=$624.75 | P&L=+2.56 (+0.13%) | SL=$611.47 | TP=$642.67
2026-04-28 17:14:24 | INFO     | execution.live_engine:387 | 📈 [09:14:24 UTC] NAV=$10,005.61 | Cash=$4,000.61 | Positions=3 | P&L=+5.61 (+0.06%)
2026-04-28 17:14:24 | INFO     | execution.live_engine:400 |    BTCUSDT      0.026040 | entry=$76,792.26 | now=$76,838.39 | P&L=+1.20 (+0.06%) | SL=$75,256.41 | TP=$79,096.03
2026-04-28 17:14:24 | INFO     | execution.live_engine:400 |    ETHUSDT      0.875200 | entry=$2,285.15 | now=$2,287.26 | P&L=+1.85 (+0.09%) | SL=$2,239.45 | TP=$2,353.70
2026-04-28 17:14:24 | INFO     | execution.live_engine:400 |    BNBUSDT      3.205000 | entry=$623.95 | now=$624.75 | P&L=+2.56 (+0.13%) | SL=$611.47 | TP=$642.67
2026-04-28 17:15:24 | INFO     | execution.live_engine:387 | 📈 [09:15:24 UTC] NAV=$10,004.49 | Cash=$4,000.61 | Positions=3 | P&L=+4.49 (+0.04%)
2026-04-28 17:15:24 | INFO     | execution.live_engine:400 |    BTCUSDT      0.026040 | entry=$76,792.26 | now=$76,823.83 | P&L=+0.82 (+0.04%) | SL=$75,256.41 | TP=$79,096.03
2026-04-28 17:15:24 | INFO     | execution.live_engine:400 |    ETHUSDT      0.875200 | entry=$2,285.15 | now=$2,286.74 | P&L=+1.39 (+0.07%) | SL=$2,239.45 | TP=$2,353.70
2026-04-28 17:15:24 | INFO     | execution.live_engine:400 |    BNBUSDT      3.205000 | entry=$623.95 | now=$624.66 | P&L=+2.28 (+0.11%) | SL=$611.47 | TP=$642.67
2026-04-28 17:16:24 | INFO     | execution.live_engine:387 | 📈 [09:16:24 UTC] NAV=$10,002.79 | Cash=$4,000.61 | Positions=3 | P&L=+2.79 (+0.03%)
2026-04-28 17:16:24 | INFO     | execution.live_engine:400 |    BTCUSDT      0.026040 | entry=$76,792.26 | now=$76,808.75 | P&L=+0.43 (+0.02%) | SL=$75,256.41 | TP=$79,096.03
2026-04-28 17:16:24 | INFO     | execution.live_engine:400 |    ETHUSDT      0.875200 | entry=$2,285.15 | now=$2,286.05 | P&L=+0.79 (+0.04%) | SL=$2,239.45 | TP=$2,353.70
2026-04-28 17:16:24 | INFO     | execution.live_engine:400 |    BNBUSDT      3.205000 | entry=$623.95 | now=$624.44 | P&L=+1.57 (+0.08%) | SL=$611.47 | TP=$642.67
2026-04-28 17:17:24 | INFO     | execution.live_engine:387 | 📈 [09:17:24 UTC] NAV=$10,003.41 | Cash=$4,000.61 | Positions=3 | P&L=+3.41 (+0.03%)
2026-04-28 17:17:24 | INFO     | execution.live_engine:400 |    BTCUSDT      0.026040 | entry=$76,792.26 | now=$76,803.35 | P&L=+0.29 (+0.01%) | SL=$75,256.41 | TP=$79,096.03
2026-04-28 17:17:24 | INFO     | execution.live_engine:400 |    ETHUSDT      0.875200 | entry=$2,285.15 | now=$2,286.55 | P&L=+1.23 (+0.06%) | SL=$2,239.45 | TP=$2,353.70
2026-04-28 17:17:24 | INFO     | execution.live_engine:400 |    BNBUSDT      3.205000 | entry=$623.95 | now=$624.54 | P&L=+1.89 (+0.09%) | SL=$611.47 | TP=$642.67
2026-04-28 17:18:24 | INFO     | execution.live_engine:387 | 📈 [09:18:24 UTC] NAV=$10,003.04 | Cash=$4,000.61 | Positions=3 | P&L=+3.04 (+0.03%)
2026-04-28 17:18:24 | INFO     | execution.live_engine:400 |    BTCUSDT      0.026040 | entry=$76,792.26 | now=$76,797.80 | P&L=+0.14 (+0.01%) | SL=$75,256.41 | TP=$79,096.03
2026-04-28 17:18:24 | INFO     | execution.live_engine:400 |    ETHUSDT      0.875200 | entry=$2,285.15 | now=$2,286.63 | P&L=+1.30 (+0.06%) | SL=$2,239.45 | TP=$2,353.70
2026-04-28 17:18:24 | INFO     | execution.live_engine:400 |    BNBUSDT      3.205000 | entry=$623.95 | now=$624.45 | P&L=+1.60 (+0.08%) | SL=$611.47 | TP=$642.67
2026-04-28 17:19:24 | INFO     | execution.live_engine:387 | 📈 [09:19:24 UTC] NAV=$10,004.86 | Cash=$4,000.61 | Positions=3 | P&L=+4.86 (+0.05%)
2026-04-28 17:19:24 | INFO     | execution.live_engine:400 |    BTCUSDT      0.026040 | entry=$76,792.26 | now=$76,818.94 | P&L=+0.69 (+0.03%) | SL=$75,256.41 | TP=$79,096.03
2026-04-28 17:19:24 | INFO     | execution.live_engine:400 |    ETHUSDT      0.875200 | entry=$2,285.15 | now=$2,287.46 | P&L=+2.02 (+0.10%) | SL=$2,239.45 | TP=$2,353.70
2026-04-28 17:19:24 | INFO     | execution.live_engine:400 |    BNBUSDT      3.205000 | entry=$623.95 | now=$624.62 | P&L=+2.15 (+0.11%) | SL=$611.47 | TP=$642.67
2026-04-28 17:20:24 | INFO     | execution.live_engine:387 | 📈 [09:20:24 UTC] NAV=$10,005.50 | Cash=$4,000.61 | Positions=3 | P&L=+5.50 (+0.06%)
2026-04-28 17:20:24 | INFO     | execution.live_engine:400 |    BTCUSDT      0.026040 | entry=$76,792.26 | now=$76,824.23 | P&L=+0.83 (+0.04%) | SL=$75,256.41 | TP=$79,096.03
2026-04-28 17:20:24 | INFO     | execution.live_engine:400 |    ETHUSDT      0.875200 | entry=$2,285.15 | now=$2,288.14 | P&L=+2.62 (+0.13%) | SL=$2,239.45 | TP=$2,353.70
2026-04-28 17:20:24 | INFO     | execution.live_engine:400 |    BNBUSDT      3.205000 | entry=$623.95 | now=$624.59 | P&L=+2.05 (+0.10%) | SL=$611.47 | TP=$642.67
2026-04-28 17:21:24 | INFO     | execution.live_engine:387 | 📈 [09:21:24 UTC] NAV=$10,003.37 | Cash=$4,000.61 | Positions=3 | P&L=+3.37 (+0.03%)
2026-04-28 17:21:24 | INFO     | execution.live_engine:400 |    BTCUSDT      0.026040 | entry=$76,792.26 | now=$76,791.40 | P&L=-0.02 (-0.00%) | SL=$75,256.41 | TP=$79,096.03
2026-04-28 17:21:24 | INFO     | execution.live_engine:400 |    ETHUSDT      0.875200 | entry=$2,285.15 | now=$2,287.12 | P&L=+1.72 (+0.09%) | SL=$2,239.45 | TP=$2,353.70
2026-04-28 17:21:24 | INFO     | execution.live_engine:400 |    BNBUSDT      3.205000 | entry=$623.95 | now=$624.47 | P&L=+1.67 (+0.08%) | SL=$611.47 | TP=$642.67
2026-04-28 17:22:24 | INFO     | execution.live_engine:387 | 📈 [09:22:24 UTC] NAV=$10,003.83 | Cash=$4,000.61 | Positions=3 | P&L=+3.83 (+0.04%)
2026-04-28 17:22:24 | INFO     | execution.live_engine:400 |    BTCUSDT      0.026040 | entry=$76,792.26 | now=$76,799.65 | P&L=+0.19 (+0.01%) | SL=$75,256.41 | TP=$79,096.03
2026-04-28 17:22:24 | INFO     | execution.live_engine:400 |    ETHUSDT      0.875200 | entry=$2,285.15 | now=$2,287.29 | P&L=+1.87 (+0.09%) | SL=$2,239.45 | TP=$2,353.70
2026-04-28 17:22:24 | INFO     | execution.live_engine:400 |    BNBUSDT      3.205000 | entry=$623.95 | now=$624.50 | P&L=+1.76 (+0.09%) | SL=$611.47 | TP=$642.67
2026-04-28 17:23:24 | INFO     | execution.live_engine:387 | 📈 [09:23:24 UTC] NAV=$10,003.07 | Cash=$4,000.61 | Positions=3 | P&L=+3.07 (+0.03%)
2026-04-28 17:23:24 | INFO     | execution.live_engine:400 |    BTCUSDT      0.026040 | entry=$76,792.26 | now=$76,782.35 | P&L=-0.26 (-0.01%) | SL=$75,256.41 | TP=$79,096.03
2026-04-28 17:23:24 | INFO     | execution.live_engine:400 |    ETHUSDT      0.875200 | entry=$2,285.15 | now=$2,286.90 | P&L=+1.53 (+0.08%) | SL=$2,239.45 | TP=$2,353.70
2026-04-28 17:23:24 | INFO     | execution.live_engine:400 |    BNBUSDT      3.205000 | entry=$623.95 | now=$624.51 | P&L=+1.79 (+0.09%) | SL=$611.47 | TP=$642.67
2026-04-28 17:24:24 | INFO     | execution.live_engine:387 | 📈 [09:24:24 UTC] NAV=$10,002.35 | Cash=$4,000.61 | Positions=3 | P&L=+2.35 (+0.02%)
2026-04-28 17:24:24 | INFO     | execution.live_engine:400 |    BTCUSDT      0.026040 | entry=$76,792.26 | now=$76,776.15 | P&L=-0.42 (-0.02%) | SL=$75,256.41 | TP=$79,096.03
2026-04-28 17:24:24 | INFO     | execution.live_engine:400 |    ETHUSDT      0.875200 | entry=$2,285.15 | now=$2,286.85 | P&L=+1.49 (+0.07%) | SL=$2,239.45 | TP=$2,353.70
2026-04-28 17:24:24 | INFO     | execution.live_engine:400 |    BNBUSDT      3.205000 | entry=$623.95 | now=$624.35 | P&L=+1.28 (+0.06%) | SL=$611.47 | TP=$642.67
2026-04-28 17:25:24 | INFO     | execution.live_engine:387 | 📈 [09:25:24 UTC] NAV=$10,002.81 | Cash=$4,000.61 | Positions=3 | P&L=+2.81 (+0.03%)
2026-04-28 17:25:24 | INFO     | execution.live_engine:400 |    BTCUSDT      0.026040 | entry=$76,792.26 | now=$76,774.46 | P&L=-0.46 (-0.02%) | SL=$75,256.41 | TP=$79,096.03
2026-04-28 17:25:24 | INFO     | execution.live_engine:400 |    ETHUSDT      0.875200 | entry=$2,285.15 | now=$2,287.42 | P&L=+1.99 (+0.10%) | SL=$2,239.45 | TP=$2,353.70
2026-04-28 17:25:24 | INFO     | execution.live_engine:400 |    BNBUSDT      3.205000 | entry=$623.95 | now=$624.35 | P&L=+1.28 (+0.06%) | SL=$611.47 | TP=$642.67
2026-04-28 17:26:24 | INFO     | execution.live_engine:387 | 📈 [09:26:24 UTC] NAV=$10,001.04 | Cash=$4,000.61 | Positions=3 | P&L=+1.04 (+0.01%)
2026-04-28 17:26:24 | INFO     | execution.live_engine:400 |    BTCUSDT      0.026040 | entry=$76,792.26 | now=$76,741.16 | P&L=-1.33 (-0.07%) | SL=$75,256.41 | TP=$79,096.03
2026-04-28 17:26:24 | INFO     | execution.live_engine:400 |    ETHUSDT      0.875200 | entry=$2,285.15 | now=$2,286.80 | P&L=+1.44 (+0.07%) | SL=$2,239.45 | TP=$2,353.70
2026-04-28 17:26:24 | INFO     | execution.live_engine:400 |    BNBUSDT      3.205000 | entry=$623.95 | now=$624.24 | P&L=+0.93 (+0.05%) | SL=$611.47 | TP=$642.67
2026-04-28 17:27:24 | INFO     | execution.live_engine:387 | 📈 [09:27:24 UTC] NAV=$10,000.64 | Cash=$4,000.61 | Positions=3 | P&L=+0.64 (+0.01%)
2026-04-28 17:27:24 | INFO     | execution.live_engine:400 |    BTCUSDT      0.026040 | entry=$76,792.26 | now=$76,741.14 | P&L=-1.33 (-0.07%) | SL=$75,256.41 | TP=$79,096.03
2026-04-28 17:27:24 | INFO     | execution.live_engine:400 |    ETHUSDT      0.875200 | entry=$2,285.15 | now=$2,286.93 | P&L=+1.56 (+0.08%) | SL=$2,239.45 | TP=$2,353.70
2026-04-28 17:27:24 | INFO     | execution.live_engine:400 |    BNBUSDT      3.205000 | entry=$623.95 | now=$624.08 | P&L=+0.42 (+0.02%) | SL=$611.47 | TP=$642.67
2026-04-28 17:28:24 | INFO     | execution.live_engine:387 | 📈 [09:28:24 UTC] NAV=$10,001.69 | Cash=$4,000.61 | Positions=3 | P&L=+1.69 (+0.02%)
2026-04-28 17:28:24 | INFO     | execution.live_engine:400 |    BTCUSDT      0.026040 | entry=$76,792.26 | now=$76,761.84 | P&L=-0.79 (-0.04%) | SL=$75,256.41 | TP=$79,096.03
2026-04-28 17:28:24 | INFO     | execution.live_engine:400 |    ETHUSDT      0.875200 | entry=$2,285.15 | now=$2,287.44 | P&L=+2.00 (+0.10%) | SL=$2,239.45 | TP=$2,353.70
2026-04-28 17:28:24 | INFO     | execution.live_engine:400 |    BNBUSDT      3.205000 | entry=$623.95 | now=$624.10 | P&L=+0.48 (+0.02%) | SL=$611.47 | TP=$642.67
2026-04-28 17:29:24 | INFO     | execution.live_engine:387 | 📈 [09:29:24 UTC] NAV=$10,001.72 | Cash=$4,000.61 | Positions=3 | P&L=+1.72 (+0.02%)
2026-04-28 17:29:24 | INFO     | execution.live_engine:400 |    BTCUSDT      0.026040 | entry=$76,792.26 | now=$76,763.71 | P&L=-0.74 (-0.04%) | SL=$75,256.41 | TP=$79,096.03
2026-04-28 17:29:24 | INFO     | execution.live_engine:400 |    ETHUSDT      0.875200 | entry=$2,285.15 | now=$2,287.45 | P&L=+2.01 (+0.10%) | SL=$2,239.45 | TP=$2,353.70
2026-04-28 17:29:24 | INFO     | execution.live_engine:400 |    BNBUSDT      3.205000 | entry=$623.95 | now=$624.09 | P&L=+0.45 (+0.02%) | SL=$611.47 | TP=$642.67
2026-04-28 17:30:24 | INFO     | execution.live_engine:387 | 📈 [09:30:24 UTC] NAV=$10,001.04 | Cash=$4,000.61 | Positions=3 | P&L=+1.04 (+0.01%)
2026-04-28 17:30:24 | INFO     | execution.live_engine:400 |    BTCUSDT      0.026040 | entry=$76,792.26 | now=$76,752.81 | P&L=-1.03 (-0.05%) | SL=$75,256.41 | TP=$79,096.03
2026-04-28 17:30:24 | INFO     | execution.live_engine:400 |    ETHUSDT      0.875200 | entry=$2,285.15 | now=$2,287.44 | P&L=+2.00 (+0.10%) | SL=$2,239.45 | TP=$2,353.70
2026-04-28 17:30:24 | INFO     | execution.live_engine:400 |    BNBUSDT      3.205000 | entry=$623.95 | now=$623.97 | P&L=+0.06 (+0.00%) | SL=$611.47 | TP=$642.67
2026-04-28 17:31:24 | INFO     | execution.live_engine:387 | 📈 [09:31:24 UTC] NAV=$10,000.35 | Cash=$4,000.61 | Positions=3 | P&L=+0.35 (+0.00%)
2026-04-28 17:31:24 | INFO     | execution.live_engine:400 |    BTCUSDT      0.026040 | entry=$76,792.26 | now=$76,750.51 | P&L=-1.09 (-0.05%) | SL=$75,256.41 | TP=$79,096.03
2026-04-28 17:31:24 | INFO     | execution.live_engine:400 |    ETHUSDT      0.875200 | entry=$2,285.15 | now=$2,287.08 | P&L=+1.69 (+0.08%) | SL=$2,239.45 | TP=$2,353.70
2026-04-28 17:31:24 | INFO     | execution.live_engine:400 |    BNBUSDT      3.205000 | entry=$623.95 | now=$623.87 | P&L=-0.26 (-0.01%) | SL=$611.47 | TP=$642.67
2026-04-28 17:32:24 | INFO     | execution.live_engine:387 | 📈 [09:32:24 UTC] NAV=$9,999.09 | Cash=$4,000.61 | Positions=3 | P&L=-0.91 (-0.01%)
2026-04-28 17:32:24 | INFO     | execution.live_engine:400 |    BTCUSDT      0.026040 | entry=$76,792.26 | now=$76,747.32 | P&L=-1.17 (-0.06%) | SL=$75,256.41 | TP=$79,096.03
2026-04-28 17:32:24 | INFO     | execution.live_engine:400 |    ETHUSDT      0.875200 | entry=$2,285.15 | now=$2,286.47 | P&L=+1.16 (+0.06%) | SL=$2,239.45 | TP=$2,353.70
2026-04-28 17:32:24 | INFO     | execution.live_engine:400 |    BNBUSDT      3.205000 | entry=$623.95 | now=$623.67 | P&L=-0.90 (-0.04%) | SL=$611.47 | TP=$642.67
2026-04-28 17:33:24 | INFO     | execution.live_engine:387 | 📈 [09:33:24 UTC] NAV=$9,992.76 | Cash=$4,000.61 | Positions=3 | P&L=-7.24 (-0.07%)
2026-04-28 17:33:24 | INFO     | execution.live_engine:400 |    BTCUSDT      0.026040 | entry=$76,792.26 | now=$76,668.50 | P&L=-3.22 (-0.16%) | SL=$75,256.41 | TP=$79,096.03
2026-04-28 17:33:24 | INFO     | execution.live_engine:400 |    ETHUSDT      0.875200 | entry=$2,285.15 | now=$2,283.67 | P&L=-1.30 (-0.06%) | SL=$2,239.45 | TP=$2,353.70
2026-04-28 17:33:24 | INFO     | execution.live_engine:400 |    BNBUSDT      3.205000 | entry=$623.95 | now=$623.10 | P&L=-2.72 (-0.14%) | SL=$611.47 | TP=$642.67
2026-04-28 17:34:24 | INFO     | execution.live_engine:387 | 📈 [09:34:24 UTC] NAV=$9,995.11 | Cash=$4,000.61 | Positions=3 | P&L=-4.89 (-0.05%)
2026-04-28 17:34:24 | INFO     | execution.live_engine:400 |    BTCUSDT      0.026040 | entry=$76,792.26 | now=$76,692.92 | P&L=-2.59 (-0.13%) | SL=$75,256.41 | TP=$79,096.03
2026-04-28 17:34:24 | INFO     | execution.live_engine:400 |    ETHUSDT      0.875200 | entry=$2,285.15 | now=$2,284.83 | P&L=-0.28 (-0.01%) | SL=$2,239.45 | TP=$2,353.70
2026-04-28 17:34:24 | INFO     | execution.live_engine:400 |    BNBUSDT      3.205000 | entry=$623.95 | now=$623.32 | P&L=-2.02 (-0.10%) | SL=$611.47 | TP=$642.67
2026-04-28 17:35:24 | INFO     | execution.live_engine:387 | 📈 [09:35:24 UTC] NAV=$9,992.26 | Cash=$4,000.61 | Positions=3 | P&L=-7.74 (-0.08%)
2026-04-28 17:35:24 | INFO     | execution.live_engine:400 |    BTCUSDT      0.026040 | entry=$76,792.26 | now=$76,659.41 | P&L=-3.46 (-0.17%) | SL=$75,256.41 | TP=$79,096.03
2026-04-28 17:35:24 | INFO     | execution.live_engine:400 |    ETHUSDT      0.875200 | entry=$2,285.15 | now=$2,283.41 | P&L=-1.52 (-0.08%) | SL=$2,239.45 | TP=$2,353.70
2026-04-28 17:35:24 | INFO     | execution.live_engine:400 |    BNBUSDT      3.205000 | entry=$623.95 | now=$623.09 | P&L=-2.76 (-0.14%) | SL=$611.47 | TP=$642.67
2026-04-28 17:36:24 | INFO     | execution.live_engine:387 | 📈 [09:36:24 UTC] NAV=$9,991.15 | Cash=$4,000.61 | Positions=3 | P&L=-8.85 (-0.09%)
2026-04-28 17:36:24 | INFO     | execution.live_engine:400 |    BTCUSDT      0.026040 | entry=$76,792.26 | now=$76,637.63 | P&L=-4.03 (-0.20%) | SL=$75,256.41 | TP=$79,096.03
2026-04-28 17:36:24 | INFO     | execution.live_engine:400 |    ETHUSDT      0.875200 | entry=$2,285.15 | now=$2,283.12 | P&L=-1.78 (-0.09%) | SL=$2,239.45 | TP=$2,353.70
2026-04-28 17:36:24 | INFO     | execution.live_engine:400 |    BNBUSDT      3.205000 | entry=$623.95 | now=$623.00 | P&L=-3.04 (-0.15%) | SL=$611.47 | TP=$642.67
2026-04-28 17:37:24 | INFO     | execution.live_engine:387 | 📈 [09:37:24 UTC] NAV=$9,993.08 | Cash=$4,000.61 | Positions=3 | P&L=-6.92 (-0.07%)
2026-04-28 17:37:24 | INFO     | execution.live_engine:400 |    BTCUSDT      0.026040 | entry=$76,792.26 | now=$76,654.31 | P&L=-3.59 (-0.18%) | SL=$75,256.41 | TP=$79,096.03
2026-04-28 17:37:24 | INFO     | execution.live_engine:400 |    ETHUSDT      0.875200 | entry=$2,285.15 | now=$2,283.47 | P&L=-1.47 (-0.07%) | SL=$2,239.45 | TP=$2,353.70
2026-04-28 17:37:24 | INFO     | execution.live_engine:400 |    BNBUSDT      3.205000 | entry=$623.95 | now=$623.37 | P&L=-1.86 (-0.09%) | SL=$611.47 | TP=$642.67
2026-04-28 17:38:24 | INFO     | execution.live_engine:387 | 📈 [09:38:24 UTC] NAV=$9,994.30 | Cash=$4,000.61 | Positions=3 | P&L=-5.70 (-0.06%)
2026-04-28 17:38:24 | INFO     | execution.live_engine:400 |    BTCUSDT      0.026040 | entry=$76,792.26 | now=$76,677.46 | P&L=-2.99 (-0.15%) | SL=$75,256.41 | TP=$79,096.03
2026-04-28 17:38:24 | INFO     | execution.live_engine:400 |    ETHUSDT      0.875200 | entry=$2,285.15 | now=$2,284.14 | P&L=-0.88 (-0.04%) | SL=$2,239.45 | TP=$2,353.70
2026-04-28 17:38:24 | INFO     | execution.live_engine:400 |    BNBUSDT      3.205000 | entry=$623.95 | now=$623.38 | P&L=-1.83 (-0.09%) | SL=$611.47 | TP=$642.67
2026-04-28 17:39:24 | INFO     | execution.live_engine:387 | 📈 [09:39:24 UTC] NAV=$9,994.91 | Cash=$4,000.61 | Positions=3 | P&L=-5.09 (-0.05%)
2026-04-28 17:39:24 | INFO     | execution.live_engine:400 |    BTCUSDT      0.026040 | entry=$76,792.26 | now=$76,691.44 | P&L=-2.63 (-0.13%) | SL=$75,256.41 | TP=$79,096.03
2026-04-28 17:39:24 | INFO     | execution.live_engine:400 |    ETHUSDT      0.875200 | entry=$2,285.15 | now=$2,284.20 | P&L=-0.83 (-0.04%) | SL=$2,239.45 | TP=$2,353.70
2026-04-28 17:39:24 | INFO     | execution.live_engine:400 |    BNBUSDT      3.205000 | entry=$623.95 | now=$623.44 | P&L=-1.63 (-0.08%) | SL=$611.47 | TP=$642.67
2026-04-28 17:40:24 | INFO     | execution.live_engine:387 | 📈 [09:40:24 UTC] NAV=$9,993.74 | Cash=$4,000.61 | Positions=3 | P&L=-6.26 (-0.06%)
2026-04-28 17:40:24 | INFO     | execution.live_engine:400 |    BTCUSDT      0.026040 | entry=$76,792.26 | now=$76,675.58 | P&L=-3.04 (-0.15%) | SL=$75,256.41 | TP=$79,096.03
2026-04-28 17:40:24 | INFO     | execution.live_engine:400 |    ETHUSDT      0.875200 | entry=$2,285.15 | now=$2,284.03 | P&L=-0.98 (-0.05%) | SL=$2,239.45 | TP=$2,353.70
2026-04-28 17:40:24 | INFO     | execution.live_engine:400 |    BNBUSDT      3.205000 | entry=$623.95 | now=$623.25 | P&L=-2.24 (-0.11%) | SL=$611.47 | TP=$642.67
2026-04-28 17:41:24 | INFO     | execution.live_engine:387 | 📈 [09:41:24 UTC] NAV=$9,994.14 | Cash=$4,000.61 | Positions=3 | P&L=-5.86 (-0.06%)
2026-04-28 17:41:24 | INFO     | execution.live_engine:400 |    BTCUSDT      0.026040 | entry=$76,792.26 | now=$76,690.61 | P&L=-2.65 (-0.13%) | SL=$75,256.41 | TP=$79,096.03
2026-04-28 17:41:24 | INFO     | execution.live_engine:400 |    ETHUSDT      0.875200 | entry=$2,285.15 | now=$2,283.90 | P&L=-1.09 (-0.05%) | SL=$2,239.45 | TP=$2,353.70
2026-04-28 17:41:24 | INFO     | execution.live_engine:400 |    BNBUSDT      3.205000 | entry=$623.95 | now=$623.29 | P&L=-2.12 (-0.11%) | SL=$611.47 | TP=$642.67
2026-04-28 18:00:33 | WARNING  | execution.live_engine:105 | Price fetch failed BTCUSDT: HTTPSConnectionPool(host='api.binance.com', port=443): Read timed out. (read timeout=10)
2026-04-28 18:00:34 | INFO     | execution.live_engine:387 | 📈 [10:00:34 UTC] NAV=$7,996.66 | Cash=$4,000.61 | Positions=3 | P&L=-2003.34 (-20.03%)
2026-04-28 18:00:34 | INFO     | execution.live_engine:400 |    ETHUSDT      0.875200 | entry=$2,285.15 | now=$2,283.52 | P&L=-1.43 (-0.07%) | SL=$2,239.45 | TP=$2,353.70
2026-04-28 18:00:34 | INFO     | execution.live_engine:400 |    BNBUSDT      3.205000 | entry=$623.95 | now=$623.25 | P&L=-2.24 (-0.11%) | SL=$611.47 | TP=$642.67
2026-04-28 18:18:18 | WARNING  | execution.live_engine:105 | Price fetch failed BTCUSDT: HTTPSConnectionPool(host='api.binance.com', port=443): Read timed out. (read timeout=10)
2026-04-28 18:18:20 | INFO     | execution.live_engine:387 | 📈 [10:18:20 UTC] NAV=$7,996.33 | Cash=$4,000.61 | Positions=3 | P&L=-2003.67 (-20.04%)
2026-04-28 18:18:20 | INFO     | execution.live_engine:400 |    ETHUSDT      0.875200 | entry=$2,285.15 | now=$2,283.14 | P&L=-1.76 (-0.09%) | SL=$2,239.45 | TP=$2,353.70
2026-04-28 18:18:20 | INFO     | execution.live_engine:400 |    BNBUSDT      3.205000 | entry=$623.95 | now=$623.25 | P&L=-2.24 (-0.11%) | SL=$611.47 | TP=$642.67
2026-04-28 18:19:16 | INFO     | execution.live_engine:638 | 
Graceful shutdown initiated...
2026-04-28 18:19:16 | INFO     | execution.live_engine:540 | 
=======================================================
2026-04-28 18:19:16 | INFO     | execution.live_engine:541 | FINAL REPORT — Live Trading Session
2026-04-28 18:19:16 | INFO     | execution.live_engine:542 | =======================================================
2026-04-28 18:19:16 | INFO     | execution.live_engine:543 | Cash remaining: $4,000.61 USDT
2026-04-28 18:19:16 | INFO     | execution.live_engine:546 | Open positions (3):
2026-04-28 18:19:16 | INFO     | execution.live_engine:548 |   BTCUSDT: 0.026040
2026-04-28 18:19:16 | INFO     | execution.live_engine:548 |   ETHUSDT: 0.875200
2026-04-28 18:19:16 | INFO     | execution.live_engine:548 |   BNBUSDT: 3.205000
2026-04-28 18:19:16 | INFO     | execution.live_engine:551 | Total trades executed: 3
2026-04-28 18:19:16 | INFO     | execution.live_engine:560 | Start NAV: $10,000.00  End NAV: $10,000.07  Return: +0.00%
2026-04-28 18:19:16 | SUCCESS  | execution.live_engine:564 | NAV history → /Users/sharonlau15/Desktop/SMU 3rd Sem/3in1Project/crypto_algo/results/nav_history_export.csv
2026-04-28 18:19:16 | SUCCESS  | execution.live_engine:570 | Trade log   → /Users/sharonlau15/Desktop/SMU 3rd Sem/3in1Project/crypto_algo/results/trade_log.csv
2026-04-28 18:19:16 | INFO     | execution.live_engine:572 | =======================================================
2026-04-28 18:19:16 | SUCCESS  | execution.live_engine:641 | Engine stopped.
2026-04-28 18:19:16 | INFO     | __main__:234 | ✅ Session complete.
