date,momentum,mean_reversion,risk_parity,cross_sectional_momentum,vol_breakout,pairs_trading,ml_signal,macro_rotation,carry,sentiment
2021-09-10 00:00:00+00:00,1.000760708713712,1.0136877186006408,0.9982284291662509,0.9998815245602889,0.982044053230685,0.998083482250351,1.000760708713712,1.000146167566548,1.000760708713712,1.000760708713712
2021-09-11 00:00:00+00:00,0.9957902444185119,0.9899159569813278,0.9953949105154498,1.0127931733512192,1.0127663763751016,0.9972337855593205,0.9712036237215401,1.0004772623363127,1.0019969278000294,1.0019969278000294
2021-09-12 00:00:00+00:00,0.9944573438873288,0.9846554605047285,0.9936593764234158,1.0154505864265426,0.9865904780842905,0.9965788462199486,0.9520390236094651,1.0036588283692398,1.0008788015999106,1.0008788015999106
2021-09-13 00:00:00+00:00,0.979015894760447,0.9966943547361905,0.9989174328057475,1.006459338433766,0.9926881481391493,1.001797244046706,0.9675412914037897,1.0056958079826124,1.0014185028249407,1.0014185028249407
2021-09-14 00:00:00+00:00,0.9755476576816364,1.0053354808700274,1.0030498615896,0.9932329576657024,0.9815777538776617,0.9964212025742948,0.9656661328758774,0.9992990054940668,1.0022041229073726,1.0022041229073726
2021-09-15 00:00:00+00:00,0.9777108606887873,0.9862696392505657,1.0011946049287896,1.0076841255288889,0.9751858031331289,0.9960944152775824,0.9591262958783023,0.9966916460489001,1.0022798397882933,1.0022798397882933
2021-09-16 00:00:00+00:00,0.9784629472316878,0.9922293536566573,1.002563870891517,0.9994461070620901,0.979135899168958,1.000547886390615,0.9680466458800637,0.9969803937684195,1.0015247615254308,1.0015247615254308
2021-09-17 00:00:00+00:00,0.9817359613816079,0.9751470969460623,1.004498619804012,1.0256378747088013,0.9946461673458667,1.005160523100633,0.9541419617382227,1.0022586056037295,1.0023797282647318,1.0023797282647318
2021-09-18 00:00:00+00:00,0.9863752875311615,0.9608902321622226,1.0008678716917823,1.0335568384702634,0.9882170239289856,1.0040509386046095,0.9436961632116828,0.9969571250545609,1.0018714337699315,1.0018714337699315
2021-09-19 00:00:00+00:00,0.9875577079907578,0.9912690103602366,0.9944023125690751,1.0098718363186385,0.9631232474511775,1.0070607633751343,0.9470946681969702,0.9838775419978382,0.9982286198189773,0.9982286198189773
2021-09-20 00:00:00+00:00,0.9961744407468052,0.9871479248695261,0.9883089803063259,1.0124106105181785,0.9659571708949855,1.0082160607776136,0.9559336029569324,0.9753369955993091,0.9967660072483588,0.9967660072483588
2021-09-21 00:00:00+00:00,1.0037031835894883,0.9791183659314233,0.9900281499035953,1.020847504924733,0.9555803156251066,1.0069775586201983,0.9345482259326322,0.9642893470547276,1.0004732412737407,1.0004732412737407
2021-09-22 00:00:00+00:00,0.9993178831383047,0.9824400910206531,0.9934039945216078,1.0235043052423105,0.9525905088129165,1.0100640322591579,0.9253729519474537,0.9599963109358025,1.001031494884734,1.001031494884734
2021-09-23 00:00:00+00:00,1.0045936846927297,0.9711182303971643,0.9891011291029217,1.0253999852438778,0.9480945211697392,1.0105168316896036,0.908318395696964,0.9654399680576013,0.9996019217401834,0.9996019217401834
2021-09-24 00:00:00+00:00,1.0011546208502282,0.9925402477045621,0.9890573614307303,1.0212526991522939,0.9491159648592602,1.0115665897832467,0.9174065513380932,0.9665035521362769,0.9992283549708011,0.9992283549708011
2021-09-25 00:00:00+00:00,1.0028413311724242,0.9994156494429396,0.9925763806185616,1.0178987729036852,0.9418103441862291,1.0071426623198145,0.9199493538479652,0.9634099080548916,0.9991125379631874,0.9991125379631874
2021-09-26 00:00:00+00:00,1.0040044075050731,0.99904678870721,0.9915372099767332,1.018228754003685,0.9373194837428139,1.0082813792415666,0.9225837267729976,0.9655283765684656,0.9983183281997499,0.9983183281997499
2021-09-27 00:00:00+00:00,1.0045990622792174,1.00870327816851,0.9901282341467854,1.0090010413444648,0.9333882143236745,1.0087415093437386,0.9292785232738697,0.9695660503594744,0.9972634590478431,0.9972634590478431
2021-09-28 00:00:00+00:00,1.0057413686069439,1.011017188577811,0.9892555875366051,1.004798593362054,0.9353790214505391,1.0083192015704312,0.933574327217446,0.9700882035210252,0.9981380893411819,0.9981380893411819
2021-09-29 00:00:00+00:00,1.0009692156504602,1.0194567712973783,0.9961043547060869,1.0040861489489958,0.9276545807270439,1.0114037436458772,0.9260499464178582,0.9615526106868657,0.9991425424217436,0.9991425424217436
2021-09-30 00:00:00+00:00,0.99553585197243,1.041406694793123,1.0093662869370588,1.0052940726792527,0.93015725412196,1.0166553268259702,0.9389774681656804,0.945219555321588,1.0011791960983953,1.0011791960983953
2021-10-01 00:00:00+00:00,0.9993592386287226,1.039331440717542,1.0064519609251241,1.0004153350523872,0.9267818824056581,1.0116788907460372,0.939532363351615,0.9470655961191959,1.0015377737173972,1.0015377737173972
2021-10-02 00:00:00+00:00,0.997446354235554,1.0357640462952815,1.0079998840532562,1.0001395898943701,0.9284526443608533,1.0083098136440982,0.9423559910902153,0.9477424863510456,1.001813668170735,1.001813668170735
2021-10-03 00:00:00+00:00,0.9936569897000448,1.0279890557000617,1.015125309626493,1.0059621681569808,0.922079652053155,1.0042246107753257,0.9368044050458483,0.9528897730941831,1.001136578515368,1.001136578515368
2021-10-04 00:00:00+00:00,0.991862967847138,1.0203955506618396,1.0236047690783376,1.009773494995625,0.9261878207101527,1.002289240360933,0.9379703747755407,0.961296726959824,1.0015904257932429,1.0015904257932429
2021-10-05 00:00:00+00:00,0.9771174653503891,1.0075770382076321,1.038723004506772,1.0139426590741016,0.9372984089139103,0.9927817875998366,0.9251245701121127,0.9745050092638298,1.0011383011354853,1.0011383011354853
2021-10-06 00:00:00+00:00,0.9828151419012088,1.0173323646650956,1.0305358165872265,1.0047290476154485,0.92796789872021,0.9987238455539645,0.9170102872841771,0.9676220829298597,1.0014849247331379,1.0014849247331379
2021-10-07 00:00:00+00:00,0.9808135373398548,1.0136751659101448,1.032971681236902,1.00633050752677,0.9300218865124001,0.9960171502026617,0.913494416366412,0.9698405302111095,1.001298905184149,1.001298905184149
2021-10-08 00:00:00+00:00,0.9716427261360157,1.011244083607749,1.0311279603018786,1.003451536840916,0.9312535203996143,0.9920463195251646,0.9104087139076703,0.9685090466341166,1.0018517330948975,1.0018517330948975
2021-10-09 00:00:00+00:00,0.9689525620054901,1.0057739942472241,1.0347065348990698,1.0103558656534448,0.9309630038448066,0.9883073723973402,0.9084999742721357,0.9697150314942402,1.0005385998677923,1.0005385998677923
2021-10-10 00:00:00+00:00,0.9666492211861889,0.9946245973895939,1.0474627434139543,1.0222061287592397,0.9250045958092455,0.9865389354173187,0.9133383637308367,0.9811575072686438,1.0005532189659012,1.0005532189659012
2021-10-11 00:00:00+00:00,0.9737777395290286,1.0009091500825475,1.0407179210342612,1.0170899217379992,0.9197495679415401,0.9894174433996032,0.8904863845525429,0.9741878832298806,1.0006319103623982,1.0006319103623982
2021-10-12 00:00:00+00:00,0.965454271787571,0.9933574746647315,1.0369620389901462,1.0261134953624553,0.9138727091984314,0.9896991710152467,0.8780894412127166,0.9710012120811605,1.0015050435049964,1.0015050435049964
2021-10-13 00:00:00+00:00,0.9689970006431272,0.997549342033988,1.03797568314375,1.0250865321383538,0.9070049890829981,0.9971823066794874,0.8904009995182408,0.9720096231422951,1.0017410968994576,1.0017410968994576
2021-10-14 00:00:00+00:00,0.9569715279441696,0.9807852013925342,1.0511288778956434,1.0414671815069292,0.9069753381195753,0.9837031363914307,0.8788420744947385,0.9855416336728098,1.0029138217206572,1.0029138217206572
2021-10-15 00:00:00+00:00,0.9556857788772257,0.9892783519416833,1.048495332893142,1.0377704897921343,0.907953602508119,0.9840859959600853,0.8769015094468318,0.9826165447072435,1.0025313447365105,1.0025313447365105
2021-10-16 00:00:00+00:00,0.9556103106592957,0.9794916932076462,1.0527163724895392,1.0452140190997976,0.9094077726767715,0.98386505582976,0.8804229676667521,0.9861081634026921,1.0022515471648836,1.0022515471648836
2021-10-17 00:00:00+00:00,0.9541248683558823,0.9780504134548159,1.0549597190096853,1.0487590100903557,0.9016520899276329,0.9793107352913704,0.8867808775484265,0.9872605958606634,1.0020706384971942,1.0020706384971942
2021-10-18 00:00:00+00:00,0.9526685404823779,0.977693185203968,1.0621781417244391,1.0492103771768033,0.9052148024422507,0.9783776488687222,0.8819167611029998,0.9948707451883826,1.0024774429310053,1.0024774429310053
2021-10-19 00:00:00+00:00,0.9512054521743069,0.9703272213086536,1.0659197477501472,1.049693764010726,0.9033365733678395,0.9828313305051718,0.8817373639549936,1.001181117381826,1.0038831885012631,1.0038831885012631
2021-10-20 00:00:00+00:00,0.9519828580243547,0.993028547886941,1.052672678179375,1.0352029134096836,0.888335101695876,0.9856352071842014,0.881522961379643,0.9895875579130587,1.003449283877065,1.003449283877065
2021-10-21 00:00:00+00:00,0.9524062621557214,1.009551555472249,1.0446602810697296,1.0257875154467007,0.8785394004762653,0.9855916820880865,0.8883848559690213,0.9828083711683225,1.0036791554050333,1.0036791554050333
2021-10-22 00:00:00+00:00,0.9505916886154467,0.997021824179662,1.0428471238045272,1.0221770025096055,0.8834138210324456,0.988169480074478,0.8958273296051827,0.981628531008251,1.0044223872774287,1.0044223872774287
2021-10-23 00:00:00+00:00,0.9528666992470107,0.9984530055157209,1.0457800660437568,1.0241830930873226,0.8803304596109842,0.987363512271989,0.9001615617454232,0.9837289740480976,1.003819720337,1.003819720337
2021-10-24 00:00:00+00:00,0.9424338237083517,0.9796015130134815,1.0466895954066062,1.0307720582248439,0.8874759954854168,0.9817966079557127,0.9016760408154223,0.9864301878351984,1.0048728709967303,1.0048728709967303
2021-10-25 00:00:00+00:00,0.9497684322412653,1.0001665682829886,1.0325644651634809,1.012339468161684,0.8723979562137745,0.9874478207247723,0.8923040856698178,0.9754104168439686,1.0052314572643328,1.0052314572643328
2021-10-26 00:00:00+00:00,0.9499102146757965,0.996436837070553,1.033209584227198,1.026494200440648,0.8730469761902607,0.9870389862715061,0.8996323115056368,0.9722949950388162,1.0030852940347836,1.0030852940347836
2021-10-27 00:00:00+00:00,0.9599644403172936,0.9949407553662795,1.0393967833122928,1.021042628635952,0.8697808317753053,0.9788646625666668,0.9056385127442427,0.9786277858365698,1.0048035076115631,1.0048035076115631
2021-10-28 00:00:00+00:00,0.9586493422116447,0.9984400176308521,1.0431663195834127,1.0184251792889705,0.8586546322447639,0.9778920313119741,0.9073834153321919,0.9824173861607369,1.0053833138991546,1.0053833138991546
2021-10-29 00:00:00+00:00,0.9592961263285236,1.0037219153203851,1.0453164192508977,1.017587405947656,0.8580842909434263,0.9773362966195448,0.9063498595800158,0.9825930808674019,1.004545188504861,1.004545188504861
2021-10-30 00:00:00+00:00,0.9585816905128974,1.006021143440153,1.041984002192278,1.012266618092639,0.8501490125500198,0.9776213052412518,0.9058408817073277,0.9804313739324108,1.0048692299868816,1.0048692299868816
2021-10-31 00:00:00+00:00,0.9469370620171268,1.0006008302166454,1.031169978299971,1.0286827998502073,0.851471385336301,0.9781634897919209,0.8977716259649764,0.9719253915717119,1.0054111619706356,1.0054111619706356
2021-11-01 00:00:00+00:00,0.9523448430303468,0.9982027378638361,1.0392918164240632,1.0270618553927937,0.848167098844242,0.9761820466186815,0.8978296011239435,0.9806558211536628,1.0061476047259108,1.0061476047259108
2021-11-02 00:00:00+00:00,0.9567484056645428,0.9992784315728707,1.0373292138149428,1.0237816580663437,0.8464475159339296,0.9745544820172339,0.8961013668633009,0.9808019770810229,1.0072621492848872,1.0072621492848872
2021-11-03 00:00:00+00:00,0.958285348210733,0.9868850675271996,1.0318419837357973,1.0309466729504884,0.8461882240811571,0.9722187936355383,0.8870233525968331,0.9760939769976352,1.0068971140098812,1.0068971140098812
2021-11-04 00:00:00+00:00,0.9529102760903595,1.0009810730945163,1.0293567585299126,1.031133742270704,0.828032162988566,0.9744256673816684,0.8977845777637277,0.9714665050849145,1.0066148538477533,1.0066148538477533
2021-11-05 00:00:00+00:00,0.9554305217604491,0.9937604324370128,1.033740024378859,1.0356296288293487,0.8309346666435622,0.9745471477343669,0.8995933626506597,0.9758031753196461,1.0069869928344406,1.0069869928344406
2021-11-06 00:00:00+00:00,0.9558750331886866,0.9912582567265841,1.0380960310221439,1.033726719734549,0.8247965781130524,0.9754087158732011,0.9014736356728997,0.9800967387076802,1.0074648511275694,1.0074648511275694
2021-11-07 00:00:00+00:00,0.9468651235901014,1.0105870467385332,1.0502517607891317,1.0149443783486765,0.8140932277636569,0.9803309036938276,0.9362185995031735,0.9913550284262671,1.0084117512539525,1.0084117512539525
2021-11-08 00:00:00+00:00,0.9422752041408377,1.044915613873581,1.055178648946564,0.9835890199726774,0.8049502675342819,0.9756580602836438,0.9084205056505837,0.9915729727352827,1.008091679212969,1.008091679212969
2021-11-09 00:00:00+00:00,0.9392719849871902,1.0427622359177458,1.0488449195296015,1.0016430940363872,0.8060722242394202,0.9744667366501216,0.91801660452363,0.9847343138303398,1.0069590757578495,1.0069590757578495
2021-11-10 00:00:00+00:00,0.9421998714788925,1.0473539843270636,1.0462927833059845,1.0038934841831944,0.803480291751518,0.971642964943188,0.9184845066129476,0.9831755475818725,1.0073786756364367,1.0073786756364367
2021-11-11 00:00:00+00:00,0.9434330993041264,1.050690252327062,1.0467385682239942,1.0011158869699373,0.8019843759111285,0.9714506532918014,0.9244990743660331,0.982426757303934,1.00680585266552,1.00680585266552
2021-11-12 00:00:00+00:00,0.943170510356029,1.039281213682282,1.0445548720851192,1.010423637972287,0.8013359933092661,0.9734229958654187,0.918870419492359,0.9824372635798788,1.0075398490261243,1.0075398490261243
2021-11-13 00:00:00+00:00,0.9374034735101884,1.0212246950498973,1.0480137670984009,1.0213410420708304,0.7872298448929596,0.9760394426326945,0.92394948340916,0.9852660327773752,1.0074862187769587,1.0074862187769587
2021-11-14 00:00:00+00:00,0.9449805424767411,1.0326713560263048,1.0464696269097755,1.017129717525145,0.7812109053160596,0.9712181634657276,0.9255996428725973,0.9828236041620345,1.0068741745616288,1.0068741745616288
2021-11-15 00:00:00+00:00,0.9486715686602099,1.0377283427829829,1.0391043812606073,1.0148642055805142,0.7696988912079679,0.9714873830236559,0.9441656516330496,0.9744476100972136,1.0049579768649664,1.0049579768649664
2021-11-16 00:00:00+00:00,0.9517280096717295,1.04239777243611,1.0365635508999858,1.0142386333683888,0.7711660788071758,0.9696485580240591,0.9341037564241871,0.9740737552213479,1.0055500231381258,1.0055500231381258
2021-11-17 00:00:00+00:00,0.958837524238167,1.0472773370872521,1.0324055862069401,1.0057426426119451,0.7776805840846193,0.9664217964942111,0.9382176490683922,0.9660876978277667,1.0033933905185237,1.0033933905185237
2021-11-18 00:00:00+00:00,0.9653161571470384,1.0378328204202145,1.0332508966995813,1.0166544458213116,0.7777925239154959,0.9608849894645654,0.9428621956112209,0.9691027342944067,1.0051421946216315,1.0051421946216315
2021-11-19 00:00:00+00:00,0.9654651770467219,1.0318239945052654,1.03712607620004,1.0274538906449033,0.7732141569965714,0.9612278850572489,0.9405014723490858,0.9744157133035155,1.0059999816341272,1.0059999816341272
2021-11-20 00:00:00+00:00,0.9613455827341554,1.031891585152671,1.029795649099839,1.0224102252356249,0.7653695268841283,0.9665210033748999,0.932388752712281,0.9696517952340519,1.005866960751616,1.005866960751616
2021-11-21 00:00:00+00:00,0.9737043937867941,1.0202650870764196,1.023776065241164,1.0243766269186954,0.7677804061538052,0.9626931809413383,0.9310470225999463,0.9639476453041029,1.0051256196749574,1.0051256196749574
2021-11-22 00:00:00+00:00,0.9766616736629147,1.03245085679868,1.027144677292163,1.0260433024777305,0.7561111505176287,0.9589017414382102,0.9418128964602351,0.967637247713192,1.0057231475022326,1.0057231475022326
2021-11-23 00:00:00+00:00,0.9756130936021447,1.034479236967374,1.0285561497520246,1.0315019448902727,0.7533755778262646,0.9581326222029464,0.9516586353601942,0.9676817498719268,1.0045631751846142,1.0045631751846142
2021-11-24 00:00:00+00:00,0.9779710307890599,1.02654520774409,1.030688151646271,1.0455681430594337,0.7633430719105211,0.957013556954671,0.9604984355892309,0.9716440783085748,1.0056381527375315,1.0056381527375315
2021-11-25 00:00:00+00:00,0.9781782093131898,1.023723313418465,1.020365218404536,1.033860947389744,0.7660722483147145,0.9553449107350226,0.951996603074726,0.9583529254271587,1.0027685293813582,1.0027685293813582
2021-11-26 00:00:00+00:00,0.9788598958200448,1.0203715145133065,1.0241847685573993,1.0351822514696136,0.7693462050802845,0.956379198042465,0.9597266797665391,0.9620301188705683,1.0030586234691499,1.0030586234691499
2021-11-27 00:00:00+00:00,0.9795750872729766,1.0328552088193985,1.0354443594482712,1.0348765809552607,0.7600035136117185,0.9576327743000975,0.9556088341905614,0.9716524588119139,1.0036381065556539,1.0036381065556539
2021-11-28 00:00:00+00:00,0.9842213265454668,1.0250669733767919,1.0325369381497524,1.0436957477578401,0.7601350206096379,0.9547324262535766,0.9574590168380733,0.9714178200617556,1.0045387368595904,1.0045387368595904
2021-11-29 00:00:00+00:00,0.9911037161264198,1.0170541371739414,1.028597702047163,1.049633264362042,0.7581572599281493,0.9457385577589689,0.9555711634127076,0.9681034134960464,1.0046067268855605,1.0046067268855605
2021-11-30 00:00:00+00:00,0.990316434057162,1.0119149079334298,1.0282383858048558,1.0590691328150654,0.7581428176171657,0.9514025299299865,0.9496446917044287,0.9698833911316621,1.0049781605041173,1.0049781605041173
2021-12-01 00:00:00+00:00,0.9945616668356191,1.0191529077021941,1.0350681199568827,1.0459919392824648,0.7502736410452913,0.9499894858502942,0.946300848669386,0.9727856464579063,1.004970290100605,1.004970290100605
2021-12-02 00:00:00+00:00,0.9952278266276189,1.0146140530685017,1.0185381162899305,1.0607046918604204,0.7531958365195515,0.9521900243879422,0.9384379782655862,0.9597275420020759,1.0043347920602639,1.0043347920602639
2021-12-03 00:00:00+00:00,1.014249754004446,0.9934271008871904,1.0169927168777582,1.0786202633913098,0.7534966844701408,0.9363683164891782,0.9476474652034916,0.9524881073681253,1.0015952854337526,1.0015952854337526
2021-12-04 00:00:00+00:00,1.0202459197903915,0.9962016166649283,1.023005392642518,1.0873691932529175,0.7360082999259627,0.9340831590688412,0.9586209523116169,0.9573699510339936,1.0006730279367624,1.0006730279367624
2021-12-05 00:00:00+00:00,1.0253462624566865,0.9926973191360515,1.0258574536102572,1.0944463341420712,0.7357389434026257,0.9327329476978694,0.9575565226231922,0.9610767496288577,1.0014613479809,1.0014613479809
2021-12-06 00:00:00+00:00,1.012983932241883,0.9972549699014424,1.019414058761685,1.0804735840499353,0.7319807824716374,0.9380946096268982,0.9575210555381178,0.9554202233015558,1.0016160635827431,1.0016160635827431
2021-12-07 00:00:00+00:00,1.016848466820746,0.9929477144907594,1.0189095706384972,1.0825597041692119,0.7366920426144655,0.9349344789864296,0.9558520275232216,0.9534422421166923,1.0024218249595427,1.0024218249595427
2021-12-08 00:00:00+00:00,1.0210711235928964,0.9907917812770415,1.0155325283105354,1.0841534997722675,0.7290689875025309,0.9319322442306047,0.9613783103438659,0.9467839407450673,1.0001719622621597,1.0001719622621597
2021-12-09 00:00:00+00:00,1.0145626538040886,0.9936466956595184,1.011473373477744,1.0823019003790468,0.7129939645314489,0.9371189868668178,0.9630059112189261,0.94438663116347,0.9991675635958057,0.9991675635958057
2021-12-10 00:00:00+00:00,1.0135463653484416,1.0038658900032682,1.0185919824695995,1.0699142681883034,0.7048652155486181,0.9376093103177416,0.9478716645719616,0.952197445366412,1.0005472584296482,1.0005472584296482
2021-12-11 00:00:00+00:00,1.009101989841512,1.0060073974394794,1.0188624060872193,1.0621340779245474,0.7048412303191294,0.9390092817870789,0.9432292946103,0.9525807273160221,1.0007716312705388,1.0007716312705388
2021-12-12 00:00:00+00:00,1.0125842047563363,0.9970408597959535,1.0136697325482493,1.0651633300337033,0.6974850873108465,0.935930300332128,0.9458913195758816,0.944644568968874,0.998074143178919,0.998074143178919
2021-12-13 00:00:00+00:00,1.011488276300664,1.0030713208243438,1.0176562624558947,1.0640884149872192,0.6945284120967209,0.9400438932642478,0.944295033082585,0.9501729101839915,0.9989990356393041,0.9989990356393041
2021-12-14 00:00:00+00:00,1.0167394151352729,1.00320061544042,1.0167763271334576,1.0582704680448658,0.692828068172172,0.9388834356317455,0.9504721723954469,0.9477414533196952,1.0004166804501786,1.0004166804501786
2021-12-15 00:00:00+00:00,1.0190110774223782,1.0002677281169001,1.0144499279337544,1.0611300724951336,0.6905175804560137,0.9360038176692919,0.9533588209794003,0.9435592191946536,0.9996576416156999,0.9996576416156999
2021-12-16 00:00:00+00:00,1.0263117263937334,0.9754595450798625,1.0094821695235667,1.0685416286466416,0.7057722837423642,0.9334793312693126,0.9554414726811453,0.9397338305209282,0.9995623069289068,0.9995623069289068
2021-12-17 00:00:00+00:00,1.0233479922365896,0.9717203579623185,1.0081965608867713,1.0660600695456568,0.7057269720229368,0.9347128721714173,0.9500513882248791,0.9393113849615281,1.0006070401120035,1.0006070401120035
2021-12-18 00:00:00+00:00,1.0222637760243212,0.975389796461989,1.007604287581884,1.0613004229124197,0.7030901316382736,0.9335245426618056,0.9583326778841178,0.9384417874337807,1.0001655046060267,1.0001655046060267
2021-12-19 00:00:00+00:00,1.0220393057841248,0.9693627693273693,1.0099035142148938,1.0681219132401918,0.7054466854077114,0.9310383825286253,0.9588193165299296,0.9377083060696481,1.0000378509242942,1.0000378509242942
2021-12-20 00:00:00+00:00,1.0239094742632135,0.9647763724251205,1.0148213486290127,1.0717513487595178,0.6972219630843342,0.9366883741281159,0.959872781392264,0.9324843805699289,1.0013598623608804,1.0013598623608804
2021-12-21 00:00:00+00:00,1.017573538254855,0.978461701514463,1.009975756321272,1.0564700492449874,0.6859857224310942,0.9379756467543855,0.9564810669174871,0.9362191181135259,1.0020477949772189,1.0020477949772189
2021-12-22 00:00:00+00:00,1.0133310286614736,0.9839818240866047,1.0140118709969435,1.0453855403376313,0.6872673528294104,0.9434138004512914,0.9573960207653931,0.9408701741916756,1.003516358477169,1.003516358477169
2021-12-23 00:00:00+00:00,1.0139741234576303,0.998490974295882,1.016265688873667,1.0337597189769665,0.6814265599304768,0.9467788656139482,0.9603977684056254,0.9425570158730893,1.002502399619176,1.002502399619176
2021-12-24 00:00:00+00:00,1.0185484515298786,0.9939692616548675,1.0146906548811014,1.0355661345279354,0.6816709588287668,0.9446056097004404,0.9469385650877229,0.9414800331279204,1.0031860483179704,1.0031860483179704
2021-12-25 00:00:00+00:00,1.0147669715282388,0.9876222045513879,1.012192070222014,1.036133961986286,0.6834195057417138,0.9504110785966002,0.9364533550448377,0.9396232080661792,1.0039220290139996,1.0039220290139996
2021-12-26 00:00:00+00:00,1.0122372542525093,0.992717975667523,1.0141448727183753,1.029515929018025,0.6809287257084418,0.950578350495774,0.9415497207112034,0.9407425690091586,1.0036403171871813,1.0036403171871813
2021-12-27 00:00:00+00:00,1.0142545643277487,1.0056986654650006,1.0084341946747377,1.0181200768202379,0.671016674210083,0.9458629428471256,0.9488233016626244,0.9333847585988777,1.001464349673486,1.001464349673486
2021-12-28 00:00:00+00:00,1.0084898192646354,1.009946277838923,1.0018949855474213,1.0206311562105235,0.6634940678582001,0.9422254934333169,0.9550960449051575,0.9279333038959557,1.000883534044128,1.000883534044128
2021-12-29 00:00:00+00:00,1.0101075857600847,1.0116518893927855,1.0034974658431886,1.0216178622589225,0.6582402367330212,0.9433801996689679,0.9519519474669522,0.9246577273569827,1.001428823420567,1.001428823420567
2021-12-30 00:00:00+00:00,1.013793844886326,1.0110985792642873,0.9997612436657379,1.0216650701036323,0.6631181807967309,0.9462914022190356,0.9532972659917404,0.9276199453152278,1.0014232839114177,1.0014232839114177
2021-12-31 00:00:00+00:00,1.012942186992511,1.0038179940733718,1.0021391880802852,1.0290349245250459,0.6649822312936817,0.9427628243379579,0.9498931143919986,0.9235952090126199,1.0026379601937854,1.0026379601937854
2022-01-01 00:00:00+00:00,1.00785909374833,1.0032301578943243,0.9982788864046982,1.0273469784588563,0.6627147639462916,0.9464818410403165,0.9448297132171238,0.9279504013397663,1.0027492556023538,1.0027492556023538
2022-01-02 00:00:00+00:00,0.9988378995537143,0.9880495774603143,0.9904620707598752,1.0405656085526909,0.6627850173300656,0.9464492685618066,0.9456408180903969,0.9353975040141995,1.0025993140452638,1.0025993140452638
2022-01-03 00:00:00+00:00,1.0038124143440434,0.9887714671069932,0.9909817202949274,1.0365147618681823,0.6607922999526776,0.9508551243598892,0.9314325285716893,0.9353968408060654,1.0023196947550002,1.0023196947550002
2022-01-04 00:00:00+00:00,0.9916735485715904,0.9580093817747779,0.9808141921054212,1.0642593738411188,0.6815334046805843,0.9489593437315483,0.9205170515449751,0.9474612476368813,1.0008360133304666,1.0008360133304666
2022-01-05 00:00:00+00:00,0.9848301506251973,0.9505431358643324,0.9770060598748015,1.070737936521115,0.6800965925900133,0.9518421778048118,0.9192682245944557,0.9497327174869007,1.0009155771036788,1.0009155771036788
2022-01-06 00:00:00+00:00,0.9711027176570318,0.931821837645587,0.9709276246945003,1.0867891823329363,0.6916277970560876,0.9487473632337076,0.9008883725470627,0.9574070067182135,0.9995295772210254,0.9995295772210254
2022-01-07 00:00:00+00:00,0.9682821212546641,0.933702269542561,0.9725988213905552,1.0829817326281037,0.6917476627625925,0.9421520897030462,0.9067518000608515,0.9555867741444487,0.9988547990213856,0.9988547990213856
2022-01-08 00:00:00+00:00,0.9662127602362849,0.9237119071314942,0.9697128596595659,1.0885964392532197,0.6987878518020019,0.9425197256847115,0.9078215447796474,0.9583789010837571,0.9994602303323147,0.9994602303323147
2022-01-09 00:00:00+00:00,0.964953900903253,0.9095394983756466,0.9707520297478918,1.0988788958462938,0.6994752000956188,0.9394443210332114,0.8991560129378178,0.9580596794842543,0.9990494822353159,0.9990494822353159
2022-01-10 00:00:00+00:00,0.9723637733483637,0.9327185745893279,0.9737907479043838,1.0888371597848312,0.6897665804517552,0.9417725419763544,0.8975622783070383,0.9545394256631797,1.000278490246562,1.000278490246562
2022-01-11 00:00:00+00:00,0.9747047692309507,0.9473087677733523,0.9749184648559096,1.084846394476431,0.6735518366889742,0.9435086749522033,0.896910846058413,0.9501498385361868,1.001556597739201,1.001556597739201
2022-01-12 00:00:00+00:00,0.9716456661240463,0.9493219426274678,0.9736565764551607,1.0791817001662158,0.6771188259042149,0.943786099679763,0.8988985032236413,0.9537101958877745,1.00022889872754,1.00022889872754
2022-01-13 00:00:00+00:00,0.9666548830580305,0.9430861540271266,0.9699074763464894,1.0920186093939979,0.6855606982503814,0.9450976436114942,0.8866324405497403,0.9553864409296399,1.001097511873176,1.001097511873176
2022-01-14 00:00:00+00:00,0.9651616204885971,0.9492973141853367,0.9698266572503417,1.0850276062641488,0.6849794501300305,0.9462987989306236,0.8865524665216423,0.9553051533839204,1.0011397149059649,1.0011397149059649
2022-01-15 00:00:00+00:00,0.9696487365846611,0.9427790921615449,0.970113350567707,1.0879459904968771,0.6867179952496112,0.9483058153734982,0.8704178505102652,0.9524228942574109,1.0016072487691972,1.0016072487691972
2022-01-16 00:00:00+00:00,0.9677672265476506,0.9300044910809696,0.9646872861014388,1.0986914139300346,0.6971236682163224,0.9516030591211094,0.8544831295176492,0.9544764125108862,1.000622663228715,1.000622663228715
2022-01-17 00:00:00+00:00,0.973068165472651,0.9518517574093356,0.9721867451826244,1.0814694762350874,0.6905320305496316,0.9467173622935118,0.8622633743832749,0.9505333538131574,0.9999308268895255,0.9999308268895255
2022-01-18 00:00:00+00:00,0.9722893104149308,0.9643081189230198,0.9743929552316932,1.0718624260571534,0.6799415579079322,0.9466020656346166,0.8614431034725819,0.9515441770539381,0.9988850521023156,0.9988850521023156
2022-01-19 00:00:00+00:00,0.9786973932253977,0.9699928538846753,0.9741890958176582,1.0693836325014874,0.6812946851355206,0.9485002045948575,0.8457125066563878,0.9529247826652243,0.9979843188980926,0.9979843188980926
2022-01-20 00:00:00+00:00,0.971243823857142,0.9536760265628639,0.9624152224157421,1.077554082165933,0.6869161746415913,0.9466799522671336,0.8383959142074506,0.9685390507613713,0.9943945544371896,0.9943945544371896
2022-01-21 00:00:00+00:00,0.9557347724933628,0.9507832681862016,0.9589384245275512,1.0773587853323603,0.6833849517905974,0.9480107913520953,0.8466868160987931,0.9741502182509976,0.992003034355366,0.992003034355366
2022-01-22 00:00:00+00:00,0.9708018166945115,0.9538063832749876,0.9644763287332683,1.082421849497532,0.6781111180032025,0.9484546752296127,0.8409232325456694,0.9667287943521072,0.993618282568796,0.993618282568796
2022-01-23 00:00:00+00:00,0.9764572182962143,0.9606828765899312,0.9709127097098167,1.0923802270945344,0.6720663538733186,0.9423418937564669,0.8317102710823062,0.9620849113377948,0.992692827572233,0.992692827572233
2022-01-24 00:00:00+00:00,0.9910088520585246,0.9647349128868143,0.9737631924274225,1.085259980359055,0.6753717157289173,0.9402078658791702,0.828921687694912,0.9599769869991327,0.9931035811984184,0.9931035811984184
2022-01-25 00:00:00+00:00,0.9827138346633955,0.9678824595118538,0.9719631448863242,1.0803708065136524,0.6706554999972337,0.9424684365676861,0.8306181660909941,0.9608880659047099,0.9926567505150445,0.9926567505150445
2022-01-26 00:00:00+00:00,0.9775270113549572,0.9665359587572702,0.9749552811631452,1.0833252485261677,0.6782927085395165,0.9370936165902622,0.8410714998529777,0.9601020552243608,0.9922608654239096,0.9922608654239096
2022-01-27 00:00:00+00:00,0.9694116434945956,0.9679233275905705,0.9729488867963706,1.0753713100778992,0.6836983448596149,0.9421725343177892,0.8429086145162961,0.9606091057372985,0.9928682116034843,0.9928682116034843
2022-01-28 00:00:00+00:00,0.9710982206846615,0.9705072187866111,0.97402296618985,1.0725375395159296,0.6812311891187512,0.9430898064256785,0.8391497120939851,0.9586101742801894,0.9934509373891444,0.9934509373891444
2022-01-29 00:00:00+00:00,0.9609736113998812,0.9564864071027982,0.9717365637076668,1.0621661987294821,0.6868869774488751,0.9440625695551492,0.8323639314905847,0.961490952780651,0.9927393756266212,0.9927393756266212
2022-01-30 00:00:00+00:00,0.9725167549722589,0.9582226968064622,0.9730755460058046,1.0603686649849298,0.6987888509788709,0.9466614391065887,0.8217254205509257,0.9593912013675892,0.9934468909563602,0.9934468909563602
2022-01-31 00:00:00+00:00,0.9725205865322595,0.9722794874966544,0.9739113397030276,1.0642998265682353,0.692778231193509,0.9514267105055199,0.8134165637087669,0.9559528533483939,0.9944190367773106,0.9944190367773106
2022-02-01 00:00:00+00:00,0.9672504853910481,0.9624764879236445,0.9701371298907137,1.0629818227001067,0.6970624716481363,0.9554105349615032,0.8154052932396455,0.9635705245745406,0.9923873361891221,0.9923873361891221
2022-02-02 00:00:00+00:00,0.9668351237793771,0.9699835609493115,0.9705332748141681,1.0644844182198154,0.6964502772029414,0.9551245541208103,0.8108213986490317,0.9609462636602157,0.9932248770588428,0.9932248770588428
2022-02-03 00:00:00+00:00,0.9717265999222183,0.9746508992270317,0.9852024831042582,1.0817814621610826,0.6806709124855382,0.9591880611146659,0.8042096375458,0.9422392933268167,0.9959550602979483,0.9959550602979483
2022-02-04 00:00:00+00:00,0.9754432981113178,0.9760766322418593,0.9839788233014257,1.075081869640199,0.6737700470822422,0.958463010133438,0.8056325601704013,0.94413026456393,0.9962071058420708,0.9962071058420708
2022-02-05 00:00:00+00:00,0.9723908879662083,0.9744875593459434,0.9858203736448907,1.0748565571945894,0.6736812296153779,0.9553756742064444,0.8045297850192338,0.9416224640477393,0.9968932959207639,0.9968932959207639
2022-02-06 00:00:00+00:00,0.9532722179049097,0.9817601168740406,0.9881836972073765,1.078977795088442,0.6758298106542371,0.9531085677887173,0.8094052504705407,0.940997134896155,0.9988162895867023,0.9988162895867023
2022-02-07 00:00:00+00:00,0.9431866346479532,0.9744447205857932,0.9915341415573886,1.0921375354386795,0.6748373828117938,0.952338269405496,0.8007332995857842,0.940186915431179,0.9982688280028047,0.9982688280028047
2022-02-08 00:00:00+00:00,0.9451410967714873,0.9769444442580961,0.9909363594943548,1.0904379261250192,0.6724059351083156,0.9581596736322864,0.79723743092303,0.9395000570908081,0.9990479983246945,0.9990479983246945
2022-02-09 00:00:00+00:00,0.9506974303937897,0.9788006481250549,0.9927317698906791,1.0904661834026197,0.6690708250565898,0.9539809163856362,0.8001119098947425,0.9400484753344535,0.9975011662785008,0.9975011662785008
2022-02-10 00:00:00+00:00,0.9523263611455686,0.9844710401887458,0.995892078889207,1.0907086574597251,0.6680270639672258,0.9520854851447971,0.8005277267275057,0.941142023146482,0.9949502861054994,0.9949502861054994
2022-02-11 00:00:00+00:00,0.9441254675159477,0.9767855096694893,0.9962304105798844,1.101515809841809,0.6652704584081436,0.9528123488653227,0.7845968869261563,0.9410290383095935,0.9950634353840231,0.9950634353840231
2022-02-12 00:00:00+00:00,0.9425548301562509,0.9751902708639751,0.9965318155846151,1.1010867814516054,0.6687955372615106,0.9513975902297747,0.7827876500201354,0.9423236607451219,0.9943485628315678,0.9943485628315678
2022-02-13 00:00:00+00:00,0.9494530165697056,0.9765785812364917,0.9996775020809481,1.0990158975567064,0.6653711711248312,0.9518348860710525,0.7830620956823899,0.9377876168887505,0.994883495122321,0.994883495122321
2022-02-14 00:00:00+00:00,0.9583973154073583,0.9780728382934385,1.0018780384035435,1.102608957470088,0.6544525221953051,0.9547589775155693,0.783107673188895,0.9311923476236181,0.9975754858834937,0.9975754858834937
2022-02-15 00:00:00+00:00,0.956207391613866,0.9771917302529043,1.000391876546601,1.1028558453449577,0.6539590991258002,0.954587336747282,0.7821974199151912,0.933403355612988,0.9970652501869198,0.9970652501869198
2022-02-16 00:00:00+00:00,0.9542265872139484,0.9855240351148709,0.9933182515846987,1.0956879756067237,0.6463910325039878,0.9582202167554925,0.7756295985104914,0.9430126966197228,0.9945780585429701,0.9945780585429701
2022-02-17 00:00:00+00:00,0.9441924467033103,0.9835261382638661,0.9931678551262063,1.0951292331919646,0.6463656660434486,0.9546036787413417,0.7705013076166822,0.9448603962344224,0.9936740172207339,0.9936740172207339
2022-02-18 00:00:00+00:00,0.9400035025484038,0.9794539894084312,0.9917490300282672,1.0963440727221545,0.6461382082054119,0.9527947615129551,0.7681757852162509,0.9457409848129747,0.9940283737102421,0.9940283737102421
2022-02-19 00:00:00+00:00,0.9424574928389172,0.9774085372427337,0.9886206887291249,1.0905898434911208,0.6478506204192148,0.9528175642857452,0.763105618547875,0.9515238855464204,0.9922881438866988,0.9922881438866988
2022-02-20 00:00:00+00:00,0.951446717210755,0.9854092717163557,0.986477232173886,1.0915162047990903,0.6380380427574761,0.9575878080049729,0.7756557206939312,0.9576923250607973,0.9898372932689518,0.9898372932689518
2022-02-21 00:00:00+00:00,0.9524981830973559,0.9888747597802583,0.9906569938528498,1.0963227864993,0.6341893644688555,0.9549897187642498,0.7763708175454873,0.9517759687239026,0.9911122931735828,0.9911122931735828
2022-02-22 00:00:00+00:00,0.9574132181359681,0.9856085822151938,0.9881143447953528,1.0933153026483424,0.6351889024565913,0.951610596074221,0.7762181732518341,0.9550731302364022,0.9904050725115195,0.9904050725115195
2022-02-23 00:00:00+00:00,0.9599842280963119,0.9876775860732396,0.993119016169369,1.0978893370181806,0.6360158160206671,0.9451066142225921,0.7768377871645111,0.9502790314570676,0.9906589684588205,0.9906589684588205
2022-02-24 00:00:00+00:00,0.9611096431368771,0.9850908512898471,0.9911727268127339,1.0995301463101061,0.6366182741577572,0.9382176447475882,0.7680119394864354,0.9490758487994329,0.9927399750753656,0.9927399750753656
2022-02-25 00:00:00+00:00,0.9644014534956777,0.9840876505458486,0.9904824468982959,1.09373920660958,0.635604205563361,0.9379308602191282,0.7669032331360904,0.9499028520948852,0.9930256609591566,0.9930256609591566
2022-02-26 00:00:00+00:00,0.9601368592619248,0.9827140286827871,0.9876165457713724,1.0897698617372868,0.6304029191969895,0.9389547661625182,0.7658938427082587,0.9560133997530703,0.991126461079902,0.991126461079902
2022-02-27 00:00:00+00:00,0.9666757492444903,1.000033851655913,1.0065886041702368,1.1012528170168252,0.6273248108486383,0.9482348328055883,0.7569413837463166,0.9311684777998143,0.994867658275328,0.994867658275328
2022-02-28 00:00:00+00:00,0.9699101720363102,1.0109305597240044,1.0133849924392258,1.1092047455104896,0.6184393820449322,0.9512504995067781,0.7571367910964053,0.9235745504399785,0.9951134379546497,0.9951134379546497
2022-03-01 00:00:00+00:00,0.9767970064942658,1.0080912513311175,1.0121057494967858,1.1100745118053368,0.617426705762045,0.9497533147628836,0.7570514916712014,0.9248153308079934,0.9949199598997045,0.9949199598997045
2022-03-02 00:00:00+00:00,0.9769438778807691,1.0127286705317833,1.0072087028883039,1.1054755773477736,0.6136776292537478,0.9509673759848014,0.7525393745785082,0.9308096368360187,0.9941314313798078,0.9941314313798078
2022-03-03 00:00:00+00:00,0.9805356506350162,1.0192658807680084,0.9965236368282873,1.0987074342041032,0.6122891016106897,0.9542338976656295,0.7535030193883299,0.9447076044543871,0.9915533801284111,0.9915533801284111
2022-03-04 00:00:00+00:00,0.9760781426963204,1.0224175500440664,0.9960426553942833,1.0974336141979213,0.6140340766586868,0.9556271433610471,0.7510933174761534,0.9438517762635333,0.9923453171065579,0.9923453171065579
2022-03-05 00:00:00+00:00,0.9742480660495856,1.022084424357057,0.9947310856005074,1.0971139716330438,0.6147391618491913,0.95355071865852,0.7496784053009837,0.948330356223396,0.9906767339363085,0.9906767339363085
2022-03-06 00:00:00+00:00,0.9766431041009446,1.0048971593842513,0.9967929848144774,1.1098842776015205,0.6179309897003484,0.9516628232245247,0.7515533691827643,0.9466640178836586,0.9899973819025194,0.9899973819025194
2022-03-07 00:00:00+00:00,0.9740969406515425,1.0118189610457555,0.9971410273593717,1.1035321769516726,0.6173395033080448,0.9536111526179212,0.7488143915043415,0.9463743540876355,0.9905304536032326,0.9905304536032326
2022-03-08 00:00:00+00:00,0.9766446041836435,1.0169799384044262,1.007960496650368,1.1093886538274318,0.6144174482841429,0.9474582419375234,0.7394062658372388,0.9328860856537375,0.9925796155938116,0.9925796155938116
2022-03-09 00:00:00+00:00,0.9718527138752899,1.019593301449903,0.9982430444268191,1.1012082446846183,0.613233964414828,0.9530718792115728,0.7418128014846621,0.9447717791066144,0.9907391262795735,0.9907391262795735
2022-03-10 00:00:00+00:00,0.9547554434649674,1.0152525599855737,0.9948540945912712,1.107742152557012,0.6106170614024125,0.9533135403105969,0.7348571987300918,0.948939707458435,0.9905999221480307,0.9905999221480307
2022-03-11 00:00:00+00:00,0.9549933284511029,1.0169751695170532,0.9944374403351207,1.1060091244714692,0.6101808798973712,0.9535782806363943,0.7348728801788699,0.9499978559011982,0.990648201092023,0.990648201092023
2022-03-12 00:00:00+00:00,0.9543180245280201,1.0214027367154295,0.9915875464927325,1.0983249830203983,0.606245627516887,0.9558712128402997,0.734571670110479,0.9534036254131052,0.9895237833224297,0.9895237833224297
2022-03-13 00:00:00+00:00,0.9450245508909011,1.0242269672748585,0.9995153879980725,1.0990603683557019,0.6059857894731815,0.9508895538606831,0.7302946679883571,0.9445192851697662,0.9904927740928874,0.9904927740928874
2022-03-14 00:00:00+00:00,0.9398283560109725,1.0264539528933065,0.9958370006489291,1.0915229073020363,0.6064231035223849,0.9546408026277367,0.7320351811523372,0.947848901251404,0.9906797934727551,0.9906797934727551
2022-03-15 00:00:00+00:00,0.9405206605654058,1.031294759231504,1.0002437476925792,1.0896500618292755,0.6079039408830138,0.9547154424376776,0.7295223919919361,0.9416068438618245,0.9926208298777768,0.9926208298777768
2022-03-16 00:00:00+00:00,0.944886666410471,1.0351671958997344,1.0017593017565787,1.0860514331258493,0.6078565208199378,0.9579858024042072,0.7331863812246913,0.9397704010613265,0.9926469321043183,0.9926469321043183
2022-03-17 00:00:00+00:00,0.947101477888571,1.0418287141989326,1.0026896304826274,1.0770217132040911,0.6131681116422474,0.9615905065543543,0.7342947698046298,0.9372904000183071,0.9936179716703846,0.9936179716703846
2022-03-18 00:00:00+00:00,0.9391823564318472,1.0417971291711254,1.0025963328302745,1.0705629508394596,0.6104790206162235,0.9607628845067666,0.7370663861790102,0.9364272131442738,0.9944106826351305,0.9944106826351305
2022-03-19 00:00:00+00:00,0.9373317649513451,1.0426568575656383,1.0006156541043503,1.0705656001946646,0.6097282241162975,0.9606418305987849,0.73420973592933,0.9394698240239037,0.9932728408616298,0.9932728408616298
2022-03-20 00:00:00+00:00,0.9355307006438045,1.0375236389267284,0.9992690543943523,1.0684602429732049,0.6110170710376791,0.9634165719112123,0.734684400544001,0.9392679642462429,0.9937351078881104,0.9937351078881104
2022-03-21 00:00:00+00:00,0.9277539533619396,1.0332338525887037,1.0029578458163506,1.0638429532851181,0.6069897670792733,0.9617554343064112,0.7395475269717414,0.9366212851820571,0.9946109795563458,0.9946109795563458
2022-03-22 00:00:00+00:00,0.9238699928939653,1.0297596642475997,1.0059340931665768,1.053808163771146,0.612743678563552,0.9596407994038033,0.7333521795181634,0.9334463745543672,0.9956362911800378,0.9956362911800378
2022-03-23 00:00:00+00:00,0.9290840019941043,1.0311937738210448,1.0079067622287217,1.0495895795448484,0.6129604986237972,0.9570349532070269,0.7323808531792546,0.9300876133435443,0.9966351629299015,0.9966351629299015
2022-03-24 00:00:00+00:00,0.9326377854150908,1.0280510247259416,1.0124988633448437,1.045157427774036,0.6112742310858926,0.9569176187191536,0.7303655491113524,0.926967241115133,0.9956390821033307,0.9956390821033307
2022-03-25 00:00:00+00:00,0.930572275760099,1.0225063810218349,1.0130609592242688,1.0472898987858932,0.6102681257439667,0.9565592831706448,0.7265971427554734,0.925537258773939,0.9963604036795292,0.9963604036795292
2022-03-26 00:00:00+00:00,0.9340055206364049,1.0182976147556508,1.0191524180537956,1.0492656874080168,0.6107990100463704,0.9537359447291733,0.7288253381876214,0.9189408153632973,0.9979871486751136,0.9979871486751136
2022-03-27 00:00:00+00:00,0.9331271789370714,1.0155269413493266,1.0232260050473454,1.0471266409385054,0.6104879059500284,0.9547370978437684,0.7293559680474518,0.9154319632705464,0.997627977593784,0.997627977593784
2022-03-28 00:00:00+00:00,0.9338413363423093,1.0152581845737174,1.0226119369488331,1.0510145922233143,0.6091694668946065,0.9565078917090243,0.7254566161243761,0.9149935927643017,0.9983886790993495,0.9983886790993495
2022-03-29 00:00:00+00:00,0.9370618012297304,1.0164780427887825,1.0216321722533044,1.0470442184467712,0.6054873588325507,0.9559323297914061,0.7328918588936073,0.9151124504959419,0.9988391589578024,0.9988391589578024
2022-03-30 00:00:00+00:00,0.9402866964303846,1.0192444342106792,1.0164493811473032,1.0479103103795113,0.6080040860993149,0.9567100761551958,0.7354029601138711,0.9197880717949027,0.9978310392372534,0.9978310392372534
2022-03-31 00:00:00+00:00,0.9462445082390244,1.0088631228052318,1.021559490816871,1.0503792379098413,0.6099491642390135,0.9603548980966209,0.7334302928723112,0.9149817239500859,0.998893525705175,0.998893525705175
2022-04-01 00:00:00+00:00,0.9474399286109239,1.0161867516208165,1.0167608611334054,1.052110700798605,0.6097403458184559,0.9568991783687149,0.7291173052279895,0.9183878729362086,0.998946099092233,0.998946099092233
2022-04-02 00:00:00+00:00,0.9467600949216772,1.0113505097064002,1.0189023240825257,1.0511100822298118,0.6098805794150672,0.9562000220540654,0.727627416360314,0.9160337350228941,0.9998458835351846,0.9998458835351846
2022-04-03 00:00:00+00:00,0.943288388816818,1.00616960158878,1.0238776474699118,1.0538152199771091,0.6072598843636765,0.9566800445789405,0.723687711317236,0.9132541184595261,0.999199985025173,0.999199985025173
2022-04-04 00:00:00+00:00,0.9434614596196292,1.0102095826585713,1.02357600058534,1.0491180374018167,0.6084236271491927,0.9572077187951509,0.7247132279608142,0.915131674935289,0.9979274269390173,0.9979274269390173
2022-04-05 00:00:00+00:00,0.9443434074949805,1.0141715834404315,1.0196087448356406,1.044265025815948,0.6083190143409632,0.958490605155765,0.7228423659971797,0.9216519743598725,0.994851738959945,0.994851738959945
2022-04-06 00:00:00+00:00,0.9474532295257733,1.0116521857366798,1.021153111318032,1.0465920894402068,0.6095172320349442,0.9576495492781244,0.7244384377427381,0.9195965849550257,0.9959841071798294,0.9959841071798294
2022-04-07 00:00:00+00:00,0.9496552952692847,1.0102765702751209,1.0176962203732447,1.0467486204487897,0.6107016435431913,0.9526912059108699,0.7242920184748828,0.9242290871579141,0.9944873270321891,0.9944873270321891
2022-04-08 00:00:00+00:00,0.9495707410914123,1.0086581846714417,1.0186943227679663,1.0489468494529863,0.6098669555185864,0.9517276489054732,0.7215094814844109,0.9226927026607749,0.9950763694151697,0.9950763694151697
2022-04-09 00:00:00+00:00,0.9489748173524379,1.0079954887740952,1.0170709968829974,1.0485953420795904,0.6093122987049369,0.9517643010170038,0.7191683353533467,0.9244165780700335,0.9942931919388514,0.9942931919388514
2022-04-10 00:00:00+00:00,0.9529646335404712,1.0043834904495381,1.010560987025375,1.0437854891384912,0.6055432740928668,0.9496771634598663,0.7237471168893646,0.9338647371199954,0.9911818988952881,0.9911818988952881
2022-04-11 00:00:00+00:00,0.953596185672181,1.0052235659708524,1.013992783267087,1.0453804666276876,0.6014684695105964,0.9507328937704148,0.7182467523008673,0.9303704143280376,0.9922191969403106,0.9922191969403106
2022-04-12 00:00:00+00:00,0.9492445778278008,1.00614916827776,1.016735374060549,1.0428451423078255,0.6002316764327902,0.9503817039389887,0.7189603706729426,0.9275075345308945,0.9930433227391103,0.9930433227391103
2022-04-13 00:00:00+00:00,0.9516455429203678,1.002554744463883,1.0134912189336311,1.0345334138887037,0.5994263366106837,0.9496168496434814,0.7187919222464852,0.9317896637327027,0.991996609258214,0.991996609258214
2022-04-14 00:00:00+00:00,0.9495276341997071,1.0069172334278877,1.0139459929830814,1.0255532232688458,0.5968885294948971,0.9515418658482616,0.7211956776532502,0.9300305769271414,0.9927151598130138,0.9927151598130138
2022-04-15 00:00:00+00:00,0.9504937054494454,1.003094934787891,1.0112156972996411,1.020830194237099,0.5967744615376808,0.9491295533094501,0.720794262705948,0.9323518406896613,0.9928487299790506,0.9928487299790506
2022-04-16 00:00:00+00:00,0.9544753351166274,1.0042596570789974,1.0109912005830832,1.023674580056939,0.5947805904789235,0.949830554533908,0.7236554644221667,0.9334398493121848,0.991666349714559,0.991666349714559
2022-04-17 00:00:00+00:00,0.9560798779183778,1.0074754128785666,1.0145170120122515,1.021020836485218,0.5921690481086549,0.9518442043218066,0.7225385362044748,0.929455675606038,0.9926827929035649,0.9926827929035649
2022-04-18 00:00:00+00:00,0.955117712489635,1.0086080464607343,1.0156881061935532,1.0208114656360125,0.5901686465757834,0.9528436564422689,0.720781916319814,0.9273543367818737,0.9934875510820717,0.9934875510820717
2022-04-19 00:00:00+00:00,0.9546631463981389,1.010636325431195,1.0148660871062014,1.0165160579736099,0.5907081903385176,0.9533353290190126,0.721356236061173,0.9288392778622976,0.9929852124725668,0.9929852124725668
2022-04-20 00:00:00+00:00,0.9544658757608021,1.0118842964483399,1.0127697004240181,1.0146796760788512,0.5875762829635396,0.9542188058504151,0.7215798101760427,0.931229765692359,0.9917429000067193,0.9917429000067193
2022-04-21 00:00:00+00:00,0.9562335053237744,1.0083332383730494,1.0090246582113496,1.0114557565826077,0.5894177205892217,0.9521810002509773,0.7263556652333668,0.9352825584274419,0.9915432391594701,0.9915432391594701
2022-04-22 00:00:00+00:00,0.9601334733655823,1.0014110760548423,1.0067906560341042,1.0108988004949218,0.5867749922016432,0.9521034351996039,0.7260381011893318,0.9375526772875001,0.9912401884275512,0.9912401884275512
2022-04-23 00:00:00+00:00,0.9564112973458523,1.0033574372423122,1.0080118073874516,1.0117916270007294,0.5852840256006345,0.95267888976118,0.7251360285068182,0.9367761550003735,0.9907508281413485,0.9907508281413485
2022-04-24 00:00:00+00:00,0.9613058290123145,1.009128997410488,1.0139145781041388,1.0147753465628886,0.5816121019567898,0.9526781616972485,0.7320171980448829,0.9315905233186227,0.9910695822308132,0.9910695822308132
2022-04-25 00:00:00+00:00,0.9640619053061072,0.9992384092138005,1.0070372087769899,1.0154045490109092,0.580307244998507,0.9522162942498927,0.7352997567024104,0.9400272929489443,0.9885609590657153,0.9885609590657153
2022-04-26 00:00:00+00:00,0.9657774527830435,0.9975345032934708,1.0120755970203292,1.017555650203316,0.5832327899333206,0.9531480345464266,0.7299027430649542,0.9344881130212229,0.9893889579804849,0.9893889579804849
2022-04-27 00:00:00+00:00,0.9634207371407587,1.002783566064946,1.0196128361172103,1.0324707708416252,0.5806111034378546,0.9529250260196577,0.7295028348291349,0.9304423507478089,0.9892489465982033,0.9892489465982033
2022-04-28 00:00:00+00:00,0.9612037654302983,0.990190683703613,1.0167549018719093,1.0338363491027203,0.5787372859411769,0.9533716852299496,0.7292590849240397,0.9343650617592384,0.9874444204595066,0.9874444204595066
2022-04-29 00:00:00+00:00,0.9547605817974262,0.977747869796587,1.0208654945581597,1.0402488573558302,0.5801792534279789,0.9515860530241261,0.7236235687546436,0.9339681669751178,0.9847536485634774,0.9847536485634774
2022-04-30 00:00:00+00:00,0.9531728319068071,0.9841857897212863,1.022043311733612,1.0400579760247306,0.5772000785245612,0.9506758473756375,0.7232571524839747,0.9319707940290749,0.9861006620469596,0.9861006620469596
2022-05-01 00:00:00+00:00,0.9549243498149645,0.9798811787995478,1.024867855473701,1.043452643445837,0.5802293102194912,0.9478866948975293,0.7230254134252156,0.9306651142896329,0.9859489394062099,0.9859489394062099
2022-05-02 00:00:00+00:00,0.9518966896300098,0.977359426173953,1.0194564538342814,1.0388640023898366,0.5762211206950143,0.948551177454511,0.7216471963859112,0.9351406590120513,0.9854799197204036,0.9854799197204036
2022-05-03 00:00:00+00:00,0.9488811831583649,0.9910994325098129,1.020585420964318,1.0313205100438627,0.5711447604106413,0.9493844388442311,0.7203520169313937,0.9279092700847011,0.9886892436905494,0.9886892436905494
2022-05-04 00:00:00+00:00,0.9520860505557827,0.9764592928326667,1.0140793720911354,1.0307365886661888,0.5716980705779546,0.94412622694832,0.725538496192612,0.9389876890566723,0.9851779910258953,0.9851779910258953
2022-05-05 00:00:00+00:00,0.947725084619037,0.9747036912715075,1.014489256697335,1.0281363614321493,0.5697862350382128,0.9444926698065027,0.7236939198413118,0.9396245478171267,0.9846701394394518,0.9846701394394518
2022-05-06 00:00:00+00:00,0.9500071630252109,0.9720988829862844,1.0116698715331136,1.0284661335745005,0.5694872593210885,0.9440538376053336,0.7258203423739961,0.9431846924809596,0.9833570197628441,0.9833570197628441
2022-05-07 00:00:00+00:00,0.9385467886852809,0.9655631662302981,1.0047144505405061,1.0231365846242186,0.5744938324480477,0.9432299387808514,0.7264374058351081,0.9509669738895812,0.9820790751402916,0.9820790751402916
2022-05-08 00:00:00+00:00,0.947437190589349,0.9541920365880175,0.9925653286357408,1.016784575202909,0.5953943703850703,0.9367433095721966,0.7173125251893662,0.970561844070564,0.975314885951679,0.975314885951679
2022-05-09 00:00:00+00:00,0.9527645177216415,0.9572843646686786,0.9969385898981792,1.0177851665443411,0.5946048225862516,0.935972804923184,0.7181080196579015,0.9654195243405528,0.9775032849253915,0.9775032849253915
2022-05-10 00:00:00+00:00,0.9591970494352716,0.9755813929752397,1.005967753797142,1.043598066106089,0.5936754066472412,0.9386287800505393,0.7133100245776991,0.9681365026393517,0.970154931550515,0.970154931550515
2022-05-11 00:00:00+00:00,0.9487867639213008,0.9823055985081687,1.0108318068692506,1.0492962607052816,0.5943367284715356,0.9475780847201537,0.7142307181822334,0.9666847705649508,0.9679876333009759,0.9679876333009759
2022-05-12 00:00:00+00:00,0.9388554821555427,0.975825646784131,1.000763315581616,1.0284651156380682,0.5878345333247506,0.9474687269440407,0.7175896050928405,0.9700807682132547,0.9706310503851282,0.9706310503851282
2022-05-13 00:00:00+00:00,0.9526900673681448,0.9737747039227193,1.0015737236346072,1.0256179033783153,0.5885157580261715,0.9441972784929729,0.7162117385558029,0.9682030856435003,0.9717462754211513,0.9717462754211513
2022-05-14 00:00:00+00:00,0.9542727396980744,0.9864294882577355,1.005086552270566,1.0230684437745168,0.5874759866073759,0.9410192061078606,0.7130359265091444,0.9596224267594922,0.9741804524932041,0.9741804524932041
2022-05-15 00:00:00+00:00,0.9463286367443413,0.9821148715811303,1.0041753579863806,1.0236089465164027,0.5834512484604779,0.9410826459702973,0.7133764114527212,0.9639058168295838,0.9715891528041175,0.9715891528041175
2022-05-16 00:00:00+00:00,0.9402610576253736,0.9883728830868542,1.0003833097402985,1.0170531648896135,0.5785166147940543,0.9427682622992006,0.7108920695785944,0.9654594894250507,0.9730206901266212,0.9730206901266212
2022-05-17 00:00:00+00:00,0.9570368867057415,0.9834606414965757,1.0037307898254846,1.0289702823931022,0.5819181451857631,0.9404006057168053,0.7097272402342845,0.9672898372311575,0.969227610655817,0.969227610655817
2022-05-18 00:00:00+00:00,0.9576781349159723,0.9913022607613668,1.0092651322845836,1.039708850079705,0.5862986465873818,0.9392140235096307,0.7062679249332762,0.958559212680451,0.9709309468275583,0.9709309468275583
2022-05-19 00:00:00+00:00,0.9631492521883243,0.9870629002957643,1.0078184646766923,1.0394496486587566,0.5888432968015069,0.9414126654833455,0.6966423105884388,0.9613935409410828,0.9699246844432945,0.9699246844432945
2022-05-20 00:00:00+00:00,0.9629051372363523,0.9842681213038977,1.007269923063259,1.0399909702592345,0.5883610594465772,0.9402614320888474,0.7019241546823236,0.9604079590261414,0.970527232989375,0.970527232989375
2022-05-21 00:00:00+00:00,0.9646032869612026,0.9902843486941357,1.01011873198654,1.0389945357057109,0.585826881036449,0.9399529527312629,0.6998100602381324,0.9564357486050186,0.9715588424356263,0.9715588424356263
2022-05-22 00:00:00+00:00,0.9628414151993854,0.9789366098993926,1.0076055780257749,1.0405298824710503,0.5869201811301112,0.9420195935296474,0.7045864228473788,0.9605953400971063,0.970154795978481,0.970154795978481
2022-05-23 00:00:00+00:00,0.9604577051930787,0.9734440837544192,1.0095605391236886,1.0442923110237068,0.5864501317264176,0.9381889187098229,0.7049137452288675,0.9573233625078362,0.9706602731774485,0.9706602731774485
2022-05-24 00:00:00+00:00,0.9598876712817493,0.9725289581549857,1.0136540737175788,1.0515671742764925,0.5850217093708542,0.9362620073861941,0.7034057214834074,0.9540431318337874,0.9697679491634963,0.9697679491634963
2022-05-25 00:00:00+00:00,0.9509150226462566,0.9716491196086262,1.0185510889501113,1.0568440521039872,0.5896867647542627,0.9262629604226997,0.7093684064089114,0.9530074655414632,0.9671958135681625,0.9671958135681625
2022-05-26 00:00:00+00:00,0.950504012515009,0.9661692104827737,1.0176446290777321,1.062077986093937,0.5915768527801936,0.9243339720706676,0.7130309231010705,0.9552575623447181,0.9661700715179048,0.9661700715179048
2022-05-27 00:00:00+00:00,0.9505109575784394,0.9697149886766135,1.0149972626942798,1.0546771287446939,0.5870728575351916,0.9264075357293399,0.714289614176365,0.9567730323251211,0.9673619611016723,0.9673619611016723
2022-05-28 00:00:00+00:00,0.9478350907192714,0.9724301617861473,1.0142987551650213,1.049760338834457,0.5856209273174616,0.9257561300944437,0.7104491935820466,0.9571214011930838,0.9680355938875042,0.9680355938875042
2022-05-29 00:00:00+00:00,0.9464714448110237,0.9861494423225361,1.0235880941155762,1.0505433794235723,0.5849957534870932,0.9289301928666484,0.6915578525814371,0.9427069900260814,0.9706108665087493,0.9706108665087493
2022-05-30 00:00:00+00:00,0.9350809029421727,0.9802589462798542,1.0244027209176978,1.0546028942560761,0.588891945555822,0.9240545336185972,0.6853869713751265,0.9405665933036073,0.9705223167209802,0.9705223167209802
2022-05-31 00:00:00+00:00,0.9396739368857935,0.9826767562657452,1.021594774752681,1.0517549127316659,0.5840646177702878,0.9268917881722979,0.6882271291909098,0.948145086198015,0.9675090498372684,0.9675090498372684
2022-06-01 00:00:00+00:00,0.9348539291617918,0.9774897606071938,1.0219058258212605,1.0584907464821287,0.58852468999546,0.9241733914958148,0.686428194264995,0.9458959080708579,0.9685373888296118,0.9685373888296118
2022-06-02 00:00:00+00:00,0.9340334928969928,0.9774030788998578,1.0212298761490155,1.0575074410264091,0.5883051367603574,0.9246549928739705,0.6850399342785475,0.9489138136448587,0.9670147699005228,0.9670147699005228
2022-06-03 00:00:00+00:00,0.9318277062509562,0.9761794464647193,1.0193291504073068,1.056957967767435,0.5870282290018198,0.9250058004246962,0.6808152221042785,0.9499804658168912,0.9677423093320676,0.9677423093320676
2022-06-04 00:00:00+00:00,0.9290038506592411,0.9726417795476646,1.0202630108273112,1.06088039790642,0.5846616394668906,0.9246809272963565,0.6805026860398349,0.9491485870922405,0.9676888007269556,0.9676888007269556
2022-06-05 00:00:00+00:00,0.9305102081699747,0.9640819802244208,1.0226628181084907,1.0583354525149895,0.5842558196689076,0.9199331419360164,0.6839618413870424,0.9456776054750607,0.9690879197151033,0.9690879197151033
2022-06-06 00:00:00+00:00,0.9162118233753123,0.9363078888649754,1.0229331419399488,1.0831787546961604,0.5998853880918468,0.9175741727633586,0.6796547712170697,0.9451678961909511,0.9685791139376186,0.9685791139376186
2022-06-07 00:00:00+00:00,0.9094753718681458,0.9327275684393319,1.01834264471341,1.0930418328094584,0.597967007304392,0.9205509775540369,0.6840468976767251,0.9490930991727943,0.9681161249475649,0.9681161249475649
2022-06-08 00:00:00+00:00,0.9052846735178967,0.926442541377838,1.0155503712384315,1.0985420142057924,0.6038006592132079,0.9188423821440973,0.6824309619282198,0.9516777046310014,0.9685253214053899,0.9685253214053899
2022-06-09 00:00:00+00:00,0.9179107773645218,0.9410017023075306,1.0185806255677579,1.0978662066033282,0.5998336891797601,0.9137709758758226,0.682698704356853,0.9519491664718766,0.9661056865069428,0.9661056865069428
2022-06-10 00:00:00+00:00,0.919346595474757,0.9384067107166035,1.021358505194629,1.1050317940335104,0.5927599226675527,0.9072670401838698,0.6829581752569014,0.9526186735402588,0.9635385809040659,0.9635385809040659
2022-06-11 00:00:00+00:00,0.9163794674104168,0.9469412620662624,1.0190752483008065,1.0987397100591734,0.5941338429424381,0.9102845245094261,0.6754367545967723,0.9593128304123639,0.960659690949524,0.960659690949524
2022-06-12 00:00:00+00:00,0.8753071344215102,0.9204156998308715,0.9840260563951915,1.0881577514662748,0.6049802063513628,0.911926900482579,0.686455557640767,0.9983797457187233,0.9576490765960187,0.9576490765960187
2022-06-13 00:00:00+00:00,0.8543143745733317,0.9040570700003621,0.9755864527741233,1.0864290511733554,0.6064818972948602,0.9134397210375353,0.6973629999686976,1.00487257810061,0.9584263699356119,0.9584263699356119
2022-06-14 00:00:00+00:00,0.837979531088812,0.8987516073213303,0.9696711916383882,1.081889182739517,0.6154859068279859,0.9143996468106589,0.6963018865620936,1.0053698917400995,0.9613582426071008,0.9613582426071008
2022-06-15 00:00:00+00:00,0.8333393106108958,0.8894286368038049,0.9614738139561545,1.0871750970036493,0.6152214777074467,0.9186407228699637,0.7011364399743951,1.0207416747946465,0.9571385413730611,0.9571385413730611
2022-06-16 00:00:00+00:00,0.8331015067933849,0.8890045378839402,0.9590344893799527,1.084212715872126,0.6191533127113602,0.9160768350076401,0.7007439672516425,1.0222885786198839,0.9577860605711077,0.9577860605711077
2022-06-17 00:00:00+00:00,0.8116817963754343,0.871932023518579,0.9466581347342308,1.0944178187471811,0.6253593883553817,0.9161373310353055,0.7060622366571896,1.0388305407939757,0.9559876331528907,0.9559876331528907
2022-06-18 00:00:00+00:00,0.8291275079996161,0.877953449634084,0.9523981776794391,1.0853810468403446,0.6314606550542011,0.9104320741697567,0.696205274957118,1.0274749187454861,0.9588063577624681,0.9588063577624681
2022-06-19 00:00:00+00:00,0.8245261693797287,0.8767948588697877,0.9483801398695137,1.0853302616335065,0.6278462047250434,0.9122997265813676,0.6912775278638407,1.0304882486850067,0.959453455840712,0.959453455840712
2022-06-20 00:00:00+00:00,0.8251235589679788,0.87515602780178,0.9508598587720734,1.087556735151195,0.6299350303181701,0.9149451953141345,0.6879991254060431,1.0279771028283098,0.9597011549319274,0.9597011549319274
2022-06-21 00:00:00+00:00,0.8287909273228108,0.8700477670715175,0.9445913478495086,1.091739244512536,0.6292312973678094,0.9198779898608088,0.6875418679430089,1.0380636174053008,0.958922938086843,0.958922938086843
2022-06-22 00:00:00+00:00,0.8460263145789724,0.8689078764678125,0.9425113014655859,1.0804056011849381,0.634964406740106,0.9178005968363451,0.698243370293897,1.0371775691863965,0.9618122350551725,0.9618122350551725
2022-06-23 00:00:00+00:00,0.8472096791435817,0.8758958990680148,0.9428145768943699,1.0752069479705997,0.623674234440311,0.910234697716549,0.6995139083296442,1.0340559683684565,0.9635079689183015,0.9635079689183015
2022-06-24 00:00:00+00:00,0.8487862965646011,0.8697587897420479,0.9414208718701218,1.0761843313945785,0.6269360617480971,0.9090031200129144,0.7001221565141165,1.0352118695127308,0.9639474567698049,0.9639474567698049
2022-06-25 00:00:00+00:00,0.8498246853322119,0.8768027421784995,0.9434699794630058,1.0697679105532716,0.6266371449198198,0.9090099128598725,0.7007624282565,1.0349022154831988,0.9623725574329197,0.9623725574329197
2022-06-26 00:00:00+00:00,0.8536122288280246,0.8808611955689606,0.9433415273085586,1.0629989864373814,0.6251722911221212,0.9063634561220486,0.7009078897226801,1.0353505457099585,0.961761096045372,0.961761096045372
2022-06-27 00:00:00+00:00,0.8578008267439752,0.888992783747808,0.9433824647952842,1.0566474350919095,0.6279934968679909,0.9079205349608148,0.6980304724784436,1.0375586027425037,0.9602388800131505,0.9602388800131505
2022-06-28 00:00:00+00:00,0.8555715425185803,0.8833323072247895,0.9416292171541789,1.0623002264525987,0.6235494097921037,0.911519334188949,0.6924010341515596,1.0409188829513762,0.9596920913805129,0.9596920913805129
2022-06-29 00:00:00+00:00,0.8501879082212014,0.8825563461531478,0.9439618749402683,1.0688081110310093,0.617808599987979,0.9140235306243453,0.6889862617132487,1.038520935947074,0.9594307230560511,0.9594307230560511
2022-06-30 00:00:00+00:00,0.8530613769227093,0.8809244337733151,0.9405819089489251,1.0648159495182228,0.6149675230494789,0.9089717180259609,0.6783016410080994,1.0428141173632381,0.9586555644782428,0.9586555644782428
2022-07-01 00:00:00+00:00,0.8537588195361048,0.8825010121344931,0.9378789347366411,1.0627498740672559,0.6117442460565038,0.9088957024754026,0.6809980659417272,1.0455733809800192,0.9590731893784024,0.9590731893784024
2022-07-02 00:00:00+00:00,0.8517580064053575,0.8859034336235089,0.9410736275443103,1.0609012104970303,0.6098161945936722,0.907690111992832,0.678844633119094,1.0414227868288277,0.9590429262888623,0.9590429262888623
2022-07-03 00:00:00+00:00,0.8567513749790656,0.8856688946906989,0.9450135505591734,1.0561635806754237,0.6082349372363162,0.9069310886693964,0.669280278103015,1.0342602918040509,0.9607129424051197,0.9607129424051197
2022-07-04 00:00:00+00:00,0.8640390867552559,0.8836574603444495,0.9466963113098186,1.0542493581304169,0.6019192423270776,0.9099647304287699,0.6693112068516262,1.0334387827191123,0.9603816671921759,0.9603816671921759
2022-07-05 00:00:00+00:00,0.8687470254591928,0.8784753285900262,0.9480915509247781,1.0516330047579683,0.6049652167559637,0.9070832579580422,0.669206644009695,1.0305284016743557,0.9611310288845383,0.9611310288845383
2022-07-06 00:00:00+00:00,0.8670125797891352,0.8824712284798002,0.9510104375888357,1.0437142625380211,0.6054179626545848,0.909709969031983,0.6638403724341182,1.0260125730048177,0.9624701821126987,0.9624701821126987
2022-07-07 00:00:00+00:00,0.864886592651165,0.8821365573906444,0.9508169092342064,1.0531491444119865,0.6016707879721209,0.9134306708157053,0.6661716078019565,1.0277085676032571,0.9620880475893331,0.9620880475893331
2022-07-08 00:00:00+00:00,0.8652947457773867,0.8883799272763245,0.9498844290209212,1.0495181740281123,0.5994912357440878,0.9120228827997251,0.6619231558123624,1.027751968519509,0.9624067821552816,0.9624067821552816
2022-07-09 00:00:00+00:00,0.8606338119712936,0.8888070559963503,0.9448768447758972,1.0548608185030712,0.600849015584022,0.9117605599249868,0.6596906634585875,1.0353853247767497,0.9612258043981435,0.9612258043981435
2022-07-10 00:00:00+00:00,0.8625905345389154,0.8918332718546466,0.9428119744251594,1.05294872123371,0.5967950247793734,0.9134783917067525,0.6625249573501729,1.0405994936089475,0.959468720651011,0.959468720651011
2022-07-11 00:00:00+00:00,0.8664022809385526,0.8944701310295934,0.9427675209744376,1.052585154475115,0.5947312257675637,0.9167682412184439,0.6647938899551382,1.0424431707271864,0.9584294316124239,0.9584294316124239
2022-07-12 00:00:00+00:00,0.8577920261572888,0.8725880092398587,0.9390403996762627,1.069584379046716,0.598890266849716,0.9152846281652328,0.6664712512874408,1.0442304639867748,0.9605211201360111,0.9605211201360111
2022-07-13 00:00:00+00:00,0.8458965399233114,0.865929338145334,0.9346757783512787,1.081984344893963,0.5948626109565144,0.9082631121538087,0.6613570857603592,1.0466168364685549,0.9620155706677043,0.9620155706677043
2022-07-14 00:00:00+00:00,0.8440183313759048,0.8721827922720364,0.9344385056889288,1.0786434427426406,0.591220029708637,0.9047502579070746,0.659214688637199,1.045054425647433,0.9621230539093373,0.9621230539093373
2022-07-15 00:00:00+00:00,0.8363453175073149,0.8690656713732138,0.9292335420941362,1.0786194548705077,0.5965867876668878,0.8927681759490459,0.6502007554629756,1.0465571561160902,0.9637020835881671,0.9637020835881671
2022-07-16 00:00:00+00:00,0.83187076437432,0.8605825201886127,0.9232824788275708,1.0813866737892401,0.5947902550863888,0.8908761974100885,0.6513013226626579,1.0530340451665805,0.9631698703628848,0.9631698703628848
2022-07-17 00:00:00+00:00,0.8146981595579933,0.8475998847097148,0.9124244616579575,1.1061472424448315,0.5989579856852648,0.8806458584177146,0.6597511467960117,1.055856066214581,0.9666147983098833,0.9666147983098833
2022-07-18 00:00:00+00:00,0.8287127209898772,0.8641249227514369,0.9267679986023567,1.0947997955158626,0.5849632672691761,0.8918885803851825,0.6560206060700379,1.0407880211890008,0.9672984588885205,0.9672984588885205
2022-07-19 00:00:00+00:00,0.8268739857552035,0.8597850720695053,0.9278224156609718,1.0915024977617813,0.5830870933570726,0.8906281845434836,0.6556715801578495,1.0394914166354023,0.9657882298124774,0.9657882298124774
2022-07-20 00:00:00+00:00,0.8189220385198843,0.862446480245462,0.921696843260078,1.1083429389871726,0.5799233825272118,0.8852562776782413,0.6537434883798202,1.0438912500019484,0.9670094839481167,0.9670094839481167
2022-07-21 00:00:00+00:00,0.8224402433944953,0.8633059739601444,0.9243882183995933,1.1067452009826335,0.5782182540215893,0.8845693123958684,0.6539624464518585,1.0427044557127652,0.9658422189175572,0.9658422189175572
2022-07-22 00:00:00+00:00,0.8192618668116272,0.8726137732173426,0.9176053203364515,1.1006514330879713,0.5753957587581481,0.8807226065196895,0.6528938324876709,1.0487071330748337,0.9659258542981946,0.9659258542981946
2022-07-23 00:00:00+00:00,0.8127868726578924,0.8741116008866848,0.9133454170248898,1.104436784337128,0.5744188029818409,0.8772744179539255,0.6527192344188752,1.0510838333690804,0.9662750398101593,0.9662750398101593
2022-07-24 00:00:00+00:00,0.818659573842554,0.8786187123360738,0.9152785832393764,1.0965366778008412,0.5724963238710415,0.8807008823561959,0.6537430310762491,1.0549278004508111,0.9633488655871416,0.9633488655871416
2022-07-25 00:00:00+00:00,0.8196684209515518,0.8777201908895422,0.917153364510562,1.0995976987263543,0.5708833372404399,0.8794712061312441,0.6506892823019532,1.0531812761633292,0.9633951928856982,0.9633951928856982
2022-07-26 00:00:00+00:00,0.8157306796589229,0.8731561970635893,0.9185940174907343,1.1047464276764298,0.5649770592629413,0.8762375978339569,0.6475771199075306,1.0449010422507703,0.9665012369219436,0.9665012369219436
2022-07-27 00:00:00+00:00,0.812914658085938,0.8722225701224404,0.9190626828295922,1.1103057867688062,0.5625286554296889,0.8752484873867777,0.651874836359608,1.0408053310458971,0.9677419142421825,0.9677419142421825
2022-07-28 00:00:00+00:00,0.8190045047355488,0.8608092074001543,0.9255166990291422,1.1010328790865986,0.5685195994750826,0.8763589957470765,0.653217102053192,1.0343397605634468,0.9681659075991043,0.9681659075991043
2022-07-29 00:00:00+00:00,0.8224922363923977,0.8645212157397902,0.9289590854788963,1.0899583158478312,0.5694944127736341,0.8779500167327573,0.6550456272645265,1.0327036983732174,0.9681320324287774,0.9681320324287774
2022-07-30 00:00:00+00:00,0.8137709618055518,0.8651367710619967,0.9240960604413201,1.091318205576225,0.5684613212925106,0.8767224764531574,0.6496787775304974,1.0391231284549027,0.9677187253368364,0.9677187253368364
2022-07-31 00:00:00+00:00,0.8197458637024809,0.8618861630560049,0.9298580642761692,1.0861358525270863,0.5671522679246482,0.8802731110206683,0.6512757134741266,1.034134301381895,0.9672706662847197,0.9672706662847197
2022-08-01 00:00:00+00:00,0.8183983526564007,0.8591498424258401,0.9305550932584815,1.0866328202964461,0.567358705982504,0.8778709557603918,0.6550150365119058,1.0338239772623479,0.9664281681935626,0.9664281681935626
2022-08-02 00:00:00+00:00,0.8244047675059977,0.8502109257173345,0.9349564718733566,1.0883808604750882,0.5691162318437157,0.8778310865614285,0.6567246828077397,1.0298891845668723,0.9666030715811267,0.9666030715811267
2022-08-03 00:00:00+00:00,0.8282274681715666,0.8444249138123037,0.9380791810110783,1.0922017112075706,0.5711571660474991,0.8775077685219749,0.663092660571358,1.0269786059347292,0.9669394117125804,0.9669394117125804
2022-08-04 00:00:00+00:00,0.81522494157863,0.8467167049260379,0.9308068709187406,1.09921724547254,0.5673456396850562,0.871602235553291,0.6589688338711079,1.0297995927812351,0.9684477108406355,0.9684477108406355
2022-08-05 00:00:00+00:00,0.8139545974733862,0.845779863337713,0.9296867118765411,1.0992269852062873,0.5683073604662033,0.87392186932853,0.6643459626347032,1.033618559434166,0.9681293507041542,0.9681293507041542
2022-08-06 00:00:00+00:00,0.8132270950818484,0.8423203475019125,0.9309292104464626,1.100587732821997,0.5666153509616162,0.8749284842327051,0.6630184747285658,1.0315316269749808,0.9689208444760868,0.9689208444760868
2022-08-07 00:00:00+00:00,0.8086318151750818,0.8453708779625807,0.9309234179707294,1.0986368119580001,0.5576058092112729,0.8732301549263373,0.659485807312536,1.0286081547169434,0.9697711129234226,0.9697711129234226
2022-08-08 00:00:00+00:00,0.8116145168130235,0.8372744448730276,0.9321119659415618,1.1070809197706308,0.5656628181256315,0.875225443223003,0.6636664837023679,1.029632659890438,0.9688302017271426,0.9688302017271426
2022-08-09 00:00:00+00:00,0.8029947794862816,0.8351787892054519,0.9278625531595461,1.109721368721178,0.5728261915432358,0.869129282143044,0.6624377779615804,1.0296838607871874,0.9703449792849758,0.9703449792849758
2022-08-10 00:00:00+00:00,0.8024639056570215,0.8396157486414948,0.9262490984342607,1.104962089523492,0.5688834763658152,0.866694265388653,0.6658025628700134,1.0300557457966713,0.970023622655242,0.970023622655242
2022-08-11 00:00:00+00:00,0.79788150208815,0.8358990016492694,0.9242742306028642,1.1050698096029978,0.5692713488282506,0.8652350463935217,0.6651068369894396,1.0295285081417553,0.9708352636778547,0.9708352636778547
2022-08-12 00:00:00+00:00,0.8016221444853759,0.8446190233757589,0.9171958414959874,1.0974677491596823,0.571999772567289,0.8646152026017596,0.6640692067730217,1.0364093603366598,0.9711607111797191,0.9711607111797191
2022-08-13 00:00:00+00:00,0.8052379447625392,0.8468426282886179,0.9192632496782159,1.087489105498794,0.5680055390202733,0.8658102096920114,0.6624750892187774,1.0358347619627757,0.9704588414966372,0.9704588414966372
2022-08-14 00:00:00+00:00,0.8084312987146318,0.8543350082829988,0.9249496291787082,1.0885630073048618,0.5579766205570441,0.8665311454180691,0.6627517073735798,1.0313582240983923,0.9698103222330196,0.9698103222330196
2022-08-15 00:00:00+00:00,0.8077690523598348,0.8538605092116237,0.9246220822571102,1.0860170079281781,0.5586649841173833,0.8655281900009678,0.659269704044952,1.032338156029581,0.9695804045726032,0.9695804045726032
2022-08-16 00:00:00+00:00,0.8143069602650026,0.8567252545395778,0.9249530750207249,1.0817236330150555,0.5579875391399882,0.8628083612611797,0.6550652954571567,1.0321733142270326,0.9686016525200786,0.9686016525200786
2022-08-17 00:00:00+00:00,0.815541253312114,0.8558569070880204,0.9226558472570198,1.077805417163317,0.5585024551099692,0.8602340348499851,0.6519745801490019,1.0335242946452867,0.9676735162592214,0.9676735162592214
2022-08-18 00:00:00+00:00,0.8107188291008437,0.8600366476285181,0.9137586642816781,1.0809357204530998,0.5580298377186977,0.8616133872771853,0.6516603079936552,1.051792046732234,0.9646116817631573,0.9646116817631573
2022-08-19 00:00:00+00:00,0.8142050137283712,0.8674072206005559,0.9202181326675549,1.0722498281118993,0.5528946365846853,0.8669998340254309,0.6557759582781775,1.0452039436245044,0.9644634553903171,0.9644634553903171
2022-08-20 00:00:00+00:00,0.8186961706904831,0.8668387679653226,0.9253333788588077,1.0772052695502958,0.5512953903732982,0.8661367733650787,0.6601469819550868,1.0373281637641234,0.9654596445360066,0.9654596445360066
2022-08-21 00:00:00+00:00,0.8146636170264135,0.8650824714461703,0.9224173470772089,1.0816743159325881,0.547917744840323,0.8637842703688453,0.6567817570189388,1.0389396285369439,0.9654130912662028,0.9654130912662028
2022-08-22 00:00:00+00:00,0.8069791243160773,0.863734827182508,0.9176220092736147,1.0833759200391857,0.5448961577209944,0.8619770665274045,0.6543390201683054,1.0425888983495701,0.9661952116002545,0.9661952116002545
2022-08-23 00:00:00+00:00,0.8054279741818342,0.8599185677540044,0.9167742559038137,1.0882819607644452,0.5476338992596611,0.860649213252696,0.6464805363377322,1.043057332976543,0.9660143230308361,0.9660143230308361
2022-08-24 00:00:00+00:00,0.8071416134634997,0.8611433278139482,0.9183970034925022,1.089013452370431,0.5453373769895477,0.8584727894269297,0.650372378344599,1.0395501404400076,0.9661981274379375,0.9661981274379375
2022-08-25 00:00:00+00:00,0.8131410763977764,0.8644578869405474,0.918293179413346,1.0770601971510316,0.5415955673548113,0.8631243007451971,0.6573728632261968,1.0469138076923066,0.9635288428259793,0.9635288428259793
2022-08-26 00:00:00+00:00,0.8141896133098776,0.8686549876872469,0.9144017427961102,1.0625450289383473,0.5391884287360774,0.8633631619897119,0.6596509439052852,1.05226380803238,0.9635575892265072,0.9635575892265072
2022-08-27 00:00:00+00:00,0.8195621201288354,0.8728787761484165,0.9152852559292729,1.0588837960042634,0.5384169537074008,0.8650362998965745,0.6585023210638539,1.0527889001599045,0.9624091249558799,0.9624091249558799
2022-08-28 00:00:00+00:00,0.8173253048733238,0.8753148243044621,0.9139856985466102,1.0649544840640808,0.5357093255706581,0.8597668054665473,0.6572269526278456,1.0485273101495993,0.9640853173923843,0.9640853173923843
2022-08-29 00:00:00+00:00,0.822133200635477,0.8719291259421702,0.9095000550204397,1.0610311636016925,0.5312731863869515,0.8578188329248408,0.6565534765457681,1.0547824344490109,0.9637146741979511,0.9637146741979511
2022-08-30 00:00:00+00:00,0.8189990670603001,0.869963913686538,0.90828267637899,1.0637979790340746,0.5323326033358433,0.8576614449967991,0.6569623121020869,1.0546332417556636,0.9638028537696786,0.9638028537696786
2022-08-31 00:00:00+00:00,0.8079528019457467,0.8610248161914754,0.9017937143972922,1.0781402977174381,0.5304606493403965,0.8560640619576018,0.6636914581805843,1.0597623712354618,0.9647534081743098,0.9647534081743098
2022-09-01 00:00:00+00:00,0.8004850889945374,0.8579936113652824,0.8998006636445367,1.0883357308217214,0.532469424218894,0.8551903688563021,0.6614085094504373,1.0617064684627504,0.964675033615481,0.964675033615481
2022-09-02 00:00:00+00:00,0.8002659829886488,0.8572347815032261,0.8986471783247121,1.0901771939257128,0.5308046181104503,0.8553416755968476,0.66295767192105,1.0638356712838335,0.9647685111888458,0.9647685111888458
2022-09-03 00:00:00+00:00,0.8008565945495163,0.8571213760263896,0.8981574566004322,1.086399673627404,0.5296750253928615,0.8543700832843079,0.6621530172666223,1.0632611570047499,0.9653873640494394,0.9653873640494394
2022-09-04 00:00:00+00:00,0.8051946659752103,0.8602124508978518,0.8942173073696912,1.0743174853156912,0.527267188965835,0.8495420136139177,0.6626855805901962,1.0670148825712038,0.9653767385287348,0.9653767385287348
2022-09-05 00:00:00+00:00,0.8110025305426669,0.8711058813472584,0.8906924481039145,1.065887056569375,0.526051990493462,0.8452888592846963,0.6729636713963785,1.0746159944370544,0.9632856925138289,0.9632856925138289
2022-09-06 00:00:00+00:00,0.8132309946210765,0.8716353484184444,0.8956988844514951,1.0669676217232653,0.5257392753807044,0.8430245594321669,0.6744503303999686,1.0654515855219298,0.9648837896627956,0.9648837896627956
2022-09-07 00:00:00+00:00,0.8099579122529653,0.8704285673281721,0.89488486551776,1.0671956859463703,0.5253802074945068,0.8432622610885671,0.672600252047082,1.0658173765437988,0.965487061093256,0.965487061093256
2022-09-08 00:00:00+00:00,0.8132257869258758,0.8791239999788749,0.9082776228829179,1.0603309296680796,0.5304335027114037,0.8532604899679396,0.6529252474425502,1.0460836027390594,0.9674160712986221,0.9674160712986221
2022-09-09 00:00:00+00:00,0.8154172812021911,0.8767238886358439,0.9069427764245881,1.064155171421026,0.527043214335867,0.8508467063727015,0.6502433423265237,1.0444152344253959,0.9678066308104957,0.9678066308104957
2022-09-10 00:00:00+00:00,0.8179350375175884,0.8788491008651426,0.9092926845333856,1.0580606215935182,0.52729945258907,0.8529936387516537,0.650967339906267,1.0424781117368933,0.9676829734256721,0.9676829734256721
2022-09-11 00:00:00+00:00,0.8101807416352153,0.8910855173259616,0.9152606119089283,1.0401701633095997,0.518823997440301,0.863255795378891,0.6634122075602962,1.0395717603560217,0.9679018564896764,0.9679018564896764
2022-09-12 00:00:00+00:00,0.8061373071031154,0.9059639662884494,0.901784015100463,1.0477119562489372,0.5105798165197348,0.8561227180944785,0.6638756228519185,1.0578340507125403,0.9650005333318202,0.9650005333318202
2022-09-13 00:00:00+00:00,0.8060963913958397,0.906036992729176,0.8997554724159755,1.0474592515760217,0.506739435862063,0.8507670794901094,0.663366108395834,1.0572690094345845,0.9657510069561047,0.9657510069561047
2022-09-14 00:00:00+00:00,0.7914932574208384,0.8961331272172296,0.8992729113636324,1.0474404723417445,0.5047270423425404,0.8608499005173391,0.6593731438721363,1.062412338860811,0.9647942637849736,0.9647942637849736
2022-09-15 00:00:00+00:00,0.8007941050873758,0.8948282722166849,0.9138836449604082,1.0481471334928774,0.5055107120856025,0.8619238018596794,0.6532937113780296,1.0485069519541448,0.9651643414743092,0.9651643414743092
2022-09-16 00:00:00+00:00,0.8026769251738127,0.8909584222465763,0.9194050232151185,1.045180332630461,0.5030014136486407,0.8611734465532426,0.6524319621917181,1.0420442057107662,0.9660034311473715,0.9660034311473715
2022-09-17 00:00:00+00:00,0.8057926063157663,0.8818287231628811,0.9269253104938358,1.0525259968621472,0.5041999537944015,0.867123692810744,0.6553101538750236,1.040682452314732,0.96342141661321,0.96342141661321
2022-09-18 00:00:00+00:00,0.8088710593210168,0.8721975780511452,0.9322663611374016,1.0606549594283277,0.5084559402333965,0.8620157872054801,0.6464635849478833,1.0338557777788429,0.9641330167730372,0.9641330167730372
2022-09-19 00:00:00+00:00,0.8113449288297804,0.8639484234856614,0.941301762515868,1.059528070576413,0.5068419844422019,0.8623674992985639,0.6394571498789452,1.0287810851475643,0.9630780901261042,0.9630780901261042
2022-09-20 00:00:00+00:00,0.8102324762789098,0.8689858805601482,0.9425749084227103,1.0553481609631707,0.5022037505624896,0.85793148736836,0.6437530571774159,1.03235478604767,0.9621917793575112,0.9621917793575112
2022-09-21 00:00:00+00:00,0.79090275124447,0.8394936992214034,0.9546036944215877,1.0817974115054598,0.5172649914513492,0.8598106020646968,0.6376866587284583,1.0118111129265628,0.9643850670154672,0.9643850670154672
2022-09-22 00:00:00+00:00,0.7815293854867175,0.8349411329872982,0.953878248978026,1.0904195183103396,0.5147644844277404,0.860103553608777,0.6342464558161073,1.0128211918600472,0.9648661510446896,0.9648661510446896
2022-09-23 00:00:00+00:00,0.778848935937372,0.8358332270642722,0.952442629639522,1.0940586025181915,0.5121316576049109,0.8624414102337288,0.6369495690624761,1.016129582904982,0.9642397348597583,0.9642397348597583
2022-09-24 00:00:00+00:00,0.7726319325593031,0.8308326237698064,0.9523849508510309,1.1020958131746952,0.5123281879588365,0.8620159752920389,0.6363171827901309,1.015245442572579,0.9640703656952513,0.9640703656952513
2022-09-25 00:00:00+00:00,0.7785751502426389,0.8445769764243415,0.9524622397665302,1.0888607325163238,0.5108118244118087,0.8602104490036615,0.6413113965908106,1.0163628666768598,0.9645452820901507,0.9645452820901507
2022-09-26 00:00:00+00:00,0.7807006018899579,0.8453554603855012,0.9507677888714247,1.085878872462691,0.5125823698153957,0.8606136257213083,0.6421262078778806,1.0201535060047588,0.9639451217943608,0.9639451217943608
2022-09-27 00:00:00+00:00,0.7892023673400995,0.8463072989740199,0.9608495826584382,1.0871844136730435,0.5138250788747496,0.858729799514673,0.6439127398007122,1.0098168927072422,0.9639478249460958,0.9639478249460958
2022-09-28 00:00:00+00:00,0.7822325331510209,0.8365942061834496,0.9637093040951336,1.09835474436237,0.5090875408202685,0.8571829498578618,0.6402563297464232,1.0031671858289648,0.9643560972119315,0.9643560972119315
2022-09-29 00:00:00+00:00,0.7866379507405948,0.8419141149328936,0.9632593240640315,1.092791054402181,0.5090576267369898,0.8582278332703543,0.6363123985226609,1.0055176032333735,0.9641303755471433,0.9641303755471433
2022-09-30 00:00:00+00:00,0.7876757666415861,0.8432456048812143,0.964443475694756,1.0904255588213727,0.5082944918626533,0.8576382150242333,0.6342365691628042,1.0052222580462369,0.9636561977716741,0.9636561977716741
2022-10-01 00:00:00+00:00,0.7941856490782986,0.8403502218187527,0.9699039268670583,1.0942724989669719,0.5099561065367281,0.8557421588095958,0.6394587880607134,1.0052576722680202,0.9628510816410072,0.9628510816410072
2022-10-02 00:00:00+00:00,0.7933766192322531,0.8447211462993799,0.966617777826702,1.087705935211877,0.5103405077942921,0.8547016929844081,0.6346725239808375,1.0051354397191963,0.9639858747107408,0.9639858747107408
2022-10-03 00:00:00+00:00,0.7950654480129659,0.8410106339211489,0.9720841819303371,1.0978603680435681,0.5107017542984935,0.8525929039893341,0.6350939736593835,0.995359150759097,0.9649141142210194,0.9649141142210194
2022-10-04 00:00:00+00:00,0.7937690703520144,0.8397454256127412,0.9690668738193847,1.1030760243756026,0.5085768654841138,0.8527901974589281,0.6289731539257903,0.9983402480973427,0.9649291396476163,0.9649291396476163
2022-10-05 00:00:00+00:00,0.7922707373263537,0.8457188785212838,0.9649071285564722,1.0966993326717134,0.5040197209628128,0.8549350110530789,0.6250318574568209,1.001226634386622,0.9644991751632238,0.9644991751632238
2022-10-06 00:00:00+00:00,0.7826157067404516,0.8482412768883685,0.9600106839837855,1.0967852487026126,0.5078884017100289,0.8566464686372728,0.6179232176753691,1.0048939733887272,0.9643659915887346,0.9643659915887346
2022-10-07 00:00:00+00:00,0.7793395685522136,0.8526219267723903,0.9567728731669042,1.0906912471333834,0.5092861837159294,0.8558069147691991,0.6124256941601247,1.0085458256890762,0.9641283972402538,0.9641283972402538
2022-10-08 00:00:00+00:00,0.778357287814331,0.8476422177965404,0.9562295851419064,1.0924909855750244,0.511873587023569,0.856105489836038,0.6105265221592946,1.0073506237555399,0.9645005025002356,0.9645005025002356
2022-10-09 00:00:00+00:00,0.7791761665328982,0.8464525304814475,0.9556441673408266,1.0962097567143223,0.5103974126367435,0.8541269943772624,0.6161157519283216,1.013450044608138,0.9633140006587142,0.9633140006587142
2022-10-10 00:00:00+00:00,0.7805482160718679,0.8461468291067489,0.958069788858341,1.0943675176497425,0.5077516183722781,0.8540318174810312,0.6141488515975105,1.0111791148856235,0.9627166152350135,0.9627166152350135
2022-10-11 00:00:00+00:00,0.7778756408565292,0.842451067431499,0.958553320276492,1.0989151322627582,0.508636436929826,0.8539970026786087,0.6129584592402197,1.009755854688317,0.9626039387246054,0.9626039387246054
2022-10-12 00:00:00+00:00,0.7768650695146105,0.840670280466173,0.9632839044239822,1.1021115516458313,0.5098380113582287,0.8515244582751834,0.6130768971036258,1.0048233127914294,0.9621372328154842,0.9621372328154842
2022-10-13 00:00:00+00:00,0.7771727734778394,0.8335060294307575,0.9581656590682486,1.1025422889459644,0.5089905642885384,0.8535714305891975,0.609370893989964,1.0095349734657415,0.9621305079916468,0.9621305079916468
2022-10-14 00:00:00+00:00,0.7752847612129918,0.8309887477945919,0.9585669676291874,1.1037593343682706,0.5098821812868842,0.8519777653252756,0.6071159233003329,1.01091360216805,0.9618790776456123,0.9618790776456123
2022-10-15 00:00:00+00:00,0.7754961148107247,0.8347908420228644,0.9591921900171669,1.1018380573880253,0.507662085324447,0.8534606074652477,0.6081539013942054,1.0094602444069762,0.9623965565428493,0.9623965565428493
2022-10-16 00:00:00+00:00,0.7732511292179184,0.8290073622235046,0.956626168472193,1.1044249253633143,0.5074982637281648,0.8525873499764405,0.6057483373751827,1.011547645836646,0.963224675584592,0.963224675584592
2022-10-17 00:00:00+00:00,0.7706015072853771,0.8245737479077572,0.9547559573979749,1.1080537984400307,0.5051182897740955,0.8516525519951964,0.6034205491334996,1.0164241816078086,0.9627930575758383,0.9627930575758383
2022-10-18 00:00:00+00:00,0.7693304176541438,0.8221800147269394,0.9596674321676548,1.1168458676787585,0.5030365141016465,0.8509298718707733,0.6033796826606778,1.0137348565019602,0.961734471506019,0.961734471506019
2022-10-19 00:00:00+00:00,0.7700440323816132,0.824759494825802,0.9593507167989298,1.1171114589390831,0.5021505696715026,0.8514688564009961,0.6042093912559393,1.0137490497311084,0.9611556422143233,0.9611556422143233
2022-10-20 00:00:00+00:00,0.772448007730601,0.8259168181435782,0.9564215074808752,1.1116048110994463,0.49962943710410795,0.8522015301541955,0.6024259824944056,1.014604292813243,0.9617339289984845,0.9617339289984845
2022-10-21 00:00:00+00:00,0.773019948076464,0.8260764535262638,0.956181598287596,1.110639712881447,0.4992904064437784,0.8496710264036382,0.6029763944262438,1.0137702005928269,0.9617913504464758,0.9617913504464758
2022-10-22 00:00:00+00:00,0.770383575157271,0.8164567691097656,0.9545429497190774,1.1127993127112559,0.5003552788529432,0.8487727820181057,0.6037310792135802,1.015299726170059,0.9629635349363184,0.9629635349363184
2022-10-23 00:00:00+00:00,0.7691904711334207,0.8154661865851818,0.9565389977579796,1.110748930427984,0.5001223855253176,0.8486492996846552,0.6044507505562774,1.0167926537979353,0.9622444024841598,0.9622444024841598
2022-10-24 00:00:00+00:00,0.7700010692331561,0.8183576522274024,0.9604423870429986,1.0912488381245466,0.5045918018880141,0.8525949348300523,0.6044890734498115,1.0108677457533903,0.9640253099480978,0.9640253099480978
2022-10-25 00:00:00+00:00,0.7721097677445499,0.8116212871702456,0.961327306817862,1.0954307873145734,0.49931145983991587,0.847449773631995,0.6047910395199972,1.0048310708609793,0.9647072589599602,0.9647072589599602
2022-10-26 00:00:00+00:00,0.7722540820806414,0.8146266732657663,0.9597757167004906,1.0929368024453239,0.49699790447979975,0.8458976733399607,0.6002109270851671,1.008935069181565,0.9640580293237501,0.9640580293237501
2022-10-27 00:00:00+00:00,0.7731844227480491,0.8154801933439394,0.9611275436407779,1.0874397163736929,0.4972856851622735,0.8469600697085116,0.6000859347564675,1.0074108394915204,0.9653699523833511,0.9653699523833511
2022-10-28 00:00:00+00:00,0.774107663054597,0.8181687443380723,0.962514692742869,1.0817848862336905,0.49585327713072397,0.8516756852927028,0.6037952149042747,1.0041791542322938,0.965968829950662,0.965968829950662
2022-10-29 00:00:00+00:00,0.7801842362708213,0.8128656956449635,0.9681945711890962,1.0814283113373706,0.4980365103769621,0.851688809545432,0.6058999588351662,1.0007713211451839,0.9658394174482697,0.9658394174482697
2022-10-30 00:00:00+00:00,0.7859863040574238,0.8068431599954505,0.9732785722734968,1.088714745290565,0.49878237764256306,0.8522310081945265,0.6018407104804243,0.996834146008383,0.9661171829302178,0.9661171829302178
2022-10-31 00:00:00+00:00,0.7858841861830103,0.8065477791838292,0.9742042178694555,1.0872310705343693,0.49865236140153474,0.8537289636184223,0.603047137807051,0.9938281978730001,0.9656358622335779,0.9656358622335779
2022-11-01 00:00:00+00:00,0.7915580061072222,0.8090960678608698,0.9752266816776902,1.079255938615767,0.4989951368198436,0.8502678480090523,0.6122225666000268,0.9942820649815303,0.9648999963498475,0.9648999963498475
2022-11-02 00:00:00+00:00,0.7998882767953182,0.8097860926644505,0.97676796612808,1.080644308405454,0.49588926572802844,0.8502721669149716,0.6116449420151674,0.9933091314608016,0.9656174275528397,0.9656174275528397
2022-11-03 00:00:00+00:00,0.8121861988710705,0.8131854669876358,0.9766876980780772,1.0782229133237375,0.5030646884834202,0.8506955319184999,0.611447657052216,0.9861444369258622,0.9689197881813665,0.9689197881813665
2022-11-04 00:00:00+00:00,0.8048268913572562,0.8119867797613878,0.9739225175731863,1.0734616275833493,0.49719500826804197,0.847214119211188,0.6075401200579149,0.991113077575384,0.9693170852598936,0.9693170852598936
2022-11-05 00:00:00+00:00,0.8030091507018527,0.8073697512250197,0.9744097257349211,1.0767453084880172,0.49669125919029405,0.8455591459944404,0.6040052906086268,0.9930178332454417,0.9675475417478173,0.9675475417478173
2022-11-06 00:00:00+00:00,0.8078645350841261,0.8103342489664158,0.9662330720735322,1.0808933566612058,0.4832593432188283,0.8461501985971367,0.6021425943400585,1.0031175829712193,0.9678520623127189,0.9678520623127189
2022-11-07 00:00:00+00:00,0.8113319795795677,0.8132837635218061,0.9780791731979288,1.0888113336801253,0.4864008527871849,0.8467272910623965,0.6086905802893395,1.0076077677062631,0.963241537458125,0.963241537458125
2022-11-08 00:00:00+00:00,0.7672779282936572,0.7637191098344238,0.9602574978196642,1.1130960064416298,0.5156553307713373,0.8491242359381327,0.5884260771608348,1.0403731356698531,0.9558433859100474,0.9558433859100474
2022-11-09 00:00:00+00:00,0.7695554671356447,0.7582651861708147,0.9573888664752634,1.1268131779990915,0.5137058791208323,0.8447953463145845,0.5718495794793567,1.0342098053722426,0.9614190161353376,0.9614190161353376
2022-11-10 00:00:00+00:00,0.7668269282684456,0.7542767029483588,0.9513569554773592,1.1312870358003257,0.518080432766325,0.8400893545195681,0.5683533195136088,1.039564911308175,0.9602126342442012,0.9602126342442012
2022-11-11 00:00:00+00:00,0.7621180735507256,0.7584788503107125,0.9616594059960728,1.1268287176898841,0.520347891713734,0.8397108002944342,0.5655314439133422,1.0327209303901312,0.9582891440564537,0.9582891440564537
2022-11-12 00:00:00+00:00,0.7542890150917817,0.7596693886816254,0.9640058629382452,1.1281072543037067,0.5166464165140651,0.839257723861083,0.5709629842277905,1.035327883127173,0.9569945335136996,0.9569945335136996
2022-11-13 00:00:00+00:00,0.7641620448509261,0.7692716721698794,0.9627864744397799,1.1122766909244657,0.5127571609334043,0.8401005027637627,0.5640028745292134,1.0310365072163965,0.9577975170621568,0.9577975170621568
2022-11-14 00:00:00+00:00,0.76080276722433,0.7698496197123276,0.9622580641941277,1.1056753740516863,0.5095426890487825,0.8425881150145904,0.5659396351461132,1.030735808502006,0.9583623742469319,0.9583623742469319
2022-11-15 00:00:00+00:00,0.761082777510986,0.7690832592098586,0.9621491568920606,1.1045912461496132,0.5056838688698407,0.8435167123499983,0.564429838370152,1.0325758075414553,0.9575342645578876,0.9575342645578876
2022-11-16 00:00:00+00:00,0.7531301206375084,0.7565401462829772,0.964411905185847,1.1154279508973113,0.508695835262719,0.8457541455581501,0.5687656719103551,1.0277940047059775,0.9573149903844655,0.9573149903844655
2022-11-17 00:00:00+00:00,0.7555744222731214,0.7600776397572149,0.9664197792348401,1.1184157723644201,0.5058127485645207,0.8439959224642585,0.567776777366015,1.0243364253247198,0.957340144401878,0.957340144401878
2022-11-18 00:00:00+00:00,0.7529778549792777,0.7567587863299502,0.9670287088939272,1.1198547726609287,0.5071406065948137,0.8434682340891028,0.5645501450901128,1.0233035172995506,0.9572734104516536,0.9572734104516536
2022-11-19 00:00:00+00:00,0.7517737488082908,0.7534407426384933,0.9685454143130172,1.1212064424310724,0.5054775420826055,0.8462008612961842,0.5666659240763097,1.0242121489755467,0.955582984319362,0.955582984319362
2022-11-20 00:00:00+00:00,0.749977035001687,0.7496413671110508,0.9629215134610072,1.120005852820272,0.5058753746092992,0.8454016757651676,0.5688646439276098,1.030392454219822,0.9549500311931034,0.9549500311931034
2022-11-21 00:00:00+00:00,0.7508335253592855,0.7347555965208955,0.9636846877480486,1.1350737410220768,0.5039318780632487,0.8465561183480662,0.5734728990914394,1.0247692107461188,0.9565619732429109,0.9565619732429109
2022-11-22 00:00:00+00:00,0.7575969559950634,0.7297435848978382,0.9671764551491115,1.1368864099194524,0.4974487514079381,0.8436143011078022,0.5808470082784637,1.0156399141261376,0.9582059610181806,0.9582059610181806
2022-11-23 00:00:00+00:00,0.7644559009811701,0.7304439328586593,0.9653393077101509,1.133077810683769,0.4958534718422017,0.8409335530559395,0.5746790715819126,1.0139918854747576,0.9584069210165609,0.9584069210165609
2022-11-24 00:00:00+00:00,0.7699294129011366,0.7368574310394178,0.9666691417133616,1.1301497090161174,0.49476142434240705,0.8401598010022593,0.5729870582146287,1.0116237328290196,0.9580088689040762,0.9580088689040762
2022-11-25 00:00:00+00:00,0.7752688923371204,0.7295602924759154,0.965434785633185,1.137463880975034,0.492487606368158,0.8383240828291196,0.5762963444907324,1.0110951428194568,0.9582733975006031,0.9582733975006031
2022-11-26 00:00:00+00:00,0.7729646667337939,0.7347671503858795,0.9661649733850557,1.13130547458729,0.4927637012877397,0.8394758166721209,0.5746889159900895,1.011902850014884,0.9580712681312088,0.9580712681312088
2022-11-27 00:00:00+00:00,0.7694888313717599,0.7337059696728542,0.9640812725997688,1.1338198549223235,0.4923067212688191,0.840479002385032,0.56847430575607,1.01529130957681,0.9573743505645345,0.9573743505645345
2022-11-28 00:00:00+00:00,0.7691505854122319,0.7344589079469562,0.9642523941835766,1.1315583741581572,0.49097362986253384,0.8380892114919212,0.5617179317498039,1.0139550260098171,0.9579253477179251,0.9579253477179251
2022-11-29 00:00:00+00:00,0.7699351790095779,0.7367620960876083,0.96426658283237,1.125219082347224,0.4915475038251398,0.839103318665208,0.559543993962071,1.0134049874688533,0.9593784941015777,0.9593784941015777
2022-11-30 00:00:00+00:00,0.7667419989298889,0.737126015408514,0.9641161960423059,1.1234540133773587,0.491408132232201,0.8393987496123796,0.5590748859034899,1.0153690923130132,0.9587583041724383,0.9587583041724383
2022-12-01 00:00:00+00:00,0.7621796639594907,0.7416005486690852,0.9643611099230875,1.111134947010876,0.4900642961480818,0.840000067740369,0.5579131478264283,1.017351531273466,0.959285826763659,0.959285826763659
2022-12-02 00:00:00+00:00,0.7601828844794739,0.7484330326902822,0.9671712727541752,1.1072030052411967,0.48744651189606836,0.8423708308560538,0.5588644765510247,1.015676847208142,0.9584647291402246,0.9584647291402246
2022-12-03 00:00:00+00:00,0.7569739077779026,0.7445286337423968,0.9665167517447606,1.1086996526657724,0.48549569797446496,0.8417539369757528,0.558929221478328,1.0165794936655483,0.9590170993846385,0.9590170993846385
2022-12-04 00:00:00+00:00,0.7581119919900285,0.7460798187463222,0.9637661284489838,1.1102974139407913,0.4890346604242394,0.8416241764204172,0.5560683057694036,1.0188616120274965,0.9588974626983736,0.9588974626983736
2022-12-05 00:00:00+00:00,0.758292465551322,0.7460742439359701,0.9641635030369976,1.1063070662323495,0.4885794524235008,0.841929209431841,0.5592198629058137,1.0184488858753378,0.9590161902002617,0.9590161902002617
2022-12-06 00:00:00+00:00,0.7589418719944155,0.7429922502991265,0.9652733970089902,1.1060406834576724,0.4857443500671639,0.8433097104949008,0.5600703842300582,1.018372052846845,0.9579784705717509,0.9579784705717509
2022-12-07 00:00:00+00:00,0.7619439143591706,0.7428500247250971,0.967281362641,1.105478183314696,0.4859396033956429,0.8424674026279354,0.5611988928997743,1.0144828890804884,0.9586371451024652,0.9586371451024652
2022-12-08 00:00:00+00:00,0.7605520782998192,0.7413163655050772,0.966764171871164,1.1038845305637346,0.4862333052786535,0.8430949396566186,0.5607732409911408,1.0161897019877255,0.9582428620556822,0.9582428620556822
2022-12-09 00:00:00+00:00,0.7608786040958886,0.7418682630270675,0.9665789994712667,1.1041399386191275,0.4847867702586647,0.8424356944537913,0.5591150702600736,1.016116579152049,0.9582969869512392,0.9582969869512392
2022-12-10 00:00:00+00:00,0.7608467218052781,0.7385590865664036,0.9663705047095676,1.1073329001396996,0.485999609360956,0.8426646077057757,0.5621475547390871,1.016869245597851,0.9578574971275411,0.9578574971275411
2022-12-11 00:00:00+00:00,0.7595264480433416,0.737639930445027,0.9659523214266511,1.1048810338795412,0.48183207561549607,0.8431888182483275,0.5598741722779298,1.0178426022877574,0.9578333741097051,0.9578333741097051
2022-12-12 00:00:00+00:00,0.750744810864586,0.7299134113159186,0.9674048135512185,1.106780151235594,0.4845974413443952,0.8455615401438773,0.5581026701195704,1.0174102863862744,0.9586126484051607,0.9586126484051607
2022-12-13 00:00:00+00:00,0.7450485915595458,0.7266361819168456,0.9677464797642031,1.1081612931092473,0.48671703420599827,0.8474229248535375,0.5550102883116456,1.0189732963789642,0.958198690676809,0.958198690676809
2022-12-14 00:00:00+00:00,0.7399339177482792,0.7265775729808179,0.9655334668308867,1.104016836714323,0.48646810755122244,0.8474623337967541,0.5528487751915165,1.0240483050053364,0.9574485368953114,0.9574485368953114
2022-12-15 00:00:00+00:00,0.7361860272827473,0.7177082814759036,0.9634645111510444,1.1254326771455523,0.48795891499467203,0.8514883713422418,0.5501119793557627,1.0314013553534012,0.9543843134131624,0.9543843134131624
2022-12-16 00:00:00+00:00,0.738754076865671,0.7203745700698223,0.9652790631473892,1.1179272937735267,0.4851092030965806,0.8502640708435398,0.5503226516035858,1.0274900605403072,0.9548018177277994,0.9548018177277994
2022-12-17 00:00:00+00:00,0.7414109938740037,0.7240960831744337,0.9664193857009404,1.1106731417744529,0.4818245610269904,0.8499319513339308,0.545732716636107,1.0246168117002623,0.9546911825561988,0.9546911825561988
2022-12-18 00:00:00+00:00,0.7405586610821953,0.7209630239022248,0.9634218693506704,1.1121028155966122,0.4785683902331789,0.8513826693301109,0.5428575288952546,1.0295313093204517,0.9537594453493418,0.9537594453493418
2022-12-19 00:00:00+00:00,0.7419791642235689,0.7230915512425736,0.9656542888509992,1.1101374930348418,0.4798694853776004,0.85184988053152,0.5417132892502231,1.0245291691710605,0.9547901748663337,0.9547901748663337
2022-12-20 00:00:00+00:00,0.7398003722696541,0.7200653659483015,0.96397840239198,1.1130476797288555,0.4798033692923798,0.8519056301419767,0.541682665704451,1.027237660205886,0.9544951406737398,0.9544951406737398
2022-12-21 00:00:00+00:00,0.7402364286216416,0.7222776820777262,0.9647455014297688,1.1111617276924082,0.47782311816015083,0.8524963250205763,0.5382505226261743,1.026063870031089,0.9545811040393426,0.9545811040393426
2022-12-22 00:00:00+00:00,0.7411986629607551,0.7236691078285252,0.9642042610375239,1.110542779935676,0.4764370467697219,0.853700146456115,0.5373415043125569,1.0260570849079214,0.9545645976087007,0.9545645976087007
2022-12-23 00:00:00+00:00,0.7405256862431723,0.7211319866857505,0.9655822403300383,1.111796704088967,0.47749912396613575,0.8530589362953569,0.5358154687171532,1.0250121751619352,0.9544341556135717,0.9544341556135717
2022-12-24 00:00:00+00:00,0.7422403122227493,0.7210921974406427,0.9646611568773348,1.109730610818806,0.4733697789775042,0.8523221059786471,0.5339002139808809,1.025876835102222,0.9544945704326929,0.9544945704326929
2022-12-25 00:00:00+00:00,0.7446510906066985,0.7223960860455739,0.9655849730465066,1.1114879763044858,0.47157911169377215,0.8516223661008873,0.5368233046619728,1.0226967443931396,0.9548535437154971,0.9548535437154971
2022-12-26 00:00:00+00:00,0.7441011437107732,0.7242428292828207,0.9656825523675797,1.112204619093647,0.4683169205623364,0.852464636967565,0.5345719414757713,1.0227092971670748,0.954620301947731,0.954620301947731
2022-12-27 00:00:00+00:00,0.7465774846362098,0.7154381049159904,0.9689366611589189,1.1194039523998163,0.46920007212387876,0.8526876356797702,0.5344695232452987,1.018996039213851,0.9533287264646598,0.9533287264646598
2022-12-28 00:00:00+00:00,0.7464645317454982,0.7167828245474464,0.9695588247739441,1.1186072097509698,0.46746292099035064,0.8529296249302871,0.5301579918923313,1.0185865940115668,0.9531701564756236,0.9531701564756236
2022-12-29 00:00:00+00:00,0.7460918969873139,0.715798264368339,0.9690096725649043,1.1168824220710427,0.4629858148621544,0.8536551687669764,0.5278754293667225,1.018669795458953,0.9531921699188727,0.9531921699188727
2022-12-30 00:00:00+00:00,0.7481749441120249,0.71429764332961,0.9673712175848485,1.1147094201330816,0.4641909822265019,0.8538633768787587,0.526704313033563,1.020071870163775,0.9532759061553557,0.9532759061553557
2022-12-31 00:00:00+00:00,0.7472520483162085,0.71414952343351,0.9676195469862373,1.1136387638327407,0.46396022718187996,0.8536384646900114,0.526761039886987,1.0201183441920627,0.953355484452953,0.953355484452953
2023-01-01 00:00:00+00:00,0.7446843247497692,0.7119772816351561,0.9631337813153245,1.1090982200507213,0.46709244355286084,0.8537336606962898,0.5193883354410915,1.0246462151614095,0.9544736804804752,0.9544736804804752
2023-01-02 00:00:00+00:00,0.7359270435258208,0.7098060856043787,0.9568344911497527,1.0990394196272022,0.46682973820283735,0.8536898599731835,0.5210314845937769,1.032294035857765,0.9551603706873062,0.9551603706873062
2023-01-03 00:00:00+00:00,0.7390198470417846,0.7160371749031126,0.9579136856429279,1.0851377952108885,0.45994810690546356,0.8496577616537822,0.5255152951255639,1.0298487763487698,0.955988430360855,0.955988430360855
2023-01-04 00:00:00+00:00,0.7365590956708474,0.7139379439804229,0.9587396416961939,1.0859052567917111,0.46188992660464245,0.8496066833244816,0.5247049019452515,1.0299454412638505,0.9556102461965406,0.9556102461965406
2023-01-05 00:00:00+00:00,0.7391820435027413,0.710094962977008,0.9593786714998984,1.0859786604510135,0.4618272340559531,0.8485086663915324,0.5247491711419062,1.0280221180445857,0.9560283422285768,0.9560283422285768
2023-01-06 00:00:00+00:00,0.741495928964613,0.7122262543064586,0.959984920844142,1.0821940115459734,0.45937297476760364,0.8491045889882715,0.522620384059128,1.0268336208311926,0.9560077393803562,0.9560077393803562
2023-01-07 00:00:00+00:00,0.7387417124968619,0.6993514209547678,0.9582450241146764,1.0949213186618134,0.4584111858878835,0.8471744642034164,0.5277784113812497,1.0266061586223187,0.95718967610426,0.95718967610426
2023-01-08 00:00:00+00:00,0.72976340345868,0.6951023996082625,0.9530169588697297,1.1075617373144024,0.44850995317352693,0.8439774602368917,0.5225421345547485,1.0322049380978366,0.958163347947102,0.958163347947102
2023-01-09 00:00:00+00:00,0.7277920101611663,0.6940350575497307,0.9548391482296502,1.1033343017505504,0.44786231285057526,0.8450961480001773,0.521497780349436,1.0303213298131848,0.9585730958775533,0.9585730958775533
2023-01-10 00:00:00+00:00,0.7226737735354072,0.7180912525772495,0.9563952913780899,1.089471123303411,0.44024229134255494,0.8471256783931119,0.5117387899205669,1.0299762143036206,0.9601062685708459,0.9601062685708459
2023-01-11 00:00:00+00:00,0.722599702391029,0.710374864296955,0.9642415378774041,1.0856016537116002,0.4429741249759289,0.8528658890309502,0.509580016069282,1.0203755116143394,0.9606083419256495,0.9606083419256495
2023-01-12 00:00:00+00:00,0.7153067828598294,0.7049347748039958,0.971954413810861,1.0774349132690693,0.4455860801591929,0.8451695646391978,0.5159252745733228,1.0114980316114355,0.9616910344552153,0.9616910344552153
2023-01-13 00:00:00+00:00,0.7027735732221924,0.7044727071938671,0.9730675107235777,1.0805502248821268,0.44627775473456127,0.8422563138352251,0.5284703561038208,1.0134240811039457,0.9640484118459272,0.9640484118459272
2023-01-14 00:00:00+00:00,0.7018188129216837,0.7047032781635881,0.9733882745842442,1.0844837816987072,0.44605182470819343,0.8432203978322678,0.5267738083533474,1.01148888526786,0.9635311795835676,0.9635311795835676
2023-01-15 00:00:00+00:00,0.7011756974669459,0.7033804071594841,0.974041309172112,1.080609758125049,0.4494919493116606,0.8422236930300586,0.531185330197186,1.0105852440996614,0.9635909714652411,0.9635909714652411
2023-01-16 00:00:00+00:00,0.7008349030859701,0.701794837411179,0.9753638913284935,1.0765793804101835,0.4485512486456498,0.8408137329126897,0.5304787390066567,1.0131463498356486,0.9635122315975948,0.9635122315975948
2023-01-17 00:00:00+00:00,0.7025633288578045,0.7004289720021737,0.9769953430780969,1.0735569859080216,0.4493642754311987,0.8408104899937621,0.5279940036625556,1.0123934415522893,0.9616834368706831,0.9616834368706831
2023-01-18 00:00:00+00:00,0.7034336630608868,0.6991542386450591,0.9791348740511525,1.070789042832494,0.4490350569221547,0.8411430625295694,0.5274897447150798,1.0170622546239407,0.9625862376359284,0.9625862376359284
2023-01-19 00:00:00+00:00,0.6967167992502239,0.6953983698007137,0.9833206744893804,1.081766881370454,0.4480462018292972,0.8368013202407811,0.5269412232790643,1.0230398556189426,0.9653580227662616,0.9653580227662616
2023-01-20 00:00:00+00:00,0.692471587320202,0.6928853936173931,0.9873205307759718,1.085144354240876,0.4470087057849771,0.8341055772503044,0.5246137204996536,1.026077420684343,0.9647225091252777,0.9647225091252777
2023-01-21 00:00:00+00:00,0.6931296896455075,0.6947570960669311,0.9861687594238528,1.0857184765599965,0.445853094593856,0.8349181387437649,0.5247062519295121,1.0256548399457417,0.9649149703333827,0.9649149703333827
2023-01-22 00:00:00+00:00,0.6878426616911112,0.690855838862399,0.9902109436064943,1.0827584057852662,0.44530467726784506,0.8317385125064254,0.5208102168802682,1.0333944250271048,0.9653631374241172,0.9653631374241172
2023-01-23 00:00:00+00:00,0.6919782696955346,0.6904617432981572,0.9921956495422634,1.0804207462626747,0.44463074432458505,0.8291174772548404,0.5249404423861892,1.0344942134825115,0.9638445810768553,0.9638445810768553
2023-01-24 00:00:00+00:00,0.6912863962865543,0.6915835499277365,0.9907956447666492,1.0833382218988297,0.4408770114574284,0.8304673728983736,0.5224062102467745,1.0335467334104855,0.9653204083614788,0.9653204083614788
2023-01-25 00:00:00+00:00,0.6888836812054651,0.693519885016052,0.987989219524994,1.0844712912137433,0.44267176037644584,0.8283414450439246,0.5258691584074696,1.0282076634555695,0.9657116688507951,0.9657116688507951
2023-01-26 00:00:00+00:00,0.6821321498685498,0.6945565086385309,0.984274859546145,1.094008236333897,0.43713194193331484,0.8256847676636302,0.5259505875895165,1.0263181047829524,0.9667614234121777,0.9667614234121777
2023-01-27 00:00:00+00:00,0.6860748846396064,0.694681235881243,0.9856384327932272,1.0894026982074814,0.4357000937469774,0.8244638907396866,0.5280146232231409,1.0270966610205994,0.9661869475205513,0.9661869475205513
2023-01-28 00:00:00+00:00,0.6879699661744986,0.6965035607688577,0.9870986324874498,1.0857574744448417,0.43315654863387615,0.8249694302682965,0.5286182056791486,1.0306260625001735,0.9675568939308927,0.9675568939308927
2023-01-29 00:00:00+00:00,0.6919851318261295,0.6988634067312987,0.9854211000234292,1.07757679581787,0.43494315980368714,0.8262825810759621,0.5295097420073207,1.0259937226170988,0.9654840887239869,0.9654840887239869
2023-01-30 00:00:00+00:00,0.6926013381468324,0.6930955338243162,0.9879706504711318,1.0736803016143284,0.43705499254645597,0.8261183035474718,0.5278435473320401,1.0310863005444617,0.9660425832380216,0.9660425832380216
2023-01-31 00:00:00+00:00,0.6946663114532889,0.6886173820153146,0.9871014286014826,1.076381428369955,0.4362763273834099,0.8253029669903849,0.5203226738012183,1.0307687714268987,0.9676836956024654,0.9676836956024654
2023-02-01 00:00:00+00:00,0.693547448358199,0.6866419389155676,0.9873792046038147,1.0733759521484625,0.43636284168923145,0.8267114001399551,0.5232639426840777,1.0328833901042984,0.9674038350654225,0.9674038350654225
2023-02-02 00:00:00+00:00,0.6936341456957975,0.6865673273753962,0.9864827775492757,1.0720319314949336,0.4359280000562871,0.8274113652627546,0.5180423094478586,1.034691176735851,0.968249234947679,0.968249234947679
2023-02-03 00:00:00+00:00,0.6945036016371464,0.687214309234951,0.9859406975668303,1.069553033362571,0.434990600808003,0.8284621008328924,0.5193000447140271,1.0327379357877593,0.9679297265171372,0.9679297265171372
2023-02-04 00:00:00+00:00,0.695702474616434,0.6855353134427087,0.9854109438436862,1.0668748350106376,0.4346215995056055,0.8296744149481085,0.5175767012168904,1.031122559458009,0.9669911364506756,0.9669911364506756
2023-02-05 00:00:00+00:00,0.6953128724717484,0.6853766727236584,0.9860612970538926,1.0654517742607963,0.4352200972618387,0.8286042720290352,0.5189867582420465,1.0304909209527457,0.9662716748310236,0.9662716748310236
2023-02-06 00:00:00+00:00,0.6957425301997966,0.6822996592276898,0.9855346646880229,1.0737732665857913,0.43369995055943883,0.8270073304881285,0.5181117178197431,1.0330278569102378,0.9679661431869498,0.9679661431869498
2023-02-07 00:00:00+00:00,0.6983098854069673,0.6809840035260518,0.9835227195704501,1.0766205211161328,0.4339244970143396,0.8278846823055821,0.5153385717497451,1.0288782875284932,0.9675888422679514,0.9675888422679514
2023-02-08 00:00:00+00:00,0.700815568890692,0.6886687834628212,0.9822931474385068,1.0627630311627168,0.42917865243418096,0.8259567873564737,0.5132854876955454,1.021053904027797,0.9647988924801391,0.9647988924801391
2023-02-09 00:00:00+00:00,0.7040712907473685,0.686682061481986,0.9822049044666411,1.0688836889809896,0.4287340241421855,0.8270783492255629,0.5102732920071201,1.0216390910868838,0.9646092551215429,0.9646092551215429
2023-02-10 00:00:00+00:00,0.6996652884741124,0.6869489759417614,0.982722929049527,1.0646207794652611,0.42730099779147496,0.8261533283698304,0.5093891954656812,1.0231932017758065,0.9651665464006429,0.9651665464006429
2023-02-11 00:00:00+00:00,0.6969147821057589,0.6869509522019014,0.9818012657548271,1.063577707401485,0.42656317435748914,0.8254350376152222,0.5095521548615821,1.0219936520335535,0.9648699187351725,0.9648699187351725
2023-02-12 00:00:00+00:00,0.6923391180729389,0.6911811098794569,0.9811212142984759,1.0570509776745227,0.42396628971555106,0.8241675098832318,0.5128242414313019,1.0189395604906653,0.9640980336460856,0.9640980336460856
2023-02-13 00:00:00+00:00,0.691460037049758,0.6910155566767311,0.9805678541302884,1.0612728226386754,0.42072264990876,0.8247527279316165,0.5169781334327732,1.0204539809668542,0.9653484796295214,0.9653484796295214
2023-02-14 00:00:00+00:00,0.6852315456294653,0.7029607974554346,0.9922780001757412,1.052905945018807,0.4179207391851396,0.8182411634773886,0.5126475029003269,1.037167379696434,0.9678928755093819,0.9678928755093819
2023-02-15 00:00:00+00:00,0.6867264251684927,0.6976309282054968,0.9882683236023458,1.0519605978136028,0.4144116594378797,0.8201663775916371,0.5179295665804658,1.026823703294964,0.9663930187790626,0.9663930187790626
2023-02-16 00:00:00+00:00,0.6822582910109946,0.6961326100444737,0.9943954217716137,1.0408039731954644,0.4135795114877575,0.813703869090385,0.5147584350904558,1.0371986231210766,0.9683776471840491,0.9683776471840491
2023-02-17 00:00:00+00:00,0.6826737135045008,0.6979637306158925,0.9960447586581685,1.0342423825849851,0.4110980735616639,0.8135743679704913,0.516068189188156,1.038379812540418,0.9685140413249321,0.9685140413249321
2023-02-18 00:00:00+00:00,0.6801158428129603,0.696088437694456,0.9871107162922218,1.0362708965550023,0.4117248761993621,0.8144334223829904,0.5150112876608197,1.0305068203142675,0.9686003823655109,0.9686003823655109
2023-02-19 00:00:00+00:00,0.6767470989298167,0.6972105095658055,0.9879971520575618,1.029061507024346,0.4110697145432793,0.81254214009586,0.5140280281222491,1.032662316064728,0.9692972946849997,0.9692972946849997
2023-02-20 00:00:00+00:00,0.6774579518740516,0.7020777321011136,0.9879411504765526,1.014565683016451,0.40913248020447524,0.8123585600604526,0.5169815245558183,1.032059871912458,0.9681521916419895,0.9681521916419895
2023-02-21 00:00:00+00:00,0.6801372326863049,0.7034837567439306,0.9901541306506563,1.0107545136180898,0.4067069844108696,0.812799118567105,0.5182723535018633,1.0334247581015188,0.9678476337752829,0.9678476337752829
2023-02-22 00:00:00+00:00,0.6772758624509471,0.7037396006002403,0.9889980098614242,1.010747932078889,0.4039401193513912,0.8151817639361657,0.5146335991769437,1.0302512261193826,0.967511645217928,0.967511645217928
2023-02-23 00:00:00+00:00,0.6812963395907727,0.7073934116012229,0.9889679458762801,1.00523079514885,0.4044398066886531,0.818177450899786,0.5190079281364564,1.026325085852684,0.9658040279777556,0.9658040279777556
2023-02-24 00:00:00+00:00,0.6823805883582749,0.7087130148237218,0.9924732301279688,1.005108471174198,0.4027195426168094,0.8173392711233862,0.5200903012725127,1.0292676560546592,0.9653737667730601,0.9653737667730601
2023-02-25 00:00:00+00:00,0.681809519828356,0.707620178401451,0.9932600952140852,1.0054132132866682,0.4021183138379686,0.8174611775935285,0.5214380205936766,1.0305176992275893,0.9661871691069821,0.9661871691069821
2023-02-26 00:00:00+00:00,0.6828310748722334,0.7082108231846304,0.9951912178540009,1.0043585679001645,0.4016295028017119,0.8175889853658111,0.5201367103948387,1.031425853783218,0.9655145974670297,0.9655145974670297
2023-02-27 00:00:00+00:00,0.6849633098908608,0.7033405433568812,0.9978375567840333,1.0057165447274352,0.4022264660704171,0.8180365202903369,0.5216773858638752,1.0316502454636698,0.9645381323041152,0.9645381323041152
2023-02-28 00:00:00+00:00,0.6837525233545575,0.7018844477736486,0.9969381648940606,1.006583318333547,0.40109715421480235,0.8183068828838043,0.5233503908696976,1.0319089480718804,0.9657438344008251,0.9657438344008251
2023-03-01 00:00:00+00:00,0.6865822769807476,0.6993458910180861,0.9979459117840933,1.0072806801279537,0.4007425272620007,0.8182462365267767,0.5246483061665823,1.0311488386563932,0.9649650093567347,0.9649650093567347
2023-03-02 00:00:00+00:00,0.6845768150593854,0.703681420311682,0.9913338766918376,1.0015052924850825,0.396350903503914,0.8140642844336803,0.5255970830258505,1.0233590494187128,0.963536338713526,0.963536338713526
2023-03-03 00:00:00+00:00,0.6877051492894491,0.7002492810541378,0.994711091547334,1.0037899558192271,0.396472369274049,0.8138891544327352,0.5252925621486706,1.0250020346849649,0.9629425017226065,0.9629425017226065
2023-03-04 00:00:00+00:00,0.6868988832033762,0.6994735075591507,0.9939290434199981,1.0042527422344119,0.3953039567067186,0.8118621684881734,0.5243878562719112,1.0250618321673108,0.9630083533001433,0.9630083533001433
2023-03-05 00:00:00+00:00,0.6864354140957504,0.6976123901267017,0.9937295254871629,1.0044579058833578,0.39564268487107657,0.8122030640432643,0.5229546891601394,1.024139992284204,0.962803927380265,0.962803927380265
2023-03-06 00:00:00+00:00,0.6883706132706694,0.6992959173502794,0.9962375953944866,1.0064220202318168,0.3915754929044989,0.8133401412890023,0.5246741612521473,1.0249754916638032,0.9626291219885309,0.9626291219885309
2023-03-07 00:00:00+00:00,0.6906111238561204,0.703800505752408,1.005445837350042,1.0129228691366527,0.3940451919389542,0.8150119501619605,0.5257488756099337,1.0297213344044527,0.9607496925105757,0.9607496925105757
2023-03-08 00:00:00+00:00,0.6883656450096967,0.6963392426981565,0.9940498106918867,0.9995291697819587,0.39586842540949796,0.818702971991746,0.5251817587142005,1.0185416375227867,0.9590405749814317,0.9590405749814317
2023-03-09 00:00:00+00:00,0.6802853263022597,0.6907347342456942,0.9861069684866832,0.9934002066130959,0.3954859312638118,0.8197815240156815,0.521745350771641,1.0125291529425062,0.9594599959129139,0.9594599959129139
2023-03-10 00:00:00+00:00,0.6866217115734589,0.6934801076100608,0.9894648375637931,1.0037793699281956,0.39289737560222177,0.8206004928332657,0.5193689619845453,1.012742925321089,0.9591416163404881,0.9591416163404881
2023-03-11 00:00:00+00:00,0.6826640828909957,0.699217526918756,0.9920358540390817,0.9927611264310938,0.3893469756781916,0.8163355515879205,0.5282825046353706,1.0202877078451884,0.9620368283310252,0.9620368283310252
2023-03-12 00:00:00+00:00,0.6858169856657261,0.7146323010153967,1.0153693074247738,1.0074768402828684,0.39318752270499674,0.8072903605509608,0.5284506764089122,1.0415721439146812,0.9633987271215814,0.9633987271215814
2023-03-13 00:00:00+00:00,0.688525360692337,0.7159892290840312,1.0122056259041137,1.0016811473984677,0.39208952711554845,0.8079776701036573,0.5223590936043707,1.0417719087476724,0.9642934618810218,0.9642934618810218
2023-03-14 00:00:00+00:00,0.6929817179433544,0.7031875448329153,1.024522829862188,1.021657293399,0.3952491274660286,0.8067474643380695,0.5225610121773151,1.045285640891436,0.9620661996796779,0.9620661996796779
2023-03-15 00:00:00+00:00,0.6942332344903771,0.6973194072795826,1.0400731801137724,1.0281856846310182,0.3950845307113082,0.8038462497902854,0.5246036778306138,1.0575681788733817,0.9630381897462245,0.9630381897462245
2023-03-16 00:00:00+00:00,0.6860395457654918,0.6958346244463138,1.0475219056491916,1.0286188104464011,0.3866047170720234,0.7960714430971495,0.520450415219913,1.0713160594314992,0.9657046553768641,0.9657046553768641
2023-03-17 00:00:00+00:00,0.6871990395385505,0.6956683501760698,1.0469534019780373,1.028055455601589,0.38605668832372286,0.7972255281048864,0.5237130850456473,1.0678465074508634,0.9644124771655087,0.9644124771655087
2023-03-18 00:00:00+00:00,0.6825236954405529,0.6915486847129156,1.0564806827432105,1.031863826577413,0.38835958525953634,0.7928000769825758,0.5246667931074274,1.0770141785671072,0.9651501770229823,0.9651501770229823
2023-03-19 00:00:00+00:00,0.6824719967486125,0.687263378571615,1.0582171438389858,1.0378464304332375,0.38895774947456285,0.7920421258086995,0.5320623319389306,1.0738890736341953,0.9638662089974804,0.9638662089974804
2023-03-20 00:00:00+00:00,0.6740418566008473,0.6861744380430783,1.078673864974661,1.0313563138211415,0.3904546924316567,0.7946052929636875,0.5228456030360997,1.087037426479184,0.9659010596051864,0.9659010596051864
2023-03-21 00:00:00+00:00,0.6780077551301495,0.6913786585756564,1.062723592985519,1.018254872393104,0.39010508639561664,0.7950761626983891,0.5275198862603556,1.0781814660736433,0.9644575501285619,0.9644575501285619
2023-03-22 00:00:00+00:00,0.6784304434149107,0.6860903286741826,1.0688897952709524,1.0184258832166264,0.39090419836994106,0.7941868242858756,0.5231835735349295,1.0862584166752853,0.9660165245532808,0.9660165245532808
2023-03-23 00:00:00+00:00,0.6811629907516062,0.6875463560413462,1.066346488037851,1.015306580830021,0.39397714134353773,0.7946539878953188,0.5229314869026086,1.0830089623544692,0.9645195437717319,0.9645195437717319
2023-03-24 00:00:00+00:00,0.6827235842203725,0.6860761443127025,1.069542592923938,1.0203883875339186,0.39454307042787484,0.7942434248460423,0.5233224510247753,1.0849005400490213,0.9642188983080572,0.9642188983080572
2023-03-25 00:00:00+00:00,0.6830344423836556,0.6855365592097797,1.0731275820810902,1.0205864919933556,0.3918187602536482,0.7934330218702609,0.5232358983909778,1.0883756107787343,0.9649637270558787,0.9649637270558787
2023-03-26 00:00:00+00:00,0.6767874946906263,0.6820627284972792,1.0647365999365799,1.0210963134361593,0.3976838007575915,0.7940854219705276,0.5161857333611639,1.0836637755507568,0.963655862976785,0.963655862976785
2023-03-27 00:00:00+00:00,0.6744140829230549,0.6829691166113668,1.0650265542659374,1.0205473635251288,0.3952409765789509,0.7969421798103314,0.5088289005190708,1.0852016302077079,0.9647484047449355,0.9647484047449355
2023-03-28 00:00:00+00:00,0.6707970003037093,0.6730365809000134,1.0686609454811158,1.0240216315582833,0.3959238465659129,0.7916183198349767,0.5060736848556923,1.0919628416916916,0.9659323835128487,0.9659323835128487
2023-03-29 00:00:00+00:00,0.6708950197710936,0.6727518423879105,1.071564877465649,1.024530146515762,0.39624623647686835,0.7938592788868465,0.5074616815318644,1.091930278949522,0.9653219886031321,0.9653219886031321
2023-03-30 00:00:00+00:00,0.6613651068056506,0.6640239946239572,1.0714187384061575,1.0291892888904546,0.39726513491069404,0.7927765624143454,0.5042255734341744,1.0939577545597257,0.9662175981384784,0.9662175981384784
2023-03-31 00:00:00+00:00,0.6605257728861329,0.6692589387276934,1.0679304417098423,1.025356070768593,0.3957597353197832,0.7929568090727922,0.5052503138999522,1.091118748967443,0.9661135416547983,0.9661135416547983
2023-04-01 00:00:00+00:00,0.6656045419338158,0.6728221174627995,1.0694808104772184,1.023874324844592,0.3920956970757467,0.7927047242647619,0.5048713776525491,1.0925208660714465,0.9654675259845945,0.9654675259845945
2023-04-02 00:00:00+00:00,0.660366412379489,0.6705806934311446,1.0634189492960795,1.018317949601294,0.39373898536382407,0.7955421822192581,0.5040380476879723,1.0872702894844881,0.9653778282520032,0.9653778282520032
2023-04-03 00:00:00+00:00,0.6611431312672097,0.6713147267801303,1.063772661943094,1.0164864614231186,0.3908604742230659,0.7974645689880832,0.5047295258261317,1.0858076167224127,0.9660443750617531,0.9660443750617531
2023-04-04 00:00:00+00:00,0.6624004894879688,0.6713765019299849,1.0651922652451842,1.0139223711893512,0.3904152516738508,0.7936695943138038,0.5062398865477942,1.0850888178075846,0.9662965457351779,0.9662965457351779
2023-04-05 00:00:00+00:00,0.6631585438744537,0.6725738835595948,1.0652504003297332,1.0137114385124737,0.38995866334310464,0.7949421541353842,0.5040265155069512,1.0848560919380459,0.9657146420376207,0.9657146420376207
2023-04-06 00:00:00+00:00,0.6630281746679659,0.6723253809008884,1.0657028532191444,1.018347183475367,0.38919727162957857,0.7948378622654565,0.5043645472330952,1.0850402938477672,0.9654655693478369,0.9654655693478369
2023-04-07 00:00:00+00:00,0.6627002996921181,0.6717842629383547,1.0678557611747532,1.0188104442929502,0.38871504933089746,0.7959318959087879,0.5033273409106739,1.0867192866887794,0.965151967223101,0.965151967223101
2023-04-08 00:00:00+00:00,0.6624413648428507,0.672853239182516,1.0714119303940208,1.0179443849242102,0.38731600271004524,0.7974768124439345,0.5022180676792163,1.0904899126210612,0.965381265982324,0.965381265982324
2023-04-09 00:00:00+00:00,0.6665306853652989,0.6719782456889779,1.0802519004107913,1.0193763406940002,0.38773225493792796,0.8012676064250239,0.5010536666235371,1.0996654645584163,0.9663417734012748,0.9663417734012748
2023-04-10 00:00:00+00:00,0.6657278500840176,0.6732709251794692,1.0782191423721619,1.0129679605644744,0.38950172058410115,0.8052459659622779,0.4966973472646358,1.100452317716831,0.9669855613366493,0.9669855613366493
2023-04-11 00:00:00+00:00,0.6610386968392178,0.6742413812044957,1.0733088772290764,1.010854643479006,0.3880603061310884,0.8014740423476172,0.4947182631283764,1.0934579896809506,0.9670174074676994,0.9670174074676994
2023-04-12 00:00:00+00:00,0.6585572036067714,0.6750764134872539,1.0759173069614667,1.0128203765051562,0.3859945765663358,0.8035890538814948,0.4959544041914981,1.0954851393189653,0.9682167444547569,0.9682167444547569
2023-04-13 00:00:00+00:00,0.6562221817245865,0.6766754471008047,1.0773920346172414,1.012088713084487,0.3878394212637261,0.7978206258701469,0.4922434097405596,1.0949940248409713,0.9691344941188238,0.9691344941188238
2023-04-14 00:00:00+00:00,0.6541615108006957,0.6761412618251619,1.0805316442262733,1.0078591227180398,0.38797612470041176,0.7978087107764243,0.493896488425126,1.0983662682868731,0.9692665499620116,0.9692665499620116
2023-04-15 00:00:00+00:00,0.6527395273984841,0.67320092449062,1.0820785844917267,0.9991391118441564,0.3879027341417333,0.7952475870774334,0.4915376036599844,1.0979562127741702,0.970189596203245,0.970189596203245
2023-04-16 00:00:00+00:00,0.65096950415119,0.6766142480234406,1.073802363988838,0.9994316692969514,0.38492509486791565,0.7930081127850303,0.4917268629551824,1.0893438194965632,0.9694511251418259,0.9694511251418259
2023-04-17 00:00:00+00:00,0.6530147493170655,0.6765108841217212,1.0769608940055837,0.9938351596149831,0.3823786230842505,0.7965972397119224,0.4894527470101319,1.0971768032050866,0.9704411691409579,0.9704411691409579
2023-04-18 00:00:00+00:00,0.6534990013001979,0.6845833587830628,1.0716786155969782,0.990707342878619,0.38032485082533835,0.7984634342778668,0.49011490928847257,1.0863928059820929,0.9670304221266016,0.9670304221266016
2023-04-19 00:00:00+00:00,0.6535599670288226,0.68654172854932,1.0711529265380393,0.9944567250036779,0.3783631164792573,0.7942938483440773,0.4910807007608761,1.0813395198547906,0.9660634396581091,0.9660634396581091
2023-04-20 00:00:00+00:00,0.6542912693538229,0.6863163746899551,1.0767547663866675,0.9882825257709185,0.37470596365531145,0.7945172795215487,0.49149286354518645,1.0806907591580153,0.9642263159843206,0.9642263159843206
2023-04-21 00:00:00+00:00,0.6551106427345385,0.6891239521003071,1.0843745071693367,0.984553583822731,0.37206710926371056,0.7959809634474737,0.49176796877512846,1.0893780683047498,0.9650993319458276,0.9650993319458276
2023-04-22 00:00:00+00:00,0.6550998007217301,0.6882265776429143,1.0846839331695464,0.9841471444239946,0.3716769034353757,0.7953338118244215,0.4905312381145669,1.0888797409848125,0.9645694958110687,0.9645694958110687
2023-04-23 00:00:00+00:00,0.6556160614339415,0.6881282957071152,1.08399631957892,0.9821778462794888,0.37086772853393674,0.7960509482737793,0.48953487408415863,1.0889255172273355,0.964476977862806,0.964476977862806
2023-04-24 00:00:00+00:00,0.656575729936682,0.689044630075984,1.0879678899481608,0.9829054039291707,0.36890000318759,0.7989129886402345,0.48995970324764737,1.0954746518828873,0.9654064398648436,0.9654064398648436
2023-04-25 00:00:00+00:00,0.6566313590173556,0.6913410330662888,1.0892178366849807,0.989170977113561,0.3635014262519136,0.7996581547267183,0.49084456305613633,1.0958892055043081,0.9647013988657075,0.9647013988657075
2023-04-26 00:00:00+00:00,0.6585552704161791,0.6942972687878394,1.0896907385653678,0.9878687733860722,0.3639475008021513,0.7954527140748631,0.4910890636410133,1.0986614071416554,0.9657921281470142,0.9657921281470142
2023-04-27 00:00:00+00:00,0.6589548233069973,0.6982633793130179,1.0821233756280277,0.9806410046290679,0.3634393823645617,0.7951740384895731,0.4882709755952517,1.0927857992801495,0.9658725131542796,0.9658725131542796
2023-04-28 00:00:00+00:00,0.6582660334599656,0.7010833247965651,1.0800736128056092,0.97482403836013,0.36269255064566347,0.7965709244641792,0.48724209907243676,1.0915526000327818,0.9659856349925205,0.9659856349925205
2023-04-29 00:00:00+00:00,0.6602682419509408,0.6998917327783941,1.0942458557715258,0.9799019555807273,0.3579716367641035,0.7946249512029664,0.4899157718475617,1.0999864209585843,0.9653447047645253,0.9653447047645253
2023-04-30 00:00:00+00:00,0.6585714892195285,0.7017066966353409,1.0848437753347977,0.9760828773067756,0.3586261957413619,0.798312349590929,0.4897737845261664,1.0904902014393014,0.9642581546712787,0.9642581546712787
2023-05-01 00:00:00+00:00,0.6600576514380199,0.7045294879222164,1.0821970017823062,0.9726628300952255,0.355484573357029,0.7972745729921433,0.4904249076264768,1.090090975409189,0.9646599306557602,0.9646599306557602
2023-05-02 00:00:00+00:00,0.6607333998853693,0.705621482576758,1.085555100219843,0.9722882548639966,0.3547094399020841,0.7975325376890595,0.49105360310483115,1.0924681535227,0.9651278777047143,0.9651278777047143
2023-05-03 00:00:00+00:00,0.6608089464456944,0.7059489534465768,1.0862125053258302,0.969811726793471,0.35370281056626157,0.7968674116241491,0.4893748918754967,1.0932225650551295,0.9645933139076651,0.9645933139076651
2023-05-04 00:00:00+00:00,0.659336081037564,0.7032837442176981,1.0879803207659435,0.9752611682371353,0.35591753496705847,0.801180810431202,0.4929617569992036,1.093370427133789,0.9655779339559416,0.9655779339559416
2023-05-05 00:00:00+00:00,0.6610644896509625,0.7017792804042842,1.087305379898323,0.9745997323229341,0.3572761449211976,0.798472415802593,0.49432819221017593,1.0903807177658937,0.9640950558679843,0.9640950558679843
2023-05-06 00:00:00+00:00,0.6595727428662395,0.7040690598046897,1.0852768709215501,0.9712667468304998,0.3560230957802707,0.7967537621616837,0.4916500067108831,1.0880312353947295,0.9637803885001064,0.9637803885001064
2023-05-07 00:00:00+00:00,0.6573266618586828,0.6995184506796244,1.086075856999684,0.97772987640716,0.3541991285883216,0.7994686180488416,0.48904743841809284,1.084151816822531,0.9620001261442098,0.9620001261442098
2023-05-08 00:00:00+00:00,0.6588348183472472,0.7005873241640778,1.0843605763559048,0.977970305408421,0.3538526962001546,0.7997493188791153,0.48982096902887057,1.0842607033404283,0.9617993338782074,0.9617993338782074
2023-05-09 00:00:00+00:00,0.6558931584103151,0.7016803654511451,1.0839419104072803,0.9759253286558944,0.3559226197272297,0.7987092776787614,0.48335149260810306,1.084321868662222,0.9623443245910537,0.9623443245910537
2023-05-10 00:00:00+00:00,0.6550309049632931,0.6989438989283945,1.0796013936192919,0.9779878917916643,0.3582727556508292,0.7978303858620043,0.47951332979307165,1.0797018950274075,0.9613078166214669,0.9613078166214669
2023-05-11 00:00:00+00:00,0.6520767570695697,0.7000816894329005,1.0748467711204768,0.9720177329630175,0.35944954570347276,0.7965171002422832,0.48140073735401195,1.0759256567685838,0.9620414113317274,0.9620414113317274
2023-05-12 00:00:00+00:00,0.6525891759720078,0.702042020202445,1.077128634663277,0.9715948670783512,0.35876620031317125,0.7969030530021377,0.4828849612187302,1.07743228930533,0.9616825755797673,0.9616825755797673
2023-05-13 00:00:00+00:00,0.652888995567732,0.7020456916274637,1.0774015966687847,0.9708513744486875,0.35783066131774194,0.7978379445779054,0.4830311453438602,1.079144653068334,0.9619851917482231,0.9619851917482231
2023-05-14 00:00:00+00:00,0.6584211077382537,0.7034158119639391,1.0786814983246178,0.9717438443519094,0.35675922928198117,0.7981436260610127,0.4840303504732703,1.0814505169493223,0.9621579136723555,0.9621579136723555
2023-05-15 00:00:00+00:00,0.658468333860123,0.701330308176937,1.0768817565743436,0.973384290888637,0.3575964336088398,0.7968709790145705,0.4811108001587358,1.0827620745549098,0.9622370464789725,0.9622370464789725
2023-05-16 00:00:00+00:00,0.6602072038337218,0.7003789309356067,1.0774288117516795,0.9666727067498575,0.3579918223003745,0.800157411599036,0.4789379790687437,1.0851525884502822,0.963012346113834,0.963012346113834
2023-05-17 00:00:00+00:00,0.6588191593202204,0.7005745257978528,1.0754341800685387,0.9656680809048006,0.35905235248427364,0.7983711990600779,0.47858495169898957,1.0826987888661221,0.9622095136807005,0.9622095136807005
2023-05-18 00:00:00+00:00,0.6606886039756742,0.6984455824364361,1.0749818339455457,0.968111820228783,0.3581622338895927,0.7978947170473815,0.47831404182762455,1.0831825005027875,0.9622709945248656,0.9622709945248656
2023-05-19 00:00:00+00:00,0.6620234778617011,0.6988000888823447,1.077584627597087,0.9679407948015347,0.35642741160454444,0.7986423459961312,0.47834616804964025,1.0853519393504603,0.9623312775296229,0.9623312775296229
2023-05-20 00:00:00+00:00,0.6601297264178917,0.698272113329548,1.0764689489632981,0.9681499700743966,0.35650576638971937,0.7974844570730344,0.47667367780485254,1.0843465540730737,0.9617290627456572,0.9617290627456572
2023-05-21 00:00:00+00:00,0.6601056459763396,0.7015279789865201,1.077332213969528,0.9631001849777774,0.35570143894132394,0.7973898273599154,0.4787822923438537,1.0851458818658843,0.9619750993636976,0.9619750993636976
2023-05-22 00:00:00+00:00,0.661536903404189,0.7023380745905977,1.079708163945268,0.9629535913292978,0.35292073864503093,0.7971053684560687,0.4809193425790791,1.0871849286788993,0.9623846915912774,0.9623846915912774
2023-05-23 00:00:00+00:00,0.657426336810115,0.7040896317502789,1.0762653122448347,0.9592027675325396,0.3533824951278487,0.7954943366361261,0.4804155232035805,1.0810035572177648,0.9611216190888636,0.9611216190888636
2023-05-24 00:00:00+00:00,0.6596469765569595,0.7022993698315986,1.0762983069584902,0.9582091622581923,0.3536542881039471,0.7962248626039083,0.48025290448091684,1.0804850290001986,0.9611595163035959,0.9611595163035959
2023-05-25 00:00:00+00:00,0.6610519587091636,0.7002920092225807,1.0770122547594116,0.9581053816709602,0.3517951463803603,0.7962001904161533,0.4818271312726909,1.0818136036690913,0.961634468986069,0.961634468986069
2023-05-26 00:00:00+00:00,0.6583917866574768,0.6982863620879954,1.0746159112454607,0.9549057696067906,0.35135129926468134,0.7967476281360075,0.48106739931043835,1.0795560304800766,0.9622249457685661,0.9622249457685661
2023-05-27 00:00:00+00:00,0.660465485269046,0.7018154140742,1.0828815803397227,0.9537341155157538,0.351653463398465,0.7987392206698604,0.4801568368573496,1.0901096408543365,0.9635214537684906,0.9635214537684906
2023-05-28 00:00:00+00:00,0.6598722746257102,0.7037588640567434,1.0823341613516433,0.9554488855465434,0.35039256644003186,0.7980313292756833,0.4791416009728137,1.0902156756182944,0.9631416581224428,0.9631416581224428
2023-05-29 00:00:00+00:00,0.662010326265833,0.7045392513191465,1.0801585027374698,0.9586898172419773,0.34946866474450267,0.7971904176412854,0.47812052480510764,1.0889863654065015,0.9634918975992208,0.9634918975992208
2023-05-30 00:00:00+00:00,0.6631578736669554,0.7043279972648073,1.076481454573533,0.9579548604735219,0.3476649374097275,0.7960220381315094,0.48086427111606744,1.0848460031864744,0.9626875859502383,0.9626875859502383
2023-05-31 00:00:00+00:00,0.6667989274580658,0.707943197480388,1.0716644010492375,0.9604583281112464,0.3489550257376169,0.7940252007904454,0.4796950763269698,1.0804829764248312,0.9623145625069673,0.9623145625069673
2023-06-01 00:00:00+00:00,0.6669614185778582,0.7026013801169712,1.0715721735565438,0.9642369428483145,0.3500028844509436,0.7933236610138171,0.481865571945415,1.0820857824490564,0.9631922642898914,0.9631922642898914
2023-06-02 00:00:00+00:00,0.6662020807579897,0.7026939929686516,1.0697352543212446,0.9614491290552842,0.35049952402620593,0.793308493691724,0.4813338290894534,1.0801583317808063,0.9631208898086108,0.9631208898086108
2023-06-03 00:00:00+00:00,0.6629954762818151,0.701930752199353,1.0681758902475078,0.9607105512447603,0.3501543565388318,0.7937823412299361,0.480646948095016,1.0788330218866684,0.9633535117750476,0.9633535117750476
2023-06-04 00:00:00+00:00,0.6631476446112404,0.7009074529828697,1.0560332831248322,0.9620887786854816,0.3505797530036342,0.7912574516195301,0.476932895025325,1.0646070693327223,0.9607066195771695,0.9607066195771695
2023-06-05 00:00:00+00:00,0.6690222377490265,0.7006873946953517,1.0646571143052903,0.9601070240284575,0.3527738600567219,0.7940833975971497,0.4775490257632857,1.0768602217370307,0.9617700340145894,0.9617700340145894
2023-06-06 00:00:00+00:00,0.6750433627725683,0.6894473537036471,1.05712845173414,0.9681144343095026,0.35478186931930694,0.7913602006987112,0.4787073421275519,1.0672950724020374,0.95941242459349,0.95941242459349
2023-06-07 00:00:00+00:00,0.6768607061547485,0.6894381294517598,1.0587517776073163,0.967861507974318,0.35386409845764766,0.7914426260929381,0.47882989330546954,1.0684895007936035,0.9596373606142661,0.9596373606142661
2023-06-08 00:00:00+00:00,0.6821400908204645,0.6783840570810054,1.0664791719493685,0.9842902405967372,0.36080489275354627,0.7903133986846443,0.4796002252360503,1.0764419768233717,0.958527986033184,0.958527986033184
2023-06-09 00:00:00+00:00,0.6901767837501325,0.6713083680994328,1.0710078284207643,0.9946486541758428,0.36367318144547445,0.7916022235856177,0.482494122473529,1.076347214522708,0.9540550497386024,0.9540550497386024
2023-06-10 00:00:00+00:00,0.6919248330822797,0.6679083331772817,1.072175917588017,0.9969375446016697,0.36333877395076536,0.7931100205152445,0.4824831425653823,1.0762750810238226,0.9542884117074463,0.9542884117074463
2023-06-11 00:00:00+00:00,0.6889194185687392,0.6662385697216912,1.073191812428025,0.9927291399619826,0.36487553023363484,0.7948022185357085,0.4772513273504515,1.0771978339025436,0.9542987570131127,0.9542987570131127
2023-06-12 00:00:00+00:00,0.6852793749307525,0.6734853424811963,1.076684745672982,0.9855128709743637,0.3597557344174238,0.794612436504989,0.4746305876380131,1.0826190814687366,0.9546080908069806,0.9546080908069806
2023-06-13 00:00:00+00:00,0.677397535866822,0.6761153115448766,1.0723970019346454,0.981450095144056,0.35999974925245937,0.7964451610387845,0.47255472807386006,1.0755551833935133,0.9530564298233292,0.9530564298233292
2023-06-14 00:00:00+00:00,0.6786029739613443,0.6767092635664241,1.0736422787871727,0.9867906394782252,0.3587151942080294,0.7977751810801028,0.47444409600520426,1.0770322705682331,0.9530558308610599,0.9530558308610599
2023-06-15 00:00:00+00:00,0.6836391290986342,0.681198194963382,1.0773600306296829,0.9921785279149357,0.3564785357469193,0.796944388437325,0.4756239027213603,1.0808551924806025,0.9535727731823098,0.9535727731823098
2023-06-16 00:00:00+00:00,0.685192368681175,0.6826875096133632,1.078469176579318,0.9876742862618642,0.3551204276631853,0.7965000509857791,0.47684111556819914,1.0827782552593517,0.9541285374288743,0.9541285374288743
2023-06-17 00:00:00+00:00,0.6859221769266062,0.6848720233478167,1.0806653242452475,0.992039321893249,0.3547611280654553,0.7972982254301942,0.47487649603230325,1.0848459674505153,0.9537152820790175,0.9537152820790175
2023-06-18 00:00:00+00:00,0.6888896254302317,0.6825530446132408,1.0808011139504008,0.9917890727806141,0.3566116842539403,0.795289041849628,0.47583732735706985,1.0845875789222261,0.9542310800182255,0.9542310800182255
2023-06-19 00:00:00+00:00,0.6947294692721941,0.6792481010592291,1.0879676098885307,0.9951186630570206,0.3514792664485063,0.7914293136616954,0.4746405472025523,1.0927640138307653,0.9554102029265178,0.9554102029265178
2023-06-20 00:00:00+00:00,0.6997791683958239,0.6766166558102193,1.0934461527628674,0.9958483102683844,0.3529978920669609,0.7892357162538215,0.4759470249419611,1.0996614550436459,0.957171920642209,0.957171920642209
2023-06-21 00:00:00+00:00,0.697506564447465,0.6762437288686352,1.0932492084925747,0.9956768138933423,0.35285891745951153,0.7883838728344703,0.47279423682763716,1.0993618159765477,0.9567254518013324,0.9567254518013324
2023-06-22 00:00:00+00:00,0.6947612100249766,0.6757840200802228,1.0933218138038507,0.9978896157101355,0.35150730408385733,0.7857670538754938,0.47316566236519014,1.1023374423182797,0.9580877109459167,0.9580877109459167
2023-06-23 00:00:00+00:00,0.6921253015829145,0.674331679420688,1.0927637650181465,1.0016062571286062,0.3526694541107921,0.7853488194065845,0.47058802030581265,1.0999892181012374,0.9573708144083983,0.9573708144083983
2023-06-24 00:00:00+00:00,0.6871892925376994,0.6751978109027137,1.0925841621163794,1.002477960477912,0.3529898909625172,0.7875315518486783,0.4721773750173507,1.0987429258161667,0.9578566344277932,0.9578566344277932
2023-06-25 00:00:00+00:00,0.6883137273462581,0.673468159722234,1.0935295779912726,1.0058529977341508,0.35501832149052215,0.7858287617051285,0.4709063191101247,1.099008171364311,0.9569174012291861,0.9569174012291861
2023-06-26 00:00:00+00:00,0.6885966904452083,0.6715586998008424,1.094628043356416,1.0060686787840736,0.3539481769173795,0.7856952014362066,0.4717716565420849,1.100592354801174,0.9575028732287633,0.9575028732287633
2023-06-27 00:00:00+00:00,0.6852032705360416,0.6691094864857586,1.0990522437349712,1.012647588174828,0.35651086575134894,0.7846255604734381,0.4642236433295288,1.0998004414340408,0.9556354150984308,0.9556354150984308
2023-06-28 00:00:00+00:00,0.685141712607871,0.6709010751954421,1.0918788704137459,1.0064422235117345,0.3573873338482895,0.7847842438197123,0.4683152902585189,1.0944063424953188,0.9568325560138949,0.9568325560138949
2023-06-29 00:00:00+00:00,0.6883226311951255,0.6738369599896902,1.0804405006541464,0.9969687865647904,0.35218498931692876,0.7908381722888034,0.46677451167160733,1.0909968411661624,0.9590631864984953,0.9590631864984953
2023-06-30 00:00:00+00:00,0.6801182208634999,0.6757080837177317,1.086216772754538,0.9952212562534248,0.3475385599816164,0.7889292540135521,0.4662244456112886,1.0977329440417913,0.9594743033313752,0.9594743033313752
2023-07-01 00:00:00+00:00,0.6802778031054704,0.6707407796489192,1.082508435885832,0.9991915277477966,0.3484565046861061,0.7894011349080414,0.4674151796911807,1.0954008555131325,0.9601394210098869,0.9601394210098869
2023-07-02 00:00:00+00:00,0.6748308143352318,0.6712103774815316,1.0871219317807364,0.9936431620117466,0.34764889915445785,0.7871293186382208,0.46561413735723645,1.097981802565992,0.9604011083316869,0.9604011083316869
2023-07-03 00:00:00+00:00,0.6743210019615706,0.6737470739877545,1.0848597509665503,0.993484202907686,0.3472591714728434,0.7881916915467356,0.46629310415042924,1.094481663976134,0.959743994203254,0.959743994203254
2023-07-04 00:00:00+00:00,0.6760598927599557,0.6759200135270184,1.0838032631987666,0.9939276963097513,0.34626265612151563,0.7883090364288673,0.46715645569150543,1.0918147224268535,0.9588357462885222,0.9588357462885222
2023-07-05 00:00:00+00:00,0.6712031295211345,0.6783588895146812,1.075233471095884,0.9939517640076008,0.34727510492710245,0.7869281807726083,0.4668848228419806,1.0805257545053548,0.9578949507392093,0.9578949507392093
2023-07-06 00:00:00+00:00,0.66796122187046,0.6770999412560579,1.0711963404056093,0.9966551903133505,0.34678439752044027,0.7865272381946044,0.46870804523814963,1.0781539983911075,0.9590436916083246,0.9590436916083246
2023-07-07 00:00:00+00:00,0.6626223465536634,0.6776099612646903,1.0657668168756795,0.9926940499562216,0.3477041988881179,0.7867365208808665,0.4693390772524454,1.0738618718173734,0.9594616867164794,0.9594616867164794
2023-07-08 00:00:00+00:00,0.6610005865189051,0.6775720792686328,1.0663158361794,0.992603832226887,0.34630904868698853,0.7869666726314131,0.46889897627311194,1.0723427743346936,0.9591516730959381,0.9591516730959381
2023-07-09 00:00:00+00:00,0.6614253669317217,0.6839452320495227,1.070768188866662,0.9850685451838571,0.3438512715816787,0.786077380373937,0.4703189725250798,1.078863030544321,0.9597413104952434,0.9597413104952434
2023-07-10 00:00:00+00:00,0.6609555205678783,0.6829167481275531,1.0698820603926982,0.9861445231314524,0.34184173230694814,0.7849083724536261,0.47039242075184545,1.0791738025724538,0.9600178862851585,0.9600178862851585
2023-07-11 00:00:00+00:00,0.6580031442280665,0.688261904678081,1.0695053353862505,0.9875022099868684,0.3391734175091212,0.7857693255585305,0.46994145167412804,1.0773174399345367,0.9596884265194487,0.9596884265194487
2023-07-12 00:00:00+00:00,0.6687485771116821,0.6912440430095669,1.0726888220238642,0.9707859056838061,0.33750547321929975,0.7829732583251351,0.4728378134795018,1.0954890956818222,0.9654641359241019,0.9654641359241019
2023-07-13 00:00:00+00:00,0.653907732423988,0.688542340048361,1.058796763384457,0.981546779839469,0.3403999121077466,0.7851562327818126,0.4732003166078919,1.0781412239067423,0.9641194226799812,0.9641194226799812
2023-07-14 00:00:00+00:00,0.6529796055414747,0.6883006243076368,1.0573255206967995,0.9799184715453861,0.33975656514621394,0.7850796120359486,0.4734411689300465,1.076904054396446,0.964227740961855,0.964227740961855
2023-07-15 00:00:00+00:00,0.6574268435490132,0.6896149585271591,1.0592620010681508,0.9752097612190541,0.3384501290321559,0.78452781615135,0.47153696308940474,1.0757107758225395,0.9635943439473739,0.9635943439473739
2023-07-16 00:00:00+00:00,0.6574255308215597,0.6867859451621616,1.056267981288627,0.9851636431310381,0.33989486460411217,0.784506080772757,0.4761501505588903,1.0741832621531782,0.9635954336312716,0.9635954336312716
2023-07-17 00:00:00+00:00,0.6606195089763566,0.6863932493597645,1.0603047026162244,0.9816225504781052,0.34113128671432325,0.7850155922836342,0.472573246537733,1.078001722746456,0.9628680476010709,0.9628680476010709
2023-07-18 00:00:00+00:00,0.6618092619645255,0.6852165500011017,1.0535464594014765,0.9863122437363984,0.3398758038796549,0.7840212597320575,0.47625099714639646,1.0757262016501428,0.963407488519798,0.963407488519798
2023-07-19 00:00:00+00:00,0.6557626912835623,0.6759804256432794,1.0545188552243396,0.9954496538691047,0.3471296174281632,0.7844963951334024,0.47088049588479874,1.0788931925199226,0.9640051156681683,0.9640051156681683
2023-07-20 00:00:00+00:00,0.6531991413530527,0.6796553030953268,1.0562328458971904,0.9914009721404728,0.3458540264038266,0.7839936528826691,0.4686902385454143,1.0795292504873395,0.963946998710007,0.963946998710007
2023-07-21 00:00:00+00:00,0.6501045722003348,0.682224449044083,1.0590896003864387,0.9850074785247557,0.34423132388181177,0.7832356370880654,0.4690691047814426,1.0801847411119183,0.9626906438570685,0.9626906438570685
2023-07-22 00:00:00+00:00,0.650100905157009,0.6826262611245556,1.0610958373407444,0.9825144520626925,0.3432326039633417,0.7835005407794693,0.46850124127555703,1.0824941661192542,0.9631386330965045,0.9631386330965045
2023-07-23 00:00:00+00:00,0.649195908332071,0.6823766069098843,1.0592139874991584,0.9790061949823109,0.3418758662129858,0.7859642793713127,0.46960520476344003,1.0768903085865218,0.9612025895747168,0.9612025895747168
2023-07-24 00:00:00+00:00,0.6497649756571023,0.6853657349887401,1.0615151540646688,0.9721527848133191,0.3415350268183817,0.786639586378098,0.46921534776344376,1.0775598680804492,0.9610696215487149,0.9610696215487149
2023-07-25 00:00:00+00:00,0.6528462124022358,0.6816527199425231,1.0552067697685734,0.9848373623614642,0.3411821344977521,0.7867564993536929,0.4695608428247831,1.0742249404138169,0.9620003915443777,0.9620003915443777
2023-07-26 00:00:00+00:00,0.6516382302899714,0.6794989821385488,1.0533807170822493,0.9879321282206933,0.3388576095995553,0.786547588299831,0.46908297563367085,1.0741351146825455,0.962023457671651,0.962023457671651
2023-07-27 00:00:00+00:00,0.6510617876165921,0.6812256844848514,1.056932449543338,0.9816000199525502,0.33605827209841493,0.7873717756447101,0.46972039820461875,1.076566580538744,0.9618917847056209,0.9618917847056209
2023-07-28 00:00:00+00:00,0.6517586380620272,0.6806333893572939,1.0539280662502155,0.98140726879514,0.33553800850485405,0.7873335663098139,0.47013243194175086,1.075180621270609,0.9622749775074065,0.9622749775074065
2023-07-29 00:00:00+00:00,0.6479526977063992,0.6823108462853752,1.056859337978189,0.9749363042238871,0.3366909405917,0.7866644240321984,0.4681555342131348,1.0769177942950556,0.9616794645694966,0.9616794645694966
2023-07-30 00:00:00+00:00,0.6510017120707198,0.6828968153249629,1.0601817312182344,0.9741091245987616,0.33504064121422744,0.7867161939203859,0.46832047301257285,1.078914881972531,0.9610097380679276,0.9610097380679276
2023-07-31 00:00:00+00:00,0.649154715514423,0.6833109318797306,1.0641380581482858,0.9719278324633528,0.33458122107042465,0.785624877374926,0.4683178304872509,1.0851480422451443,0.9616884498834888,0.9616884498834888
2023-08-01 00:00:00+00:00,0.646677654428904,0.6890248006522521,1.0681930627780742,0.9743640075871186,0.3371081107916779,0.7862710723559756,0.4659409068851773,1.082821328648074,0.9601873399743533,0.9601873399743533
2023-08-02 00:00:00+00:00,0.6485288339240205,0.6898606283804222,1.0767401107807064,0.9729236043817278,0.33711325398985875,0.7868362705995343,0.4655286152973591,1.0866455438644451,0.9592457770163896,0.9592457770163896
2023-08-03 00:00:00+00:00,0.6459665738116614,0.6885671510778225,1.0755732470783963,0.9720314786621673,0.33633551890689983,0.78709222264578,0.46566767051050717,1.0846595706751174,0.9590313132481865,0.9590313132481865
2023-08-04 00:00:00+00:00,0.6449993108924075,0.6888284996874062,1.0752358026668347,0.9723746385852832,0.3350896175573727,0.7877780493929427,0.4660151487120139,1.0852189571874404,0.9590822755604888,0.9590822755604888
2023-08-05 00:00:00+00:00,0.6452708667885019,0.6881959716854562,1.0746977635215647,0.9687295308409031,0.3345829245964574,0.7872607523570893,0.4653964169790183,1.0838196940373925,0.9590657075785997,0.9590657075785997
2023-08-06 00:00:00+00:00,0.6444886409010976,0.6875628157683724,1.0742426081084706,0.9707492983869938,0.33417853383521307,0.786536210606471,0.4646687871639363,1.0841641914749887,0.959135637661769,0.959135637661769
2023-08-07 00:00:00+00:00,0.6455520858803779,0.689304929995438,1.0738331331434512,0.9670437975636056,0.33401134268247035,0.7856945748970725,0.46603227532238156,1.0864942035641447,0.9601636847667152,0.9601636847667152
2023-08-08 00:00:00+00:00,0.6441221236706041,0.6896424323671485,1.0690134368046211,0.9683938063486958,0.33486206704176136,0.7862632329996425,0.46595827509365384,1.0826582566439633,0.9603796464390688,0.9603796464390688
2023-08-09 00:00:00+00:00,0.645001578006657,0.6893459371052356,1.069099670713214,0.9687300118233182,0.33455084820974784,0.7867886476961049,0.4658100283582809,1.0809692973636533,0.9600636605634334,0.9600636605634334
2023-08-10 00:00:00+00:00,0.6462199462016548,0.6908115050601442,1.0686550716502896,0.9673541095509376,0.333403949513049,0.786618336331523,0.4652893996517059,1.0795195905272073,0.9599429507528483,0.9599429507528483
2023-08-11 00:00:00+00:00,0.6459660947752555,0.6883545827075053,1.0692579158476567,0.9679562606800952,0.3325678282590664,0.7867358465983488,0.4655308938688462,1.0800274876242228,0.9599195600345671,0.9599195600345671
2023-08-12 00:00:00+00:00,0.6443613358516296,0.6888548199928493,1.0713106501161027,0.9678357602052107,0.3324181076880318,0.7868212459481111,0.46484211445824786,1.0811477642826977,0.9594789226847296,0.9594789226847296
2023-08-13 00:00:00+00:00,0.6458738484406441,0.6869316080835554,1.069323242967728,0.9684548327548957,0.3327311515400392,0.7864656714917535,0.46516416294468593,1.0803117602991912,0.9598790762865687,0.9598790762865687
2023-08-14 00:00:00+00:00,0.6554686587661573,0.6962850275679375,1.0667449650480303,0.9650062136683044,0.32847763914823397,0.788493327631685,0.47015598090388083,1.0767332451829528,0.9574952297199293,0.9574952297199293
2023-08-15 00:00:00+00:00,0.6572327037699833,0.6966241561435219,1.0680807069852094,0.9632985073223094,0.32702136394808407,0.7902664632434211,0.47206137754737043,1.0735036846236572,0.9557517558971981,0.9557517558971981
2023-08-16 00:00:00+00:00,0.653468557749964,0.6966944828796863,1.055007714151483,0.9636496796897872,0.33028938244289385,0.7923715995181502,0.4703479229692016,1.047117516090347,0.9514922658125679,0.9514922658125679
2023-08-17 00:00:00+00:00,0.6482077805495228,0.6963993401177057,1.0463976203433014,0.9584159872779663,0.33512197244331443,0.7928076497640429,0.4640765337891319,1.0386329250332498,0.9516692987782563,0.9516692987782563
2023-08-18 00:00:00+00:00,0.6493695178457954,0.6949040746544513,1.0448924944670857,0.9582361189060242,0.3351103920531428,0.7915335307417225,0.4640909541971932,1.0361496846075733,0.952082406704804,0.952082406704804
2023-08-19 00:00:00+00:00,0.6502827741956125,0.6961319454697005,1.045519893059892,0.9568267430156586,0.3345314411487746,0.7908801762605671,0.4642582189036666,1.0342117829538535,0.9523948869005826,0.9523948869005826
2023-08-20 00:00:00+00:00,0.6537085084616466,0.6951852808388461,1.043801926335482,0.9541129989378336,0.3334362058298936,0.7919135012128397,0.45915619056913937,1.035712913780181,0.9515893949254813,0.9515893949254813
2023-08-21 00:00:00+00:00,0.6525859551191989,0.6962964209230765,1.0447898063781527,0.9535707768981132,0.3324324857487557,0.793890579299191,0.46058612066024723,1.0352575027539705,0.9507480218423174,0.9507480218423174
2023-08-22 00:00:00+00:00,0.65436185158608,0.6994999518835501,1.046121105872793,0.9559208500649047,0.3303627297554329,0.7919176170134746,0.4634024594040453,1.0309725880990441,0.9518700717669191,0.9518700717669191
2023-08-23 00:00:00+00:00,0.6512182994958232,0.7000195003990565,1.0504004445039143,0.9544744961642595,0.3305220721135908,0.7909697119505628,0.46175602615887645,1.0288448898120852,0.9511891105134964,0.9511891105134964
2023-08-24 00:00:00+00:00,0.6512811955720366,0.7028481671787323,1.052405544426234,0.9500294570988803,0.3303439244109443,0.789941897993112,0.4593747499785599,1.0256077598902047,0.950802449170635,0.950802449170635
2023-08-25 00:00:00+00:00,0.6513071227151147,0.701645345761355,1.0508650724984816,0.9486284543091754,0.3295151949486317,0.790380078505091,0.45936614181785945,1.0277809067355481,0.9506798325714958,0.9506798325714958
2023-08-26 00:00:00+00:00,0.651177599446692,0.7021726645900517,1.0507714297452573,0.9492365021840877,0.328312779947237,0.7899290848808048,0.460556795539266,1.0269364611360976,0.951030002604091,0.951030002604091
2023-08-27 00:00:00+00:00,0.65001838445029,0.6998196703865418,1.05070710274468,0.9481866996736504,0.32891737850356667,0.7906342729663445,0.45770137424005397,1.0280437144861503,0.95137861701726,0.95137861701726
2023-08-28 00:00:00+00:00,0.6534384838039126,0.710321717125693,1.0618564757287299,0.9477960748593485,0.3293440139422968,0.7923262551568384,0.46332304302473715,1.0142184550969582,0.9533035781876009,0.9533035781876009
2023-08-29 00:00:00+00:00,0.6537292762064653,0.7056821511976247,1.0656516585334854,0.9508526621587599,0.3285893651195299,0.7917108181855359,0.4606431262880499,1.0130727800857413,0.9520636909777713,0.9520636909777713
2023-08-30 00:00:00+00:00,0.6527321316927546,0.7110155277374522,1.0488020454416618,0.9430252901551001,0.32679469057419114,0.7942321337736258,0.4630966619783445,0.9948117209602357,0.9497151767212113,0.9497151767212113
2023-08-31 00:00:00+00:00,0.6523785963054184,0.7140648253938301,1.0456513165674293,0.9384665588102239,0.32669415038960287,0.7934943032705518,0.46247351947552573,0.995617105576384,0.9492107495849402,0.9492107495849402
2023-09-01 00:00:00+00:00,0.6527165241062824,0.7115743001859522,1.044962740825246,0.937331264424937,0.3257813082325424,0.792219469465871,0.4619730840675144,0.995264972267654,0.9494220677405025,0.9494220677405025
2023-09-02 00:00:00+00:00,0.653161210316059,0.7099875292339091,1.044498330247602,0.9367004588673599,0.32554097099670315,0.7905356563740992,0.4611121803054184,0.9947043108711072,0.9495436373914805,0.9495436373914805
2023-09-03 00:00:00+00:00,0.6513725891144855,0.7103827707524559,1.0435859530117348,0.9359440180030963,0.32420255843033446,0.7905976720127565,0.46062001269574454,0.9955031412380212,0.9496905652189985,0.9496905652189985
2023-09-04 00:00:00+00:00,0.6523445467592351,0.7086469042971457,1.0408926048740255,0.9355639396845848,0.32359641424737934,0.7909871501785053,0.4610661694675261,0.9980342005191347,0.9499774332374723,0.9499774332374723
2023-09-05 00:00:00+00:00,0.6515711085339778,0.7072411218507552,1.041507892391683,0.9364417421756441,0.3234389250856414,0.79115709748483,0.4601410626609535,0.9960991330586346,0.9498623514925353,0.9498623514925353
2023-09-06 00:00:00+00:00,0.6535383827000018,0.7063256831560145,1.044220505491317,0.9356623749870857,0.3229135078633453,0.7911559329619334,0.4599524738303696,0.9917858321571537,0.9501671903697102,0.9501671903697102
2023-09-07 00:00:00+00:00,0.6535117897799197,0.7076285826786034,1.04391780398327,0.9324457736182793,0.32289732724932874,0.790230270345926,0.4579924998545062,0.9937929117463082,0.9496768387604589,0.9496768387604589
2023-09-08 00:00:00+00:00,0.6535111618846234,0.707481733202589,1.0437743766989351,0.9309386772342132,0.32223367058490593,0.7891491881638425,0.4574430410566022,0.9940168536529523,0.949601551272757,0.949601551272757
2023-09-09 00:00:00+00:00,0.6528802461937387,0.7102377763936454,1.049707477883457,0.9336575150891727,0.3203639155199324,0.7886614292920985,0.4564727712532239,0.9885442807256245,0.9481612799233627,0.9481612799233627
2023-09-10 00:00:00+00:00,0.6547348396442799,0.7070246760279155,1.0400314891848106,0.9353926095968199,0.3201649044799072,0.7868788842134974,0.45710981165559145,1.0033936571551496,0.9462540191249807,0.9462540191249807
2023-09-11 00:00:00+00:00,0.6568763592986673,0.7055186034060735,1.0467048468609488,0.9438882234973052,0.3190119050923594,0.7874608205647277,0.4585882859850439,0.9935231009075859,0.9468647056327802,0.9468647056327802
2023-09-12 00:00:00+00:00,0.6566923031648668,0.7044612898647582,1.045901880096961,0.9446216406091148,0.3190468790934701,0.7865057067365699,0.45904872010163406,0.9928260721397836,0.9474944002968126,0.9474944002968126
2023-09-13 00:00:00+00:00,0.6549022462896521,0.7054354029847538,1.045741811041538,0.937570734535926,0.3179268755367981,0.785737558857642,0.4560182931595759,0.9894001351398721,0.9483803017617628,0.9483803017617628
2023-09-14 00:00:00+00:00,0.6549337687287745,0.7043825003930241,1.043532174101878,0.9395037851711951,0.3177950186054332,0.7860513184994753,0.45615105683269813,0.9893910474760698,0.9490832231868422,0.9490832231868422
2023-09-15 00:00:00+00:00,0.653956745011203,0.7049067598278432,1.0440759780010516,0.937178387710478,0.31726267620493487,0.7857868731908622,0.45596481846557796,0.9889068142685061,0.9489539078780053,0.9489539078780053
2023-09-16 00:00:00+00:00,0.6539411626499135,0.7046590729084442,1.0463432620856685,0.935799171534142,0.31744519581026687,0.7855461488166626,0.455160472613114,0.9856418659038916,0.9484824353394452,0.9484824353394452
2023-09-17 00:00:00+00:00,0.6508169253721535,0.698318134247154,1.040602212655164,0.9365539563039127,0.31719604148818636,0.7842260986730233,0.4495275202250343,0.984635834912491,0.949663349553301,0.949663349553301
2023-09-18 00:00:00+00:00,0.6499294870809459,0.6943247584171287,1.0370385461082043,0.9395569843204671,0.31742779956498024,0.7817851383953787,0.44893772159427914,0.9843244880460426,0.9506287809147655,0.9506287809147655
2023-09-19 00:00:00+00:00,0.6518384042390611,0.6908715631089859,1.0334476975760325,0.9413638131481263,0.3187326252371748,0.7803969397323824,0.4474101527230062,0.9869438267106025,0.9503697482925284,0.9503697482925284
2023-09-20 00:00:00+00:00,0.6521444751845604,0.6939660765964464,1.0317280655660637,0.935797534702527,0.3178932133614083,0.7802362099291145,0.44688256234568347,0.9925169051143828,0.9490269468581032,0.9490269468581032
2023-09-21 00:00:00+00:00,0.6529632124771867,0.6925527543012303,1.03113664549367,0.9378726405277099,0.31739913164149136,0.7809690579782189,0.4467816326548207,0.9913197399376961,0.9492823974208288,0.9492823974208288
2023-09-22 00:00:00+00:00,0.6528308043129984,0.6913052102148853,1.0289292114210482,0.9395153946617869,0.31765383684972004,0.7808771872458175,0.4464253151545268,0.992873153595513,0.9494387852486703,0.9494387852486703
2023-09-23 00:00:00+00:00,0.6522483878521488,0.6928555432852569,1.0287222884563252,0.9367295694766776,0.31720326303009516,0.7815590573996766,0.4451252787487498,0.9955159115484226,0.9489153975964613,0.9489153975964613
2023-09-24 00:00:00+00:00,0.6565839041402479,0.6898998181277297,1.027330589260047,0.9400895476979533,0.3162837211864433,0.7816918334255465,0.44477357440928933,0.9947161964644821,0.949457792756182,0.949457792756182
2023-09-25 00:00:00+00:00,0.6563354137131348,0.6925670221300612,1.033119120114687,0.9368471004416878,0.3154591859640142,0.7832072863891388,0.44409244945001236,0.9896750605709956,0.9491329496936132,0.9491329496936132
2023-09-26 00:00:00+00:00,0.6591909771264101,0.6900011536608855,1.0320610170865707,0.9392635315060146,0.31430213221955133,0.7829436836727368,0.4436437129458161,0.9897729972095783,0.9492995210262769,0.9492995210262769
2023-09-27 00:00:00+00:00,0.6612364416504322,0.6939335604797009,1.035142555825434,0.9363232272798215,0.3141200373042058,0.7843632039136129,0.4484971932848089,0.9860366112639515,0.9505087223226331,0.9505087223226331
2023-09-28 00:00:00+00:00,0.662771288805998,0.6924519706971813,1.0345656601994802,0.935940288461549,0.3139140679000503,0.7859191944106118,0.4491965909648238,0.98612245226627,0.9508735546695902,0.9508735546695902
2023-09-29 00:00:00+00:00,0.664782671590227,0.6906000120543523,1.029610166074957,0.9388547499891586,0.31346462708566675,0.785567550229599,0.44906134770459494,0.9903510504504816,0.9514041169648144,0.9514041169648144
2023-09-30 00:00:00+00:00,0.6587734782476388,0.6917154667824634,1.0279675145491047,0.93828138090261,0.3134425348119856,0.7847214310627434,0.4511675760919833,0.9882576278846433,0.9535489684494242,0.9535489684494242
2023-10-01 00:00:00+00:00,0.6573979483879003,0.6940823038178077,1.0253318819622876,0.9350585164761667,0.31463819580647273,0.7818742955798396,0.44958132468970585,0.9951063563523307,0.951720089408491,0.951720089408491
2023-10-02 00:00:00+00:00,0.6557370345826333,0.6927345278662963,1.0211945923036638,0.9348359474814102,0.3138730680579129,0.7810887886311572,0.4494079135762192,0.9986878605741494,0.9522400729872255,0.9522400729872255
2023-10-03 00:00:00+00:00,0.6570498786504667,0.6910625419446087,1.017799207252523,0.932573834957775,0.31379128757935026,0.778641540437575,0.4511992995140798,1.0011172535384687,0.9523460499950729,0.9523460499950729
2023-10-04 00:00:00+00:00,0.6523111312396441,0.6922092842201325,1.0145715429794253,0.9322631942734734,0.31321538775685187,0.7773097057993287,0.44728481841813217,1.0067140084940183,0.9517579592220355,0.9517579592220355
2023-10-05 00:00:00+00:00,0.6532362697000906,0.686760774461868,1.0145101903139422,0.9351295218605707,0.3129749887147515,0.7775362866409896,0.44832605695822353,1.0057173056242483,0.9527791303190817,0.9527791303190817
2023-10-06 00:00:00+00:00,0.6532278468536815,0.6885632050365532,1.0138292771975868,0.9338272514308088,0.31259027531313627,0.7763613253619758,0.4478527002823013,1.0050536162465524,0.9523502024776378,0.9523502024776378
2023-10-07 00:00:00+00:00,0.6559802820482187,0.6903546528181641,1.0143893832006547,0.9329155788986786,0.3126859540303037,0.7764178520446516,0.44620145593708327,1.0041193486796587,0.9521991687266759,0.9521991687266759
2023-10-08 00:00:00+00:00,0.6564083008899655,0.6885567158313107,1.0122298515471055,0.9340854862724737,0.31328456951219785,0.7735610460507124,0.44285527609797565,1.0066025986671028,0.9502210583290506,0.9502210583290506
2023-10-09 00:00:00+00:00,0.6587403254245301,0.6907986665273224,1.015618076803049,0.9343367677032602,0.3121548184250218,0.7741560186894194,0.44634077429958197,1.0080048370983874,0.9497353793504464,0.9497353793504464
2023-10-10 00:00:00+00:00,0.6607844115311527,0.693160740067534,1.0161626593022324,0.931999603619742,0.3110929861002134,0.7768046307611739,0.44305804172384994,1.0084445440346637,0.9492730044200689,0.9492730044200689
2023-10-11 00:00:00+00:00,0.6563195850086359,0.6882213077070402,1.012965276203677,0.9373356643169942,0.3103947043740357,0.7746739040242305,0.4434983391089706,1.0126319525821612,0.9483058707404471,0.9483058707404471
2023-10-12 00:00:00+00:00,0.6576596837516266,0.6874230278594358,1.012176301436451,0.9378005557729834,0.31011084397689054,0.7752385272232049,0.4441135880373361,1.0123461871721138,0.9486948801975965,0.9486948801975965
2023-10-13 00:00:00+00:00,0.6585004153398814,0.6872371457336804,1.01201963071416,0.9380344392370175,0.3093688823557904,0.7755425047705401,0.4443060232776396,1.0120911405535773,0.9488158419324283,0.9488158419324283
2023-10-14 00:00:00+00:00,0.6596951535908069,0.6872547256926385,1.015537030317242,0.9388544844687181,0.3089048295777549,0.7745549894456459,0.44337398615440954,1.0075952458409976,0.9489608751220407,0.9489608751220407
2023-10-15 00:00:00+00:00,0.6648820709975292,0.6843444678943222,1.0179177187399557,0.9428162533771713,0.3084737974535825,0.7719840742756578,0.4441547053116435,1.0009465416642735,0.9506058037154835,0.9506058037154835
2023-10-16 00:00:00+00:00,0.6658655926361261,0.6833809739080884,1.0159044971606086,0.9412666036292296,0.3083862471975427,0.7696868273472036,0.4418139539930872,1.0027762730139387,0.9497673639803741,0.9497673639803741
2023-10-17 00:00:00+00:00,0.6677552053379562,0.6835973293735262,1.0195766411575762,0.9392371122049374,0.3083474306155426,0.7702501337400094,0.4415963071291994,1.0034194638484337,0.9492489698946001,0.9492489698946001
2023-10-18 00:00:00+00:00,0.6692795474109479,0.6804285135569539,1.0135823246538076,0.9433561832422036,0.3086712344655625,0.7682705437246994,0.4418822840058201,1.000698136147577,0.950335919355561,0.950335919355561
2023-10-19 00:00:00+00:00,0.6718579780797641,0.6767983226207686,1.007535542833754,0.9508081053072934,0.3067332941727625,0.7667489268762084,0.44532165550272246,0.9987928344114687,0.9515337222357392,0.9515337222357392
2023-10-20 00:00:00+00:00,0.6767962159366936,0.6762310066512385,0.998629367147549,0.9480184467902412,0.3054962567918991,0.7666326007215991,0.44528944620737904,0.993489847830329,0.9540322163371017,0.9540322163371017
2023-10-21 00:00:00+00:00,0.6774177317342989,0.6778804523529501,0.9957745417349667,0.9463828156212263,0.3047907668065805,0.7679965106063333,0.4459835732487775,0.9923165323845193,0.9555827343767732,0.9555827343767732
2023-10-22 00:00:00+00:00,0.6810881778371259,0.6723015713904974,1.0104344849754314,0.9480655276878293,0.3047423866077115,0.7642265119908033,0.44441455369919286,1.0162012129681515,0.9589269960277593,0.9589269960277593
2023-10-23 00:00:00+00:00,0.6876178945291198,0.6691434410448408,1.0119013387363667,0.951380542888542,0.3043319652673084,0.7622194357644807,0.4436788597083122,1.018252413904075,0.9583103012541414,0.9583103012541414
2023-10-24 00:00:00+00:00,0.6929920603732331,0.6707868172315258,1.0029785006930567,0.9576569667726202,0.3039597470951991,0.759998643059583,0.44196672294299083,1.0138297558705864,0.9593361278499013,0.9593361278499013
2023-10-25 00:00:00+00:00,0.6850155253927255,0.6733135327790567,1.00482866995879,0.9503462111078799,0.30271810792083864,0.7621542713291832,0.4401669044874471,1.0132669947973476,0.9596517380299205,0.9596517380299205
2023-10-26 00:00:00+00:00,0.685944978851324,0.6688240310344666,1.009501867677458,0.9522945787110888,0.30335365056752567,0.761635384082224,0.43951912376477736,1.0162351355915002,0.9587166183193636,0.9587166183193636
2023-10-27 00:00:00+00:00,0.6814594818385683,0.668360723283613,1.0089966364730998,0.9482832015308015,0.3023753451842202,0.7604002978047185,0.43791038332459037,1.015191550972072,0.9590226537473439,0.9590226537473439
2023-10-28 00:00:00+00:00,0.6801692819637197,0.6697558068202005,1.0072509848485873,0.9459952958766661,0.3016711029971879,0.7599975940540736,0.43797614647923855,1.0148646137402673,0.9601790496579052,0.9601790496579052
2023-10-29 00:00:00+00:00,0.6747378170832548,0.6707656137327936,1.008530875210311,0.9323961907923054,0.30094504925892457,0.7606710813561979,0.4267022815926061,1.024360092757528,0.9619522157646078,0.9619522157646078
2023-10-30 00:00:00+00:00,0.6815926401566536,0.6791510943006903,1.0024113082344486,0.9353753820328743,0.3026898784674177,0.7612668281514852,0.4256555167504866,1.0198707180034021,0.9623172941941041,0.9623172941941041
2023-10-31 00:00:00+00:00,0.6761687585417329,0.6813765132923472,1.00054280715141,0.9368822081835791,0.3015020179885155,0.7606342901662734,0.424181135271294,1.0188139198218853,0.9642947286948949,0.9642947286948949
2023-11-01 00:00:00+00:00,0.6735738416981044,0.6840175644038317,1.0071731828306438,0.9324546323401138,0.2986340713060243,0.7588427954912933,0.42370554271345795,1.0205069594712188,0.9635982626781242,0.9635982626781242
2023-11-02 00:00:00+00:00,0.6762894434693358,0.6860911840037104,1.0070820356234453,0.9314471022925658,0.2998076329498922,0.7613285984768587,0.42514571869295625,1.0190013847485573,0.9640140873761776,0.9640140873761776
2023-11-03 00:00:00+00:00,0.6758309226550335,0.6807173199765182,1.0109639109637552,0.9267390842275082,0.29884884619120516,0.7625340330633626,0.4243597673273365,1.0266196646786774,0.9650400329666565,0.9650400329666565
2023-11-04 00:00:00+00:00,0.6778165197683723,0.6727415246133079,1.017872601991375,0.9218023989677577,0.2993343069764316,0.7643418503737911,0.4235371983553455,1.0363985323919473,0.966504950075638,0.966504950075638
2023-11-05 00:00:00+00:00,0.6710528144372151,0.6678656373036456,1.0202728975706,0.9213734727916905,0.2991282662186683,0.7631823953790362,0.4202999601581705,1.0414440031779417,0.9691375060159827,0.9691375060159827
2023-11-06 00:00:00+00:00,0.6725703563674935,0.6756517572957584,1.0111927503290898,0.9245227472914765,0.2953757459383591,0.7643347528051406,0.41984784726684976,1.0315705956373804,0.9684025909858086,0.9684025909858086
2023-11-07 00:00:00+00:00,0.6748299821667567,0.6781804323289206,1.0035036246510807,0.9345626116207443,0.29480459870362197,0.7666529698651351,0.41806800679941597,1.0289922287796853,0.9698567068676149,0.9698567068676149
2023-11-08 00:00:00+00:00,0.6636387752766795,0.6717471186521828,1.0256581849129207,0.9175826779688366,0.29326298750167146,0.7528496763536762,0.4265786891346366,1.050655008710843,0.9711966657599119,0.9711966657599119
2023-11-09 00:00:00+00:00,0.6721662108228973,0.6828966578364929,1.0109752418501212,0.9337574499541534,0.2892511683009144,0.7558751762755456,0.4188319741089554,1.0440069476504643,0.9737368814196421,0.9737368814196421
2023-11-10 00:00:00+00:00,0.6674232352774436,0.6865167383046629,1.0108983130879907,0.9300526959727572,0.28437349093396597,0.7549790029630237,0.4179321928230243,1.0467673011328007,0.9747800163953793,0.9747800163953793
2023-11-11 00:00:00+00:00,0.6506286673968259,0.6893749986699971,0.9965238918341376,0.937354912050697,0.2845760080059716,0.7574615110100376,0.4143087393247952,1.0319548113196562,0.9759340462192615,0.9759340462192615
2023-11-12 00:00:00+00:00,0.6510768141736317,0.7085495765290967,0.9975221687763921,0.9126789731721541,0.27453073666423694,0.7559989017128753,0.4265778016771015,1.0283096427061673,0.9727791253140529,0.9727791253140529
2023-11-13 00:00:00+00:00,0.6497778737055158,0.711806524267043,0.986848856101989,0.9239234668058731,0.27738609765677974,0.7573245332745884,0.4255845009664009,1.0130506859809816,0.9729413963455401,0.9729413963455401
2023-11-14 00:00:00+00:00,0.651616709727565,0.7074181655710106,0.9925273886173565,0.9260897505124434,0.27122592556868697,0.7575097402762979,0.42417255586217245,1.0300909064234143,0.9769433726027402,0.9769433726027402
2023-11-15 00:00:00+00:00,0.6453539788267658,0.708091475545275,0.9863612135422719,0.9339312862174005,0.27167150935793816,0.757069415914272,0.4182677230619665,1.0184047841386101,0.9742669411850658,0.9742669411850658
2023-11-16 00:00:00+00:00,0.6486513428429812,0.7046322096678383,0.988689676782982,0.9306272526827857,0.27271778781164024,0.7580729099209063,0.4176163369344489,1.020202793477911,0.9740688660803867,0.9740688660803867
2023-11-17 00:00:00+00:00,0.6482983352330575,0.7029488917189748,0.9894297342341136,0.930617492671146,0.2727012425966075,0.7575935194239978,0.41843102783692077,1.019833192295265,0.9741411470975774,0.9741411470975774
2023-11-18 00:00:00+00:00,0.6503165094307023,0.700733102499276,0.9879254720904201,0.9294247583203641,0.27233542489199036,0.7569923750768743,0.41937341248418586,1.0235837532536323,0.9758103993098936,0.9758103993098936
2023-11-19 00:00:00+00:00,0.6532466949640493,0.7061481780489735,1.0024810475652357,0.9106843939090397,0.2736724921956369,0.7581553819793907,0.4220643075268829,1.0348622165694732,0.973958776640515,0.973958776640515
2023-11-20 00:00:00+00:00,0.6571349533815785,0.70924672681733,0.9834859196042279,0.9194001381300699,0.2737212924063922,0.7567876257259165,0.41988699305441135,1.0044532863869973,0.9696043013301485,0.9696043013301485
2023-11-21 00:00:00+00:00,0.6556392895387919,0.7032847609750177,0.9901709281180416,0.922081847665394,0.2736989197414482,0.7535386416949692,0.41684442198444344,1.0240474926449943,0.9732451857853476,0.9732451857853476
2023-11-22 00:00:00+00:00,0.6566242020840256,0.7010072458733337,0.9896433654442954,0.9234379143581537,0.27399975138158744,0.7520233502935765,0.4155644999702162,1.02138698105976,0.9733101488504062,0.9733101488504062
2023-11-23 00:00:00+00:00,0.6577966039696508,0.6992436012467604,0.9919024437045767,0.9215139805044184,0.27445194922519783,0.7507663274025426,0.41525955235063877,1.0252264571092518,0.9736395615380925,0.9736395615380925
2023-11-24 00:00:00+00:00,0.6557485573567842,0.7009551827562868,0.9903397880211784,0.9246092378560266,0.2740329089218116,0.7514247513861899,0.41012487815303866,1.0260202069480095,0.974757421275421,0.974757421275421
2023-11-25 00:00:00+00:00,0.654430434823915,0.7016298863472982,0.9891902247904355,0.9228997277347517,0.2745264777155813,0.7515709911674247,0.40593177547452586,1.0266144122395389,0.974225203934284,0.974225203934284
2023-11-26 00:00:00+00:00,0.6565152775727476,0.701490019488947,0.989568297596328,0.9190922873725375,0.27170122152407034,0.7530970996216544,0.40903479584766705,1.0217886769419404,0.9725650976784843,0.9725650976784843
2023-11-27 00:00:00+00:00,0.6580089810992078,0.7011105883534222,0.9909290016970219,0.91904112611928,0.2702790379756417,0.7532336827597231,0.410997948427522,1.0244103592395353,0.9735708799753219,0.9735708799753219
2023-11-28 00:00:00+00:00,0.6577237237307972,0.6992254334170726,0.9866345208174746,0.9214022692475803,0.2714049995700195,0.7548337804049535,0.4101383440566749,1.0186454936196376,0.973658339484305,0.973658339484305
2023-11-29 00:00:00+00:00,0.6567772766881042,0.7019347739489801,0.9869425318833934,0.9203065341064716,0.2722820035923436,0.7519666308455701,0.4075094576948559,1.0227786444088256,0.9738624823064852,0.9738624823064852
2023-11-30 00:00:00+00:00,0.6577721440362221,0.6983645014792847,0.9889658862423011,0.921518210047936,0.2740266621479462,0.7483693843009405,0.40577394330843525,1.0258568180195338,0.9750836783294954,0.9750836783294954
2023-12-01 00:00:00+00:00,0.6607179167150234,0.6940553442676817,0.9884010312248298,0.9247789546795829,0.2735411565887184,0.7450306288533326,0.40623459193721206,1.029104174475521,0.9767104131346671,0.9767104131346671
2023-12-02 00:00:00+00:00,0.6614424579523054,0.6914693788341788,0.9918543583101862,0.9263098854706419,0.2735972782007498,0.7453089092692885,0.40652947295108555,1.0325498937576427,0.9764556751920733,0.9764556751920733
2023-12-03 00:00:00+00:00,0.6644883213631444,0.6856715073463769,1.0061379526173275,0.9342840303886323,0.27428396308970154,0.7492941325730582,0.40625956795862306,1.0510755962301668,0.9771902074419077,0.9771902074419077
2023-12-04 00:00:00+00:00,0.6701481464121021,0.6752291672252195,1.0154486931153686,0.9488816649219375,0.2765253171212906,0.7530881592342414,0.40691493676753215,1.0631380117038687,0.9782730699662553,0.9782730699662553
2023-12-05 00:00:00+00:00,0.671471170530959,0.6747629618828743,1.009826044097258,0.9537824009804365,0.27660559987791955,0.7500455181387674,0.40638264527452805,1.05638241684752,0.9787524490130166,0.9787524490130166
2023-12-06 00:00:00+00:00,0.6657743155233652,0.6764990525373269,1.0061706467331002,0.9492055456150977,0.27430285161711887,0.7594852171640853,0.407129755328797,1.0576031833107244,0.980358488356642,0.980358488356642
2023-12-07 00:00:00+00:00,0.6677329294855439,0.6619296777401666,1.0055457893672948,0.9608140789666632,0.2826603001183122,0.7567451688132163,0.412415570422163,1.0592844533707828,0.9849172325236544,0.9849172325236544
2023-12-08 00:00:00+00:00,0.6646776893118644,0.6529838217094668,1.007803836061021,0.9735230231159007,0.2830172013333745,0.7534261277485615,0.4091950432059077,1.0620992962035731,0.9846887863616317,0.9846887863616317
2023-12-09 00:00:00+00:00,0.6656607152953444,0.6514780815505772,1.0009182926710285,0.973486801539043,0.28308608904977434,0.7515606734867749,0.40796791267926635,1.059517154222203,0.9866094086647716,0.9866094086647716
2023-12-10 00:00:00+00:00,0.6632035146451376,0.6694423168549859,0.9987537386225367,0.9564321710407117,0.2816106533815511,0.7471385091235739,0.40691241074423334,1.049142958398745,0.983157649886277,0.983157649886277
2023-12-11 00:00:00+00:00,0.6512781873212307,0.6547600810014267,1.008191205599409,0.957814388752209,0.28068783407524983,0.7510193600280695,0.39541824106931445,1.06615304877023,0.9843545874003641,0.9843545874003641
2023-12-12 00:00:00+00:00,0.6520543239239407,0.6519681561735323,1.0083177047359095,0.9821721861179437,0.27734167862076065,0.7508819479644007,0.3969575867542138,1.0718836300727297,0.9860805169450604,0.9860805169450604
2023-12-13 00:00:00+00:00,0.6549186131837773,0.6541697155982515,1.0072997438548985,0.9654272756935707,0.2740869164015976,0.7529415712162563,0.39687952356017786,1.0731738175501249,0.9866355320505054,0.9866355320505054
2023-12-14 00:00:00+00:00,0.6593008970641535,0.6601472892407427,1.0009022269626213,0.9604060401169325,0.2705183827239197,0.7510621176972049,0.39472788971411715,1.058922978073624,0.9841958154819933,0.9841958154819933
2023-12-15 00:00:00+00:00,0.6597450995896584,0.6581860408063659,0.9984737895151866,0.9647608079108521,0.26939987625737205,0.7505466095334514,0.3884963830606295,1.0615493161082825,0.9854947385525115,0.9854947385525115
2023-12-16 00:00:00+00:00,0.6606929475494229,0.6645976553279148,0.9955558334328801,0.9574437739498981,0.27028006765397833,0.7515686962083789,0.39155778446741546,1.0527091174050418,0.9835669068051703,0.9835669068051703
2023-12-17 00:00:00+00:00,0.6651639297782102,0.665500429332449,1.000063090147516,0.9606787322295152,0.26809206915204864,0.7494866582015035,0.39056419631255984,1.0600049287258495,0.9844323012489914,0.9844323012489914
2023-12-18 00:00:00+00:00,0.6606077461972903,0.6657929896144125,1.0128466625525299,0.9477991579632763,0.2659850843664285,0.7488583754579663,0.39342459886767966,1.0687479549172458,0.9830886586590971,0.9830886586590971
2023-12-19 00:00:00+00:00,0.6640578828311983,0.6515786370904523,1.0162821027103102,0.9565558326421975,0.2670999613015446,0.747300428879247,0.393248756912024,1.078800373204704,0.9851265173945075,0.9851265173945075
2023-12-20 00:00:00+00:00,0.64916013045407,0.6435325894453231,1.01309521685144,0.9867075190093194,0.2679899363113902,0.7510239570728843,0.3885861472188046,1.0882477224268188,0.9887558133014018,0.9887558133014018
2023-12-21 00:00:00+00:00,0.6491856064960908,0.6517190647298442,1.009883663227269,0.964785320187611,0.26624706629599565,0.7538777474664179,0.3986411154476944,1.0836911259459432,0.98931339022287,0.98931339022287
2023-12-22 00:00:00+00:00,0.6493842921954086,0.6453058516771498,1.0030298782141538,0.9730135103313864,0.26901581133350017,0.7553307995106274,0.399612104534343,1.0787656152585332,0.990166559916162,0.990166559916162
2023-12-23 00:00:00+00:00,0.6473115025113141,0.6443629525953447,0.9953049641186644,0.9735158866812366,0.2677936859705271,0.7550203870877509,0.3994719612075809,1.0680593246908299,0.9897803145005883,0.9897803145005883
2023-12-24 00:00:00+00:00,0.6447024353318161,0.6441611850765865,0.9914851260475085,0.9779588469268964,0.26826197197529056,0.7522866859782634,0.3982846950340376,1.0670729259322167,0.992066678491564,0.992066678491564
2023-12-25 00:00:00+00:00,0.6322012064123389,0.6395371800794641,1.0046585885761536,0.9750925533551724,0.2621566413889324,0.7504120582088808,0.398452732873135,1.0785001873645161,0.9911555689734293,0.9911555689734293
2023-12-26 00:00:00+00:00,0.630554767181154,0.6471687680973266,1.016718933906656,0.9690978326796901,0.2579826019257351,0.7558766120784045,0.40242538014829965,1.1073516433076802,0.9922644988334404,0.9922644988334404
2023-12-27 00:00:00+00:00,0.6282944855702588,0.6459875133965987,1.0170508565922327,0.9694778052997176,0.2585513029542718,0.7562403958471775,0.40305489211062157,1.1020725447002464,0.9905728406467458,0.9905728406467458
2023-12-28 00:00:00+00:00,0.6308007211272156,0.6483031875928559,1.0124179669526732,0.971673523529606,0.2568975780220545,0.7551167680248401,0.4072088607544109,1.0920847880231461,0.9897924788150879,0.9897924788150879
2023-12-29 00:00:00+00:00,0.630503434839682,0.6468223787715032,1.0162144736984082,0.9720897052388155,0.25703143400968664,0.7555686734076116,0.4072702886975198,1.0973176355067207,0.9890095301831634,0.9890095301831634
2023-12-30 00:00:00+00:00,0.6315923423058081,0.64842227195172,1.0162049469902206,0.9687677852565864,0.2576998313806503,0.7574542825289129,0.406925701441264,1.0926988355359248,0.9885717996228828,0.9885717996228828
2023-12-31 00:00:00+00:00,0.6344538031863274,0.6523510804458803,1.0199801640144022,0.9652239498552235,0.25562538723962464,0.7591415035671212,0.4057722467135103,1.103215699793328,0.991235109402188,0.991235109402188
2024-01-01 00:00:00+00:00,0.6373971402144698,0.6538272652297816,1.026177914556197,0.9622761890990521,0.2556797614545585,0.7610406273875705,0.4065233576626037,1.1107673095027315,0.9900054134154024,0.9900054134154024
2024-01-02 00:00:00+00:00,0.6380929406830566,0.6548350654304602,1.0235164005537827,0.9748129225400706,0.25479224240215814,0.7590904624468695,0.4108178022784025,1.1022367527731831,0.9853003508908056,0.9853003508908056
2024-01-03 00:00:00+00:00,0.6388660588935169,0.652777533666565,1.027332166167057,0.9784895943306637,0.2551918122621869,0.7587099783482538,0.4097681941287777,1.1133619213308916,0.9870863751775171,0.9870863751775171
2024-01-04 00:00:00+00:00,0.6342172201443412,0.6548659622568703,1.0301034997467564,0.9730429518424892,0.2533864761151809,0.7582321542101859,0.40845468079674074,1.1136818977039404,0.9854071255139396,0.9854071255139396
2024-01-05 00:00:00+00:00,0.6336218704815755,0.653984435311212,1.0314777848734171,0.9705512817589412,0.2531626527367412,0.7564270195599019,0.40912475534580706,1.1080413565936378,0.9834566871277073,0.9834566871277073
2024-01-06 00:00:00+00:00,0.6348683334864939,0.6507694744539001,1.0340661247744145,0.9743693667671607,0.25465708744642684,0.7552664528445148,0.4111482474910033,1.107541244693785,0.9817551386824289,0.9817551386824289
2024-01-07 00:00:00+00:00,0.6397914899410628,0.6506047977707317,1.0410638033070474,0.9758957426887445,0.25504681694059944,0.752464462124138,0.4058089081842703,1.1219573150004432,0.9852522402470418,0.9852522402470418
2024-01-08 00:00:00+00:00,0.6384547611894004,0.6513483107205824,1.0394834770695411,0.9776089145217342,0.25463566952049543,0.7560838227204617,0.4069858825693445,1.1185208287125503,0.9839226588433502,0.9839226588433502
2024-01-09 00:00:00+00:00,0.6341970097444484,0.6565188672200937,1.0353723786599576,0.9653007835490223,0.2541696044568775,0.7684534663580254,0.4132154344806056,1.1297093708910275,0.9879407656973732,0.9879407656973732
2024-01-10 00:00:00+00:00,0.6308413241867233,0.658865491687086,1.0335158077689095,0.9590639813467324,0.25406135610093883,0.770623878085414,0.41356590623485806,1.1296989165854483,0.988544975084634,0.988544975084634
2024-01-11 00:00:00+00:00,0.6238682157048341,0.6611141518707409,1.0202613538545253,0.9582261587816929,0.2550887011875262,0.7630089023144633,0.40881304796194257,1.1050506922321002,0.9852748683598964,0.9852748683598964
2024-01-12 00:00:00+00:00,0.6228315314014037,0.6592042337657016,1.0208956303521386,0.9623456604563965,0.25553599382059267,0.7598887731844098,0.40743803777660426,1.110359217185276,0.9860363229156873,0.9860363229156873
2024-01-13 00:00:00+00:00,0.6239236860436822,0.6619137050938841,1.0159038581671667,0.954806739948628,0.2557163465508966,0.7617879776766058,0.4049571972950156,1.1007550008402123,0.9847869651131577,0.9847869651131577
2024-01-14 00:00:00+00:00,0.6198265831837515,0.6623910608836088,1.0271052553854423,0.962914464877031,0.25684618617466404,0.7618121691962864,0.4045808425943881,1.119673654317,0.9855019341515663,0.9855019341515663
2024-01-15 00:00:00+00:00,0.6240439891907262,0.659734542717502,1.0289474411069481,0.9656776183735147,0.25525986823463526,0.7594074905819739,0.4049932164283896,1.1234691388056162,0.9859706844552949,0.9859706844552949
2024-01-16 00:00:00+00:00,0.6296834291322166,0.6601561648072349,1.0235776345256176,0.9645965482265729,0.25410357137820677,0.7603347635251677,0.40452233570861396,1.1147912120343493,0.9858594287245633,0.9858594287245633
2024-01-17 00:00:00+00:00,0.6231061470136444,0.6591310691314661,1.0236818489647257,0.9650339489140516,0.2531428855714475,0.7590744506008167,0.40353816036209733,1.1112266131559687,0.9834153561636977,0.9834153561636977
2024-01-18 00:00:00+00:00,0.627492247643103,0.6547907065185691,1.026178611246364,0.9703563141032076,0.2559521453609985,0.7593220936653267,0.4010103591794472,1.1140287363503376,0.9836901386146208,0.9836901386146208
2024-01-19 00:00:00+00:00,0.6243030474692866,0.6570010077447528,1.0250264343329945,0.9640810015062812,0.2561820273956188,0.761179831673578,0.3994039076237245,1.1128854115838112,0.9839944462947561,0.9839944462947561
2024-01-20 00:00:00+00:00,0.6227148031553666,0.6573439199042469,1.0272421440462838,0.9629170386176378,0.25509539089966704,0.7618167358526966,0.4003439354626729,1.1137306062242662,0.9833319762697333,0.9833319762697333
2024-01-21 00:00:00+00:00,0.6221508609717644,0.6578510375473413,1.0159885613480433,0.9578582999269112,0.255793450125416,0.7636927913250977,0.4006680217163971,1.091521548629216,0.9800932287629094,0.9800932287629094
2024-01-22 00:00:00+00:00,0.6261967944811108,0.663058827085043,1.0144745216320963,0.9516022807736264,0.25525231413658855,0.7680380027605973,0.3982668515646456,1.0879647345769992,0.979748979999386,0.979748979999386
2024-01-23 00:00:00+00:00,0.6271129692687946,0.6649273753077038,1.0109604336677889,0.9461092687038851,0.25580634892100107,0.7692314748604584,0.39538856989654414,1.082664051017825,0.9803312003737427,0.9803312003737427
2024-01-24 00:00:00+00:00,0.6266271808308784,0.6666228957617913,1.0123166424816015,0.9440285454020968,0.25564863423256073,0.7699299959435003,0.3944759234982901,1.0828260686932958,0.9795547846050489,0.9795547846050489
2024-01-25 00:00:00+00:00,0.6287696723788726,0.6722223718887327,1.0217560066623186,0.9425316689068318,0.25552641199580944,0.7731894978013776,0.3919350395299979,1.0979197067844944,0.9816620639615239,0.9816620639615239
2024-01-26 00:00:00+00:00,0.6286659442333068,0.6711935167947123,1.0218319824694304,0.9385073616914524,0.25550481050367185,0.7746913420653286,0.3935212050490574,1.098064831993265,0.982330712753991,0.982330712753991
2024-01-27 00:00:00+00:00,0.6299335584989407,0.6713149664759458,1.0193646194924133,0.9357935827622142,0.2548873329287807,0.774418506444066,0.39374357100891044,1.0956574323942916,0.9827398863583772,0.9827398863583772
2024-01-28 00:00:00+00:00,0.6321714929620467,0.6721251519227617,1.0208384899024399,0.9344235919401916,0.2544036137917212,0.7745584231366882,0.3973613589320796,1.1026008208368476,0.9844875747909443,0.9844875747909443
2024-01-29 00:00:00+00:00,0.633472290831504,0.672966983887473,1.0180693056156889,0.9379291488104249,0.2537164546294343,0.7716046887070587,0.3991661035350194,1.0990862938954986,0.9837385749106601,0.9837385749106601
2024-01-30 00:00:00+00:00,0.6351557762579865,0.6707969439081932,1.0152508402138827,0.9339166741951407,0.2527944019379673,0.7667689343002471,0.39774281333863104,1.0910464932619162,0.9823511534385407,0.9823511534385407
2024-01-31 00:00:00+00:00,0.6388148320871134,0.6666718685016514,1.0126594619827007,0.9364071998982063,0.25341665795786383,0.765384554746331,0.39679298097969007,1.089804692774614,0.9835620675369344,0.9835620675369344
2024-02-01 00:00:00+00:00,0.640666955317523,0.667642704210141,1.0128108738102148,0.9354246227582677,0.2520908871896634,0.7628218492416844,0.39640475594378904,1.0916957095991664,0.9845917791116893,0.9845917791116893
2024-02-02 00:00:00+00:00,0.6398425432827356,0.6683185558113216,1.0138592714884453,0.9337940298216145,0.2514803810382422,0.7613358948267315,0.3948926866652424,1.0911993014290504,0.9841516975930009,0.9841516975930009
2024-02-03 00:00:00+00:00,0.6392741786979574,0.6688142666272292,1.015918187625216,0.9339208334972591,0.25122261454360467,0.7623563839423041,0.3944705539583183,1.093824517179882,0.9833558593823442,0.9833558593823442
2024-02-04 00:00:00+00:00,0.6414235744420401,0.6658041232867492,1.0138023216868157,0.9353155750072335,0.2502343644574417,0.76192198071298,0.39451344638154745,1.0909865927238231,0.983729491934376,0.983729491934376
2024-02-05 00:00:00+00:00,0.63927959491836,0.6702790424890754,1.0163627465953273,0.929842743468225,0.24867089411806476,0.7581988570783127,0.3968768934102006,1.095569284676604,0.9839079933358045,0.9839079933358045
2024-02-06 00:00:00+00:00,0.6404490622174468,0.6695221100344272,1.0215086857150812,0.9302163322135403,0.24804083557452342,0.7593851006906824,0.3956384500159842,1.1048727401913983,0.9853045228140913,0.9853045228140913
2024-02-07 00:00:00+00:00,0.6388998030980638,0.6710133603534363,1.0271460223945525,0.9330056838987596,0.2475355449860786,0.7551540192851816,0.39429335309313074,1.114104006331011,0.9858480618036892,0.9858480618036892
2024-02-08 00:00:00+00:00,0.6420135015183883,0.6668692593144542,1.035303290747418,0.933733855117329,0.24889691568080516,0.7539796617744451,0.3933762540428326,1.1278705045421087,0.9873915631712068,0.9873915631712068
2024-02-09 00:00:00+00:00,0.6452295166469924,0.6659637209937981,1.0354504669288436,0.9350122088128394,0.24839629945799022,0.7537358666018816,0.3939791370522881,1.1291581561797173,0.9880795456573567,0.9880795456573567
2024-02-10 00:00:00+00:00,0.6487226043440684,0.6660867304721576,1.0387342913138091,0.9381965009097645,0.24855715676513268,0.7520560474843405,0.39394327021864833,1.1312886741740547,0.9879728587741399,0.9879728587741399
2024-02-11 00:00:00+00:00,0.6492000902144169,0.6558886249875031,1.0461887379080648,0.9359412634449041,0.24880739058650153,0.7553015079650656,0.3965777239145961,1.1452587468791944,0.9895446640431473,0.9895446640431473
2024-02-12 00:00:00+00:00,0.649212016691253,0.6582143123112161,1.045121976378359,0.93265732719086,0.24827605740108596,0.75581515795146,0.3926060722075572,1.145936526155463,0.9887993528198437,0.9887993528198437
2024-02-13 00:00:00+00:00,0.6530336727864474,0.6479833574618206,1.0526871779993723,0.9380295950628187,0.25016391851798186,0.7569778922679183,0.39570828800562013,1.1602014782510484,0.9906420290061616,0.9906420290061616
2024-02-14 00:00:00+00:00,0.6521128951806388,0.6421043995564915,1.0605640506958507,0.9260903142696503,0.24985647155525856,0.7591400672019305,0.3954488687468457,1.1748809024934106,0.9911097936157574,0.9911097936157574
2024-02-15 00:00:00+00:00,0.650226562193538,0.6430509326955313,1.06223502064754,0.9217613263327216,0.24931536101344093,0.7551439655954775,0.3981683147896445,1.17488346447236,0.9908979636444091,0.9908979636444091
2024-02-16 00:00:00+00:00,0.6506904473763899,0.6452724428778379,1.056961722028583,0.9261753071183124,0.24867729957555917,0.7560165354840503,0.3940948059556375,1.168564826276317,0.9906075614398784,0.9906075614398784
2024-02-17 00:00:00+00:00,0.6461562931717649,0.6438070471454,1.053456684949754,0.9268032012404038,0.2492766366426014,0.7581094482971446,0.39331580879244704,1.1663541351650564,0.9918204165624955,0.9918204165624955
2024-02-18 00:00:00+00:00,0.6450476400757524,0.6403095184756306,1.053228177412061,0.9264092072598185,0.24996378570254385,0.7620014241930192,0.39034056248444343,1.1681055256673007,0.9919694982471564,0.9919694982471564
2024-02-19 00:00:00+00:00,0.6452140120477073,0.63093941184917,1.056244957494225,0.9371537562470101,0.2515672408093476,0.762945029744581,0.3919038867236204,1.171757301876646,0.9912238177500757,0.9912238177500757
2024-02-20 00:00:00+00:00,0.648855763764125,0.6290428773243155,1.0686930876799787,0.9297907219190014,0.251736411282792,0.7633152330340947,0.39461711649116166,1.1903866282260995,0.9897328428004398,0.9897328428004398
2024-02-21 00:00:00+00:00,0.6462326151872357,0.6253091091517353,1.0663705453833086,0.9320795358994733,0.25282019506583836,0.7618681206073719,0.3961773480852071,1.1880722397407906,0.989189826368429,0.989189826368429
2024-02-22 00:00:00+00:00,0.6426467092759606,0.6290828911227608,1.062914944451407,0.9265092306352175,0.2515569938047093,0.7596652532965685,0.3940028216055735,1.1816921323392948,0.9887330223448116,0.9887330223448116
2024-02-23 00:00:00+00:00,0.6399486397039015,0.6293445566163652,1.0675036377856113,0.926472104255864,0.24972122227354654,0.7572814019061155,0.39076692354088766,1.1911311684780863,0.9902048549788872,0.9902048549788872
2024-02-24 00:00:00+00:00,0.6393726863113744,0.6221223531392679,1.0711750288808815,0.9343574637887276,0.2462512580124938,0.7519926162686468,0.3947154219754923,1.200178579317213,0.9905020784838939,0.9905020784838939
2024-02-25 00:00:00+00:00,0.6377127868032292,0.6190313423534697,1.0802294003211426,0.9362472741400348,0.24768116848753188,0.7570156941143524,0.39529860900186475,1.2165710209837421,0.9927210493051887,0.9927210493051887
2024-02-26 00:00:00+00:00,0.6330426448741926,0.6174938487292305,1.0942461490456423,0.9333520571179592,0.24731283659430786,0.7606549364386154,0.39610201744379453,1.2314219681211274,0.9932954896943661,0.9932954896943661
2024-02-27 00:00:00+00:00,0.6328912262505557,0.6019273098787383,1.118311014679903,0.942458700855113,0.25045969426785036,0.753512551807281,0.40098523884519,1.2670730064726958,0.9946257182863364,0.9946257182863364
2024-02-28 00:00:00+00:00,0.6365163195051149,0.6051087260664704,1.1043057671154866,0.9261735950931409,0.24974763957546983,0.7549569722314036,0.3978492049777173,1.2469613651408435,0.9952996816590503,0.9952996816590503
2024-02-29 00:00:00+00:00,0.641334169395107,0.6039867656606563,1.1081777679240141,0.9242171273615987,0.249376266255194,0.7557756770054014,0.39475937611612943,1.25672071551374,0.9975057858924959,0.9975057858924959
2024-03-01 00:00:00+00:00,0.628364698883932,0.5989594566177935,1.1100041937926755,0.9027177788260707,0.2524883969551795,0.75363115625723,0.39376529406397875,1.2609446402732996,1.0000884166689639,1.0000884166689639
2024-03-02 00:00:00+00:00,0.6278340213443299,0.5977895445024328,1.1171459190184443,0.9168344397320414,0.2508453150414806,0.7538100063327373,0.3926158253323425,1.269758787418126,0.9994436428031837,0.9994436428031837
2024-03-03 00:00:00+00:00,0.629316948464621,0.5952754802485806,1.1277315277922424,0.9202457601112407,0.24488328608849186,0.7475066818580852,0.39737738700166547,1.2890898299051847,1.0008182398049252,1.0008182398049252
2024-03-04 00:00:00+00:00,0.631264858650537,0.604204107633349,1.114805197270753,0.9244756259144413,0.2459356636269676,0.7557897960926809,0.39984511840134834,1.2633651379154092,0.9966597853452482,0.9966597853452482
2024-03-05 00:00:00+00:00,0.6246188486821722,0.5913073864266605,1.1421331064707976,0.9204933994314026,0.24492261910328939,0.7605755641650023,0.38577245596230164,1.306050954602268,1.0005194220531906,1.0005194220531906
2024-03-06 00:00:00+00:00,0.6275685010618025,0.5950323338630197,1.1622941056388656,0.9130613253118902,0.24306934470855363,0.7616159501841551,0.3941966719974752,1.330581655153308,1.0020025471096288,1.0020025471096288
2024-03-07 00:00:00+00:00,0.6267096875084542,0.5905117091053056,1.178157808239183,0.9191980684021058,0.24391082646298762,0.7622433219051828,0.3943483670868027,1.3459243334485025,1.0015980009825198,1.0015980009825198
2024-03-08 00:00:00+00:00,0.627181540522517,0.5914855971194205,1.1765384331867594,0.9146188413119176,0.24374698128577435,0.7622341302785992,0.39469999171698106,1.3463871252873305,1.0020128902099226,1.0020128902099226
2024-03-09 00:00:00+00:00,0.6290432149887542,0.5860141000059752,1.1816875375128684,0.9111530395233183,0.24532543514633803,0.7566981224296526,0.40173310502610965,1.3591505443424075,1.0023181519432744,1.0023181519432744
2024-03-10 00:00:00+00:00,0.6139035594621425,0.5821435113698469,1.2180657555813343,0.9097732541645438,0.24611935296539592,0.7541176837480197,0.3933466425398649,1.4021405178599853,1.0061668492744544,1.0061668492744544
2024-03-11 00:00:00+00:00,0.6207950897080501,0.5790428322723088,1.2213682576239515,0.9061436804504638,0.2482228353282558,0.7546458896142482,0.3911353475726842,1.4059402827856868,1.005619401535077,1.005619401535077
2024-03-12 00:00:00+00:00,0.6182104722301873,0.5655249392554763,1.2472723150056784,0.9267673164501316,0.24077904384796087,0.7519919274831866,0.3954719840128766,1.4477697653062112,1.0075862310599057,1.0075862310599057
2024-03-13 00:00:00+00:00,0.6230432760829482,0.5757349557571382,1.2273357773068088,0.9312687711324281,0.23889878516596796,0.7518764940966842,0.3952990521018935,1.4186991983357695,1.0070380833473072,1.0070380833473072
2024-03-14 00:00:00+00:00,0.6329991060916268,0.5648996498536579,1.221410799043838,0.9477385424886332,0.24094063131248616,0.7544726378763285,0.4030923347072424,1.4138282737880528,1.0057003018706838,1.0057003018706838
2024-03-15 00:00:00+00:00,0.6315775433282145,0.5755513403469513,1.1996269409384257,0.9411484561467439,0.24619388240492424,0.7555747620243599,0.40344840373647295,1.3627979687134302,1.0017533113314707,1.0017533113314707
2024-03-16 00:00:00+00:00,0.6324483536608237,0.5726934929427566,1.2082413035117259,0.9426875272272545,0.24504883740766142,0.7543118528027548,0.40372907603482855,1.375329274398815,1.0041769876564066,1.0041769876564066
2024-03-17 00:00:00+00:00,0.6292408223429901,0.5678170810908809,1.2025746742780719,0.9480146884983093,0.24536711256093954,0.7518272140507185,0.4065324345407508,1.3683446574173725,1.003427357229787,1.003427357229787
2024-03-18 00:00:00+00:00,0.6267893032151579,0.5748500926802993,1.171956289956855,0.9348921888324943,0.24301443032404366,0.7484020053105176,0.40327176592423725,1.307055829690572,0.9976318956792748,0.9976318956792748
2024-03-19 00:00:00+00:00,0.6302374394688329,0.5759865267915122,1.206826980822366,0.938265319496818,0.23854061009898891,0.7505096431742421,0.4021630182540772,1.3616160716097043,1.001998407067784,1.001998407067784
2024-03-20 00:00:00+00:00,0.6270590055656797,0.5780416559752659,1.2021074478142404,0.9361389352345992,0.24004264645002782,0.7536928489899838,0.3993094193601593,1.356323295584114,1.0011682797275556,1.0011682797275556
2024-03-21 00:00:00+00:00,0.6281101052255387,0.5743508093438646,1.1903836084747559,0.9372576430850555,0.2382277754306914,0.7510738455744547,0.39695688050112854,1.339796174860762,0.9999466191625367,0.9999466191625367
2024-03-22 00:00:00+00:00,0.6263625133468399,0.575890317407541,1.1898527361954514,0.9338568825644873,0.23784290461844276,0.749978925960825,0.3965206042737224,1.3400465286924474,0.9999589314498575,0.9999589314498575
2024-03-23 00:00:00+00:00,0.6282968574127661,0.5802243274166105,1.202779785721493,0.9356820878217594,0.23670155319442487,0.7480456519550858,0.3974351776917534,1.3632522659874142,1.0020709394018346,1.0020709394018346
2024-03-24 00:00:00+00:00,0.6304450716485076,0.5835965838097465,1.217960018621288,0.940232691983618,0.23493614536097937,0.7475944072087536,0.3964200425511682,1.3879720438344745,1.0038122770100872,1.0038122770100872
2024-03-25 00:00:00+00:00,0.6288457221553003,0.5820344832152716,1.2151983462373086,0.940227856140573,0.23580070428511746,0.7460512089929846,0.39720085545255857,1.385233907691933,1.0040075663646606,1.0040075663646606
2024-03-26 00:00:00+00:00,0.6279774887586821,0.5799715674778579,1.2129839988714084,0.9415546291848289,0.23641896314136174,0.7438890820181705,0.39341523010881196,1.379128461824104,1.002856336216288,1.002856336216288
2024-03-27 00:00:00+00:00,0.6296969354854112,0.5794709052830804,1.2212696895902886,0.9467503106540262,0.23529587819145514,0.74413059712002,0.39508488764237915,1.391438304586586,1.003163233344265,1.003163233344265
2024-03-28 00:00:00+00:00,0.6216386879888744,0.5631354378252132,1.218425211423657,0.9665225104602616,0.23706724674900803,0.7432119839532041,0.3966988358306884,1.4073413845918068,1.003914921921566,1.003914921921566
2024-03-29 00:00:00+00:00,0.6237012626327391,0.5650362082888358,1.2166991188023566,0.9630307023986663,0.2374782257465633,0.7440768736805241,0.39838519173255127,1.3985467014750375,1.0031527526808481,1.0031527526808481
2024-03-30 00:00:00+00:00,0.6241733521294095,0.5651821403545885,1.2252610705637905,0.9608180121024381,0.23686747457689367,0.7459575927452831,0.399224317170028,1.4114226601927888,1.0042778829616859,1.0042778829616859
2024-03-31 00:00:00+00:00,0.6260876995593038,0.567399465666348,1.2161258681522382,0.9564903120169672,0.23807831023250786,0.7441414606980332,0.3990244292532111,1.3869430347131153,1.0016756454933269,1.0016756454933269
2024-04-01 00:00:00+00:00,0.6173572926039796,0.5547243475447551,1.1903165520364545,0.9707237075131325,0.2361046021866338,0.7423898798433056,0.3989963042042736,1.3552968642837147,0.9990489541499955,0.9990489541499955
2024-04-02 00:00:00+00:00,0.6190505122926598,0.558089698215685,1.1949590284648355,0.9677065283459537,0.23660594336809948,0.7433196368891111,0.3979729720684436,1.3549041755019446,0.9983960671327681,0.9983960671327681
2024-04-03 00:00:00+00:00,0.6210943295315313,0.5608587705050917,1.209364331449476,0.9716837138054344,0.2339938392454965,0.7388965092478704,0.3962828052697735,1.3782274575431468,0.9991665954300654,0.9991665954300654
2024-04-04 00:00:00+00:00,0.6188076751052618,0.5606120362131379,1.2093569920639897,0.9683689004871489,0.23314598540165501,0.7396116939654587,0.39613877002212505,1.3755054975689798,0.9980940223868625,0.9980940223868625
2024-04-05 00:00:00+00:00,0.61875236746462,0.5587875270581266,1.2124303427235559,0.970288558202422,0.23286624827041633,0.7390945017384174,0.3942658916662209,1.3865876598334126,0.9993050565987597,0.9993050565987597
2024-04-06 00:00:00+00:00,0.6204601421516864,0.5616950558785512,1.2166065126747168,0.9641027196327098,0.2334074050460365,0.7420435678472321,0.3962206676241948,1.3901060547374537,0.9999116881385273,0.9999116881385273
2024-04-07 00:00:00+00:00,0.6181475720003455,0.5651021331173223,1.2313838726749724,0.958850709839104,0.23213875411708995,0.7459131507494733,0.3972049815307474,1.4090745568967544,1.0012842908460622,1.0012842908460622
2024-04-08 00:00:00+00:00,0.6178810528292151,0.5688780436227636,1.2238182141155305,0.9526490201265324,0.23034088164390637,0.7446208211784796,0.3989074162524518,1.3927463648066927,0.9989527263914953,0.9989527263914953
2024-04-09 00:00:00+00:00,0.6190385792840534,0.5660029696892183,1.2366461500723418,0.9584547372086836,0.23005848117702052,0.7441433380898923,0.39954679307159124,1.4151948528801035,0.9991136923650362,0.9991136923650362
2024-04-10 00:00:00+00:00,0.6191823663008453,0.56646035067076,1.232374198493068,0.9614942129995052,0.2296072621166465,0.7433180351998085,0.3991834580248669,1.4094506155285178,0.9987997840623606,0.9987997840623606
2024-04-11 00:00:00+00:00,0.6251233175718303,0.5510958154305514,1.2237700216695484,0.9733329655497838,0.2329425456630275,0.7397519303186422,0.400219079080259,1.380256222054575,0.9922551017015516,0.9922551017015516
2024-04-12 00:00:00+00:00,0.6315189402354705,0.5431861096387988,1.205937425367196,0.9835114846583255,0.2352242830006237,0.7375235391513295,0.39807195659528294,1.337614993774738,0.9861040581778959,0.9861040581778959
2024-04-13 00:00:00+00:00,0.632543561250069,0.5492191273785342,1.2086155912818777,0.9749843930952077,0.23051211691084397,0.7399038457146807,0.3998611000300184,1.3474425466327762,0.9890329579165849,0.9890329579165849
2024-04-14 00:00:00+00:00,0.6275055226122244,0.5441847411906178,1.2010206526872214,0.9653473496315104,0.23070267059385668,0.7413245650320878,0.4000624015776776,1.33273573788998,0.9874367990678077,0.9874367990678077
2024-04-15 00:00:00+00:00,0.62657491184499,0.5455658216077612,1.2009800340688668,0.9658068777274971,0.22880371113792958,0.739167000329139,0.39764702984902056,1.3310127167764036,0.9871924688656055,0.9871924688656055
2024-04-16 00:00:00+00:00,0.6238709415692408,0.5430190411739608,1.1943566371310022,0.9655566226256563,0.22913123986951006,0.7410931612440568,0.39755375320749253,1.323445081828708,0.9859603055916522,0.9859603055916522
2024-04-17 00:00:00+00:00,0.6284520819533989,0.5493484978978864,1.203337452670193,0.9717363143531793,0.228048950101264,0.7404536446313646,0.3982516816334813,1.3386502724220133,0.9875910117046807,0.9875910117046807
2024-04-18 00:00:00+00:00,0.629528144537609,0.5495948079371501,1.2043344156100724,0.970912488718117,0.22746353460126972,0.7395970794599269,0.3977361630596749,1.3394909067378111,0.987609028295206,0.987609028295206
2024-04-19 00:00:00+00:00,0.6267623619630789,0.5524936257249271,1.203314862245015,0.9602083565416001,0.2264181493891727,0.7406185610626121,0.39911400022928206,1.3471014693288366,0.9907946860138537,0.9907946860138537
2024-04-20 00:00:00+00:00,0.6281363619278372,0.5528906083678826,1.208879911887269,0.9677578662214524,0.22651492176595453,0.7407112415268282,0.3960334803530427,1.3544849082619799,0.9903097978677964,0.9903097978677964
2024-04-21 00:00:00+00:00,0.6295180683044533,0.552094476628683,1.2164518713201646,0.9746048403225368,0.2294401150087064,0.7394561824102418,0.3998635757783565,1.3713704185108404,0.9921035189366678,0.9921035189366678
2024-04-22 00:00:00+00:00,0.6301438150101458,0.5517235360819583,1.2179232724969118,0.9785082820790822,0.22951692596731357,0.7411933484442075,0.399132768178647,1.372731402795117,0.9912824737570785,0.9912824737570785
2024-04-23 00:00:00+00:00,0.6295951393482018,0.5494659778368755,1.2132919928871368,0.9764007885889252,0.23034699207877898,0.7424391870541786,0.4001629999433881,1.3653264859693208,0.9894876359043656,0.9894876359043656
2024-04-24 00:00:00+00:00,0.6270755122746049,0.5494726416087267,1.2150249221043552,0.9762265440302449,0.23010853966504022,0.7416019097351719,0.4004998727170929,1.3676748817260196,0.98930640411008,0.98930640411008
2024-04-25 00:00:00+00:00,0.6215287804941442,0.5511657359014787,1.2144735288859025,0.9765621584806965,0.2301624800598346,0.7413786936774728,0.398297121136406,1.3689838657788391,0.9886684767298904,0.9886684767298904
2024-04-26 00:00:00+00:00,0.62283546790461,0.5519067695193248,1.2104273491026993,0.9733929327336084,0.22952894322011444,0.7469409465240434,0.397399915236951,1.358402197418089,0.9888601000395295,0.9888601000395295
2024-04-27 00:00:00+00:00,0.6227070273269699,0.5499209046180387,1.2115995579895749,0.9756155830965997,0.2297002940133454,0.7481100354309729,0.3956070557066516,1.360356972061812,0.988265945497042,0.988265945497042
2024-04-28 00:00:00+00:00,0.6249016145763676,0.5523006878775591,1.2149556947055986,0.9773183253924548,0.22837435588250082,0.7496703087901891,0.3978459909197835,1.3636682327547134,0.9881564717485555,0.9881564717485555
2024-04-29 00:00:00+00:00,0.6204844190063974,0.5529535189392576,1.202161890020135,0.9600070188343927,0.22863455969887495,0.7510568789676769,0.39258653494270274,1.3421110489539703,0.9858854865813234,0.9858854865813234
2024-04-30 00:00:00+00:00,0.6123928017297381,0.5549609414255804,1.1842730019783585,0.9396170618822397,0.22636846963790774,0.7476661665120569,0.392100898729029,1.3206688993959135,0.9870158632486368,0.9870158632486368
2024-05-01 00:00:00+00:00,0.61427091688643,0.557546947649508,1.181673780089184,0.935646311616323,0.22601460630712464,0.7498848982229275,0.3936913536757396,1.3151231906385727,0.9877464785338144,0.9877464785338144
2024-05-02 00:00:00+00:00,0.6200811383159249,0.562752586281965,1.1995239027783449,0.9392468956224889,0.22292936328276158,0.7525908391735906,0.39322485946712277,1.347183434065102,0.989279692662692,0.989279692662692
2024-05-03 00:00:00+00:00,0.6209145875464659,0.5666433310837227,1.202668309426999,0.9303844670620041,0.22171122145367875,0.7534337433667764,0.39222692923196983,1.3515057895649658,0.9896209666433237,0.9896209666433237
2024-05-04 00:00:00+00:00,0.6185390215434536,0.5608196796579675,1.2053264539012145,0.9338450852436047,0.22106931936767435,0.7532123778866501,0.38682403994052156,1.3577458487305507,0.9900204156358824,0.9900204156358824
2024-05-05 00:00:00+00:00,0.6173698228408714,0.5599733287809128,1.2027125520707227,0.9365483241072055,0.22066164189297574,0.7523917321006989,0.3869012419848421,1.3548682060734927,0.9898318189495395,0.9898318189495395
2024-05-06 00:00:00+00:00,0.6177277119010967,0.5618071565347009,1.198689779286955,0.9333813755796064,0.22065921079469888,0.7524792913855887,0.3876963506411776,1.344835902867083,0.988525174712423,0.988525174712423
2024-05-07 00:00:00+00:00,0.6172555838007359,0.5641529250907348,1.1969169832105824,0.933887218066863,0.22009088324873544,0.7513445674271755,0.3855298429697694,1.3438623378021353,0.9881200061136299,0.9881200061136299
2024-05-08 00:00:00+00:00,0.6201442763405799,0.5652182686655549,1.2010830334704559,0.9309751403982675,0.2194199935371684,0.752313186716289,0.38685547273899096,1.3524808937647363,0.9893275745177053,0.9893275745177053
2024-05-09 00:00:00+00:00,0.6204126601512704,0.5646128074483864,1.1915539648309927,0.9286393472011518,0.22018010042635328,0.752629517589534,0.38859100611339537,1.3320451328886527,0.9873559398457402,0.9873559398457402
2024-05-10 00:00:00+00:00,0.6183638010326246,0.5637357737126423,1.193711154724745,0.9311014711029458,0.21971608101716159,0.7513391957193721,0.38805429915270573,1.3387870774042303,0.9872017194716741,0.9872017194716741
2024-05-11 00:00:00+00:00,0.620356793715427,0.5633197066222452,1.197561173154754,0.9286984228996721,0.2187683693048117,0.7511643467633221,0.38632143274300934,1.3430545635425624,0.9870983089594474,0.9870983089594474
2024-05-12 00:00:00+00:00,0.6234424768724267,0.5648245498214449,1.2027758023545723,0.9275876395222551,0.2181268691251556,0.7531875859393469,0.3868191632764328,1.3488354748025244,0.9870158717475838,0.9870158717475838
2024-05-13 00:00:00+00:00,0.6213402994064567,0.5672502404765767,1.1957463108014494,0.9195513725499898,0.21698552875907906,0.7518294733412866,0.38676509105893353,1.3323671576867782,0.9856829131821504,0.9856829131821504
2024-05-14 00:00:00+00:00,0.6266422251045243,0.5634978411562295,1.2079832403697293,0.9208443557792586,0.21822446843651924,0.7485768264298857,0.386719039148943,1.3564927124788053,0.9887877746148069,0.9887877746148069
2024-05-15 00:00:00+00:00,0.6252565390722595,0.5631211723601881,1.2009067917183678,0.9178822848762547,0.2191504827437617,0.745697111363452,0.3853456659914394,1.3422739570212563,0.9892993745678513,0.9892993745678513
2024-05-16 00:00:00+00:00,0.6269274308568398,0.5639658517489912,1.2049409921474088,0.9131026365383098,0.21920380863682343,0.7489780126781662,0.3867525824958071,1.3527810190236382,0.9910668437107935,0.9910668437107935
2024-05-17 00:00:00+00:00,0.6272932562994765,0.5650506424401486,1.203000575676744,0.9103068362621874,0.2184742484817725,0.75102011638037,0.3879627481413059,1.3514090732146824,0.9912253264468814,0.9912253264468814
2024-05-18 00:00:00+00:00,0.6276521934497643,0.5638338900803604,1.2026616881108145,0.912683016297578,0.21760006525883144,0.7503926836432223,0.38549336549225827,1.3482980699666531,0.9902681020345372,0.9902681020345372
2024-05-19 00:00:00+00:00,0.6270593019648764,0.5601097184528198,1.2180012888618312,0.8925918147406376,0.22157817373812755,0.7626041902208892,0.3885489735518918,1.3877461880705506,0.9942603188626604,0.9942603188626604
2024-05-20 00:00:00+00:00,0.6334113835359202,0.566358806916041,1.2216432910447104,0.8780678318239887,0.21917172848403538,0.7701494583505973,0.38940952735455703,1.3934384034410436,0.99390510297892,0.99390510297892
2024-05-21 00:00:00+00:00,0.6342850021612835,0.5670006698632182,1.2177587240628998,0.8781850665964162,0.21833859024487368,0.7704362226318301,0.3907041867415639,1.3842711048425045,0.9930047269527327,0.9930047269527327
2024-05-22 00:00:00+00:00,0.6271740389417704,0.5681597930533606,1.2117007962228028,0.8794044034916711,0.21777588733274827,0.7662203300255029,0.39440020605209136,1.376741540307179,0.9924580466577118,0.9924580466577118
2024-05-23 00:00:00+00:00,0.626836396346174,0.5694453507582482,1.2217588126587509,0.8759669365576865,0.2156291646067503,0.7690766900916962,0.3896324033829528,1.3878906653822216,0.9922011921471854,0.9922011921471854
2024-05-24 00:00:00+00:00,0.6270660270303205,0.5676446134482122,1.2246129341935066,0.873604573100446,0.21473339930523244,0.7701478772498207,0.3885103746247778,1.3916756952759708,0.9925695780531354,0.9925695780531354
2024-05-25 00:00:00+00:00,0.6263736109209929,0.5672584094800592,1.2198277253962453,0.8780849343596812,0.21353834904033114,0.766874617984186,0.3883033233409342,1.3865186658256132,0.9919321546822554,0.9919321546822554
2024-05-26 00:00:00+00:00,0.6286971036760788,0.5667388195375739,1.2194740214235007,0.8824520135338487,0.21266094894405424,0.7665287135826183,0.39013023064396024,1.391100757149347,0.9934515926862392,0.9934515926862392
2024-05-27 00:00:00+00:00,0.6279381900402138,0.5697970892131268,1.2186236092855247,0.877433989495054,0.212619394873355,0.7655138527211383,0.3891032126244074,1.3875471493779754,0.9926344331782383,0.9926344331782383
2024-05-28 00:00:00+00:00,0.6276081997113764,0.5724208743097191,1.217383415693479,0.8743083566238851,0.2123095174596679,0.7659975186912942,0.3888178093915763,1.3843543135040655,0.9920053522843404,0.9920053522843404
2024-05-29 00:00:00+00:00,0.6288610057866983,0.5745358007578243,1.2212800480244967,0.8709081635965599,0.21149383737095429,0.7676748419637311,0.38873260246370694,1.3892075870789298,0.9914883728955675,0.9914883728955675
2024-05-30 00:00:00+00:00,0.6277709347143864,0.57156440753891,1.2178847002113289,0.8721364675144437,0.21134932881123877,0.7652877284395476,0.389153868274852,1.3849200806801705,0.99146882555028,0.99146882555028
2024-05-31 00:00:00+00:00,0.6282768331072822,0.570663705626859,1.219537187391683,0.8725806802460314,0.2107223330343691,0.7641674433732794,0.3899112541227978,1.3885231827235276,0.9916742664759348,0.9916742664759348
2024-06-01 00:00:00+00:00,0.6287475751532968,0.5709217022819046,1.2218545662522957,0.869209531343887,0.20987903900353644,0.7653539556698485,0.38881367918505916,1.389502125272063,0.9911544121206433,0.9911544121206433
2024-06-02 00:00:00+00:00,0.6326998340364427,0.5749251863842053,1.2300753818500882,0.8639926850619164,0.21127014316741893,0.7677025189197655,0.38997111920035793,1.3965921786988698,0.9913876600556767,0.9913876600556767
2024-06-03 00:00:00+00:00,0.6406084276170795,0.5725212347093728,1.2482712869173551,0.8589102279275079,0.21167961778716468,0.7688404356593117,0.38972185164285594,1.4210535099183064,0.9924501777468036,0.9924501777468036
2024-06-04 00:00:00+00:00,0.639642930096233,0.5733667397976911,1.2528739052532591,0.8562225444705982,0.21080746795624236,0.7683931423421277,0.38835535649179626,1.4305129711792137,0.9930660461070789,0.9930660461070789
2024-06-05 00:00:00+00:00,0.6403495062465715,0.5701681577244648,1.254924341326758,0.8547871740508168,0.2115704446569381,0.7661019827846819,0.38810089414796917,1.4304172987930086,0.9925185779775648,0.9925185779775648
2024-06-06 00:00:00+00:00,0.6429588595147666,0.5721061138288761,1.248957222973392,0.8505642212804166,0.20937619991225562,0.7659294728464624,0.39046309949051466,1.4120879253024874,0.9899995690949016,0.9899995690949016
2024-06-07 00:00:00+00:00,0.6442849620576998,0.570344611792818,1.2516438525875002,0.85599624143837,0.20858786621101716,0.7660634424099045,0.39120908813815025,1.4143415590905803,0.9888744590437162,0.9888744590437162
2024-06-08 00:00:00+00:00,0.6432899905773545,0.5729713226733405,1.2492728850982247,0.8526701198648827,0.20856288566419165,0.7663438103058057,0.3901055466816268,1.4127936707348072,0.9895848946048695,0.9895848946048695
2024-06-09 00:00:00+00:00,0.6400728722532403,0.5762703440739794,1.2416394420603454,0.8445558326796573,0.207997862373464,0.7642637532435113,0.3869555814773948,1.3971811538350365,0.988827259984272,0.988827259984272
2024-06-10 00:00:00+00:00,0.6414789919145577,0.5749370827240776,1.2339836380900764,0.8341189679930613,0.2072737777765839,0.7625762648555212,0.38530449839647574,1.3772627154360335,0.9868443350294807,0.9868443350294807
2024-06-11 00:00:00+00:00,0.6420922971805891,0.5754983730672298,1.2348273916331423,0.83175353142252,0.20635088329926388,0.7626670605453785,0.3844532285488864,1.3843058829406663,0.9886707881984744,0.9886707881984744
2024-06-12 00:00:00+00:00,0.6414399305649633,0.5754194343579347,1.2344693896319963,0.8336824059018358,0.20568683093520812,0.7625737894346789,0.38600968356941173,1.3775431449858813,0.9865606518158678,0.9865606518158678
2024-06-13 00:00:00+00:00,0.6421661479828238,0.5760221345587859,1.2339284881166561,0.8344294646153684,0.20589953726233876,0.7648184240265895,0.3866500432315975,1.3762055315222517,0.9855729912123764,0.9855729912123764
2024-06-14 00:00:00+00:00,0.6375462858006616,0.5795961486414906,1.2350599027605051,0.8310069795357088,0.20430361199530006,0.7616903649445546,0.3872119200263247,1.3823994622640454,0.9861838164433104,0.9861838164433104
2024-06-15 00:00:00+00:00,0.6393074983406105,0.5781552718127142,1.2328196170469523,0.8310001396248218,0.20378220910416053,0.7605752137518423,0.38561334657095214,1.3815305190875915,0.9867133703585153,0.9867133703585153
2024-06-16 00:00:00+00:00,0.63762957539779,0.5779356953494007,1.246890147189491,0.835948397103336,0.2044521851552896,0.762941612306994,0.3832820526554137,1.3914822379188987,0.9850756341223241,0.9850756341223241
2024-06-17 00:00:00+00:00,0.6378706781082865,0.5741316606792107,1.2399025413921856,0.8377504084401967,0.20531622242401468,0.7608540382514202,0.38162825183887167,1.3802047014766416,0.983090474225589,0.983090474225589
2024-06-18 00:00:00+00:00,0.6347532372146731,0.5745173701236809,1.2401878160481774,0.8320891231039782,0.2044940274363159,0.7585161727553265,0.3793460841673221,1.3857077195414893,0.9836836924257008,0.9836836924257008
2024-06-19 00:00:00+00:00,0.634537877865307,0.5769089338226628,1.2392252290762535,0.8272415153802142,0.20367754947770397,0.7598863358987251,0.3792941772845388,1.381896112615203,0.983430073953586,0.983430073953586
2024-06-20 00:00:00+00:00,0.6327908367089057,0.5744632638358514,1.2370954256771258,0.827309725523014,0.20379813270784664,0.7579247881991001,0.3781001284751354,1.3795872062213905,0.983109888954204,0.983109888954204
2024-06-21 00:00:00+00:00,0.6333751329353055,0.5780021121522047,1.2397616419334903,0.8342382175935584,0.2023332511796349,0.7597890118685662,0.37894902588296187,1.3788015658490618,0.9828124667660447,0.9828124667660447
2024-06-22 00:00:00+00:00,0.6325477484752499,0.5777553486229409,1.2354466263978385,0.8297076603808949,0.20174169042139806,0.7605949704020303,0.3768704386902022,1.3688548203384274,0.9819953596931799,0.9819953596931799
2024-06-23 00:00:00+00:00,0.6285974538685234,0.5716199097013793,1.2180334958927748,0.8182337309314576,0.2001253620613157,0.7555423567944093,0.37704348860161613,1.3459372261759819,0.9817191196540938,0.9817191196540938
2024-06-24 00:00:00+00:00,0.6324158963451297,0.5746339269140743,1.222089823555563,0.8176117795454099,0.1984306956073148,0.7570200572887955,0.37775793835505367,1.3536550118106585,0.9827395024437832,0.9827395024437832
2024-06-25 00:00:00+00:00,0.6321794541769712,0.5733956739143642,1.2164993943131097,0.8164930326309359,0.198575011509846,0.7551645559701962,0.3769263893078535,1.3480271414712348,0.9823710383854706,0.9823710383854706
2024-06-26 00:00:00+00:00,0.6355760387422713,0.5734253847709581,1.208472025863896,0.8119268010892894,0.19737089613167239,0.754283749332655,0.3760429213418086,1.349027898280194,0.9842692128431844,0.9842692128431844
2024-06-27 00:00:00+00:00,0.6334258653882754,0.5725586018880886,1.2054840755021108,0.8093926727130136,0.19764134946136933,0.754170706652275,0.3727266974076204,1.3406841329315975,0.9832445871933554,0.9832445871933554
2024-06-28 00:00:00+00:00,0.6313553325221877,0.5730643980763966,1.210683158342513,0.8095126663736765,0.19800419140275852,0.7556558712647926,0.37077569451208636,1.3477350998529272,0.9832196487172867,0.9832196487172867
2024-06-29 00:00:00+00:00,0.6327465121219881,0.5765633587875083,1.2132027698872823,0.8030705781529407,0.19505889791120898,0.7569064451055979,0.3726580945711145,1.3565597798729072,0.9844369417296491,0.9844369417296491
2024-06-30 00:00:00+00:00,0.6328314386189862,0.5755539537221701,1.2116746177172926,0.8038138444389668,0.1939623265922915,0.7568252744679578,0.3730226984275613,1.3521645095667132,0.9844721943613646,0.9844721943613646
2024-07-01 00:00:00+00:00,0.630489231043192,0.5712663902742974,1.209825253290646,0.8055142529273246,0.1920839164576478,0.7556692779067612,0.370921447797598,1.3468928748403086,0.9852312119705169,0.9852312119705169
2024-07-02 00:00:00+00:00,0.6312484647470766,0.5691541830823741,1.2031717596630291,0.8048897779613834,0.19409167402841243,0.7552129222502303,0.3729651211416631,1.3301438669845314,0.9823783949876412,0.9823783949876412
2024-07-03 00:00:00+00:00,0.6282184942255176,0.5739274234431407,1.1841092104529116,0.7975280645182433,0.1919465109057356,0.7574431352424813,0.3743344580833492,1.2988757163992684,0.9784171855381161,0.9784171855381161
2024-07-04 00:00:00+00:00,0.6319934412845578,0.5663096323761992,1.173271230728513,0.8022731617760477,0.19365823713924876,0.7582663236972457,0.3776702342724124,1.2856498373972964,0.9778270948181222,0.9778270948181222
2024-07-05 00:00:00+00:00,0.6333805772753817,0.5641963187466328,1.1765334218015269,0.8056684319889948,0.19281591954610997,0.7593544253629894,0.3839905890632385,1.2711600902796552,0.9805734206191254,0.9805734206191254
2024-07-06 00:00:00+00:00,0.630449856614345,0.5591793837562777,1.1670462200679697,0.7997322837442241,0.19514170547077925,0.7597822412317702,0.37955008863621575,1.2910693492448653,0.9779274053983484,0.9779274053983484
2024-07-07 00:00:00+00:00,0.6307392665569391,0.5634783525919379,1.1696780996514062,0.7950200736259957,0.1970565906208243,0.7580497154247083,0.38147068602941525,1.2823947508997122,0.9794420616936431,0.9794420616936431
2024-07-08 00:00:00+00:00,0.6323540679424462,0.5619405957747382,1.1727000797978873,0.7969425213506227,0.19669971904180003,0.7589903758836797,0.38152396678422035,1.2766060592098738,0.9800404189856634,0.9800404189856634
2024-07-09 00:00:00+00:00,0.6328363439396791,0.5607869885879586,1.1708380640597509,0.7976984563658778,0.19884775567769766,0.7572177968975666,0.3821857281500468,1.2772492177441301,0.9803086066138008,0.9803086066138008
2024-07-10 00:00:00+00:00,0.6329071941750464,0.5650072986580632,1.1761237792940609,0.7904004571062695,0.19943213387227715,0.7552284077309006,0.3792963107241181,1.2727283351462835,0.9797045326579504,0.9797045326579504
2024-07-11 00:00:00+00:00,0.6326678966180781,0.5628028591285148,1.1788765692939343,0.7983740079796023,0.20011441968020818,0.7544597363147946,0.37923828873196397,1.2663921096944988,0.9809387926138999,0.9809387926138999
2024-07-12 00:00:00+00:00,0.6266443109813123,0.5594363273900138,1.1886707453750753,0.8086129569641121,0.20321645717021236,0.7555714329028642,0.38116381631283847,1.255595034759016,0.9820702373278085,0.9820702373278085
2024-07-13 00:00:00+00:00,0.6285535595823695,0.5645895547798448,1.1925284197109243,0.8032536527181438,0.2018760822028646,0.7567548334409524,0.3803098922014238,1.2457320464284,0.9826525730453457,0.9826525730453457
2024-07-14 00:00:00+00:00,0.6340106291367622,0.5659209278873896,1.2011243958514932,0.7977152726549351,0.2018603707226985,0.7562478316057255,0.38174941390043265,1.2679283197900344,0.9848165116199944,0.9848165116199944
2024-07-15 00:00:00+00:00,0.6208364472034135,0.5666924225974604,1.2209122765918023,0.7825452282116744,0.19995620056298885,0.7561760077435965,0.36863788254477003,1.2925935648780746,0.9853103076751357,0.9853103076751357
2024-07-16 00:00:00+00:00,0.6160245520614542,0.5582346374245096,1.2240361106348074,0.7939935665628024,0.19849016934749822,0.7546370579224471,0.3617049203665167,1.2977503251229414,0.9847718777403968,0.9847718777403968
2024-07-17 00:00:00+00:00,0.6222153401950848,0.5656825435796922,1.2216177479150048,0.7807188696767038,0.19524899739478652,0.7548512927144171,0.36193316111216756,1.2914447295861167,0.9841726971364049,0.9841726971364049
2024-07-18 00:00:00+00:00,0.6226984424893149,0.5657457346903825,1.2271757696694658,0.7814411140681352,0.1941699268381521,0.751587311127997,0.36615921964026327,1.3018199030899251,0.9856789376023123,0.9856789376023123
2024-07-19 00:00:00+00:00,0.6195219585593359,0.5624030726573884,1.2265993656824719,0.7843359018304081,0.19250741932187873,0.7516871276035247,0.3640531337338017,1.3054471590302887,0.9862072357011116,0.9862072357011116
2024-07-20 00:00:00+00:00,0.6216501477142349,0.5624057237228507,1.2247022172357953,0.783390865365252,0.19233109507148244,0.7516085067257801,0.36409164841777747,1.3057068381951438,0.9876735405049719,0.9876735405049719
2024-07-21 00:00:00+00:00,0.6215307420261202,0.5583556319751377,1.2241087282780139,0.79090885553736,0.19449326167105147,0.7502045787012787,0.36402432608617546,1.3022663655758144,0.986074321864008,0.986074321864008
2024-07-22 00:00:00+00:00,0.6206443304350775,0.5622713207514999,1.222806914198342,0.7815413033129992,0.1922659531244362,0.7532276802542343,0.36230535280986487,1.3018305541467352,0.9852422669705017,0.9852422669705017
2024-07-23 00:00:00+00:00,0.6190979618810769,0.5568680232061571,1.2208497921521242,0.7928212484755122,0.19559564633972917,0.7511028844201839,0.3556676762130446,1.3021892155353032,0.9845062460627755,0.9845062460627755
2024-07-24 00:00:00+00:00,0.6219080657585595,0.5630987861688778,1.2225392794800656,0.7876699011932468,0.19255666618528627,0.7434702146535375,0.3594037303825829,1.2979000068093078,0.9830619739236116,0.9830619739236116
2024-07-25 00:00:00+00:00,0.6259121941904615,0.5615318145949529,1.2242217140197476,0.7897314012058186,0.19166265919482844,0.7430166190731305,0.3625932826287021,1.30123226868694,0.9847138747320686,0.9847138747320686
2024-07-26 00:00:00+00:00,0.6266494900111123,0.5605986025897681,1.2241082822448994,0.7901317564207463,0.19162838955396871,0.7417403215823323,0.36308007161607486,1.299387602781871,0.9845434738877629,0.9845434738877629
2024-07-27 00:00:00+00:00,0.6269411251122898,0.559259773167157,1.227278306019784,0.790541738876489,0.19075925075261507,0.7414588398793545,0.361796977241135,1.3060508283230705,0.984408298793733,0.984408298793733
2024-07-28 00:00:00+00:00,0.6246412931504544,0.5603131176541822,1.225353024853216,0.7906005394027946,0.18996495026646346,0.7456030053973955,0.36318082226251086,1.3050055397958873,0.9840934800235585,0.9840934800235585
2024-07-29 00:00:00+00:00,0.6209172118898655,0.5571538850435143,1.2253983479798305,0.8005272697809201,0.19026148551029576,0.7469863089549014,0.36205811832065693,1.3122179002775276,0.9836318270742272,0.9836318270742272
2024-07-30 00:00:00+00:00,0.6174281575821765,0.558296436949637,1.2228254486146357,0.7971123353501205,0.19035886555779524,0.7483456497534634,0.36057234561369916,1.306707400632426,0.9825579684065928,0.9825579684065928
2024-07-31 00:00:00+00:00,0.619806448548308,0.5635325809703742,1.2249110699496406,0.7901343872225896,0.1884543382997504,0.7454993489299085,0.3613270183830814,1.3019432252387806,0.9822351804639644,0.9822351804639644
2024-08-01 00:00:00+00:00,0.617723409226248,0.5672563138900385,1.2125340220850698,0.7809292592825733,0.19053244077248524,0.7442390060552413,0.3651639198805238,1.2700736932947123,0.978780145518085,0.978780145518085
2024-08-02 00:00:00+00:00,0.6153046518403412,0.5677284805489515,1.2130260809464908,0.7767489893453217,0.1911563619855513,0.7424493047175285,0.36405869618285974,1.2658980827425155,0.9776859954248148,0.9776859954248148
2024-08-03 00:00:00+00:00,0.6167082225425475,0.5585846674592038,1.2040884585675629,0.7769990732147002,0.19150386281934537,0.7395835315600124,0.3629742377194154,1.2423464396020378,0.9748377729080097,0.9748377729080097
2024-08-04 00:00:00+00:00,0.6148003169738496,0.544728290389539,1.1888801458789744,0.7771914600849363,0.19167740526047705,0.7386157553777883,0.3653137818897312,1.2719758195590565,0.9704770028468866,0.9704770028468866
2024-08-05 00:00:00+00:00,0.6167124172549527,0.5479051156607134,1.1898845794451578,0.7769266649596068,0.1920750227161007,0.7356913938880513,0.36978069882005726,1.2639380543157765,0.9729313887949245,0.9729313887949245
2024-08-06 00:00:00+00:00,0.6044964346505003,0.5539755405997268,1.1928379067108466,0.7965971681566125,0.19309692053242902,0.7349737941745017,0.36591377954840004,1.244250463289842,0.9723906150752271,0.9723906150752271
2024-08-07 00:00:00+00:00,0.6118867821653879,0.5717552622874704,1.2116435380156858,0.7967076911338393,0.19438004612622803,0.7350684159361144,0.3632458875669917,1.2070672153288224,0.9770099495789735,0.9770099495789735
2024-08-08 00:00:00+00:00,0.6076648132953514,0.5774982467434496,1.211991481643549,0.7963315957893569,0.19211932999972156,0.7325701354790425,0.3640548910198519,1.2156245473978466,0.9758632417233376,0.9758632417233376
2024-08-09 00:00:00+00:00,0.6079086127123291,0.5777709847878798,1.215365060621153,0.7962537102861924,0.19200217494941832,0.7327510623270582,0.3635363554595916,1.2088184465373526,0.9758852214617345,0.9758852214617345
2024-08-10 00:00:00+00:00,0.6092157119943936,0.5810961957461336,1.2135011691883137,0.791604327956144,0.19372470125743002,0.7337605969642027,0.36344990713175607,1.2191217711248221,0.974016633059766,0.974016633059766
2024-08-11 00:00:00+00:00,0.6078324348135321,0.5897093876660426,1.209820819182627,0.7869000586725199,0.19348401177329136,0.7392518921354093,0.3657788748953167,1.216070377745077,0.9754907857271382,0.9754907857271382
2024-08-12 00:00:00+00:00,0.6097412930466285,0.5890639504181766,1.2172411161468994,0.7920777383318249,0.1918335385753769,0.735578068254773,0.3624346817634448,1.2056106297121745,0.9757338047027201,0.9757338047027201
2024-08-13 00:00:00+00:00,0.6046064383795337,0.5863005777479302,1.2102469838417882,0.7898646144969877,0.19247543620148042,0.7384848455755869,0.3604108776672543,1.213667893339155,0.9748993429195923,0.9748993429195923
2024-08-14 00:00:00+00:00,0.6116827605510494,0.576214294139299,1.2071222877746575,0.795799012742768,0.19329535649267127,0.7372681882518968,0.363885660697376,1.2196933099195106,0.9734562596584058,0.9734562596584058
2024-08-15 00:00:00+00:00,0.6113777973592606,0.5767412986883299,1.2132460366468611,0.7990132784028544,0.19227406975262093,0.7343959982051915,0.36334260242808314,1.2134978077933312,0.9736417555696182,0.9736417555696182
2024-08-16 00:00:00+00:00,0.6131167940303122,0.5731994733995731,1.2160423889734315,0.8020639226230144,0.19153608551948273,0.7348765794918375,0.362345568814774,1.2074609738101412,0.9741665358283826,0.9741665358283826
2024-08-17 00:00:00+00:00,0.610396520336811,0.575343392438614,1.2092548747878618,0.7948796504810158,0.19047613809907094,0.7367587415627117,0.36246178103699217,1.2167285283468208,0.9740379996532749,0.9740379996532749
2024-08-18 00:00:00+00:00,0.6127477545242525,0.5718619842473593,1.2141298460363898,0.801948336216525,0.19096581117129321,0.7357786659370383,0.36127871142597606,1.204492541576247,0.9748889418024355,0.9748889418024355
2024-08-19 00:00:00+00:00,0.5986645479893932,0.5718343019578841,1.2083020320747806,0.8028563796260244,0.19111833054039565,0.7328267862062737,0.3611190397343102,1.2160065321970113,0.9752795899593826,0.9752795899593826
2024-08-20 00:00:00+00:00,0.5901161560151912,0.5774964493637845,1.2090932485640886,0.8045789573060109,0.18859404235634877,0.7273558202398382,0.3619525297470488,1.2201085053505623,0.9773830058749577,0.9773830058749577
2024-08-21 00:00:00+00:00,0.5813554904971786,0.573907866086888,1.2030889610793,0.8027198360045594,0.19164127019987504,0.7294612969060836,0.36028573242001427,1.2255094632152213,0.9781260147068697,0.9781260147068697
2024-08-22 00:00:00+00:00,0.5850359449094479,0.5806435860548317,1.214549452857425,0.7948647164291927,0.19165473789059978,0.7278494438715019,0.3569375964854485,1.2073577075032667,0.9801919816771352,0.9801919816771352
2024-08-23 00:00:00+00:00,0.5811395576233616,0.582084606500474,1.2110382468222558,0.7948281543238065,0.19051534408293025,0.7266576357332591,0.35620166626734234,1.2106199914260924,0.9811701897621384,0.9811701897621384
2024-08-24 00:00:00+00:00,0.5856045104535554,0.5806450571999219,1.2106134321461095,0.7910671764239736,0.19194096724024504,0.7275148108015174,0.3567273390506288,1.2056892225923166,0.9799575916629716,0.9799575916629716
2024-08-25 00:00:00+00:00,0.58748558484371,0.5844023827574812,1.2049418360267334,0.7909290765423995,0.19353638311597332,0.7279678171746049,0.3559148267570026,1.197483902519468,0.9783940138245267,0.9783940138245267
2024-08-26 00:00:00+00:00,0.5852260655186166,0.5876924337544378,1.1984378571466006,0.7946430923024532,0.19272473857038652,0.7263829678688802,0.35621727368171446,1.183422543664271,0.975725584124193,0.975725584124193
2024-08-27 00:00:00+00:00,0.5897379158934316,0.5915240512192461,1.2007508996079483,0.7859042481115697,0.19064433927200353,0.7314939407325621,0.3574380566327394,1.1753193654574374,0.9753031566876417,0.9753031566876417
2024-08-28 00:00:00+00:00,0.588798731788665,0.5918545180758458,1.204353246621028,0.7847389356582176,0.1898164642625883,0.7307487968425195,0.3559217569685317,1.1742424541846783,0.9749359347370931,0.9749359347370931
2024-08-29 00:00:00+00:00,0.5917782528475247,0.594681543748789,1.2079913742937705,0.7866316533130369,0.19004300047917413,0.7301386500272061,0.35229100359826193,1.168430824680808,0.9750257207207835,0.9750257207207835
2024-08-30 00:00:00+00:00,0.591797671842457,0.5939977428005635,1.2091995338643107,0.7855123272749897,0.19024325691168112,0.7295373842339528,0.3511032860874869,1.1677159866936093,0.9747752905434641,0.9747752905434641
2024-08-31 00:00:00+00:00,0.5899149252748646,0.5939715979429687,1.207423762700743,0.7815377973755806,0.19019520981042168,0.728739129262483,0.3491334033549787,1.1739028190254277,0.972811800108981,0.972811800108981
2024-09-01 00:00:00+00:00,0.5941212354069353,0.5968839817543321,1.2106756880495868,0.7835814346319784,0.18765506356583075,0.7302377654180943,0.3504720729523407,1.1642861739239323,0.9741302959775475,0.9741302959775475
2024-09-02 00:00:00+00:00,0.5954623050263509,0.594009909256018,1.2131772044050229,0.7811096578672079,0.18776012494175076,0.731454891974132,0.34590270884099256,1.164789884570022,0.9726879206408531,0.9726879206408531
2024-09-03 00:00:00+00:00,0.6038596212321231,0.5973589110842131,1.208582918408966,0.7837940216273191,0.1886062448056502,0.7323513197122876,0.3501640736351879,1.173538938512071,0.9725596363862526,0.9725596363862526
2024-09-04 00:00:00+00:00,0.6013360888749897,0.5960175522811403,1.2049172478795613,0.7852766683820562,0.19036631069687163,0.7329426931388768,0.3494817380359001,1.1829376080975655,0.9715889181979249,0.9715889181979249
2024-09-05 00:00:00+00:00,0.5914517753290365,0.5895887695648645,1.1946091528331726,0.7860223644409667,0.1878190647798309,0.7310733310675662,0.35216359726251334,1.20276863915491,0.9699175492743926,0.9699175492743926
2024-09-06 00:00:00+00:00,0.5944192238455906,0.5938630987199202,1.189693541555648,0.7909373262681493,0.18783575064707037,0.7266197710995633,0.3550948328738448,1.205015093692735,0.9705819219759327,0.9705819219759327
2024-09-07 00:00:00+00:00,0.5922669718923008,0.593665417115349,1.18552090218778,0.7954846126325076,0.1895908311497934,0.7262514179508684,0.35514985511573044,1.2070280119707963,0.9715911952585441,0.9715911952585441
2024-09-08 00:00:00+00:00,0.590055766058024,0.5988751868406224,1.1968512095706498,0.7867049736999383,0.18904610265907534,0.7283497295055108,0.34856377260584576,1.191859225102673,0.9730784621831843,0.9730784621831843
2024-09-09 00:00:00+00:00,0.5894736833797665,0.5989676283356464,1.1969109420280444,0.7858036445435268,0.18962105068714688,0.7283926716809003,0.34847035399974663,1.1902707845568543,0.973334239769764,0.973334239769764
2024-09-10 00:00:00+00:00,0.5918732920002862,0.5987690611498786,1.202156067304863,0.7833030370362764,0.18911085748127138,0.7258127052813426,0.35141511903156636,1.187307995962436,0.9729680773035051,0.9729680773035051
2024-09-11 00:00:00+00:00,0.5955780842057364,0.6008326632228003,1.2051626088618368,0.7801036719515608,0.18908156354754097,0.7261057429855593,0.35210768607981924,1.1780099794828882,0.973821814509107,0.973821814509107
2024-09-12 00:00:00+00:00,0.5969558737440056,0.6025528469276583,1.2160627825904682,0.7811968637440161,0.18911406898942362,0.7241320752937177,0.348341027575694,1.1640889268871972,0.9751715157178179,0.9751715157178179
2024-09-13 00:00:00+00:00,0.5974067224072714,0.6033825043277586,1.2163879898585517,0.78243179350653,0.19059538266486803,0.7240704762012288,0.34689108482477055,1.1610578737860677,0.9751729634060239,0.9751729634060239
2024-09-14 00:00:00+00:00,0.5918985387378239,0.604207561683482,1.219307660272675,0.7817244402018303,0.19038323156005083,0.7202845761034091,0.3471648364544999,1.1630653395904638,0.9737551957532572,0.9737551957532572
2024-09-15 00:00:00+00:00,0.5932225755496793,0.608820680564507,1.2118709205413696,0.7775155208029111,0.19176784950266132,0.7212331796944786,0.3476604912097875,1.16690778260702,0.9731633703400451,0.9731633703400451
2024-09-16 00:00:00+00:00,0.5978014051017612,0.6068523949929028,1.221373162128113,0.7808331590329538,0.19106671404316447,0.7184032965381387,0.34699586402614147,1.156703236298567,0.9735684485533022,0.9735684485533022
2024-09-17 00:00:00+00:00,0.5975112241629712,0.6066650997615854,1.2255929481233032,0.7813258285023286,0.18884227102384754,0.717271487403337,0.3465454782493052,1.1500562024479406,0.9745325254114705,0.9745325254114705
2024-09-18 00:00:00+00:00,0.5998851251790005,0.6080795686975227,1.2218168453058507,0.7783065210442088,0.1880749424205271,0.7195643299762731,0.34488752241344534,1.150157508571141,0.9759154987654615,0.9759154987654615
2024-09-19 00:00:00+00:00,0.600210120001376,0.6108010395297951,1.2170334232166031,0.7750808295840248,0.18720736591163095,0.7235041306466982,0.34317270364457897,1.152477067724755,0.9765881006559759,0.9765881006559759
2024-09-20 00:00:00+00:00,0.6035027378353466,0.6105114282814007,1.2207285969210164,0.773156546343434,0.18704391698026573,0.7260490950463995,0.3419021322951414,1.1477421028727357,0.9772754852821623,0.9772754852821623
2024-09-21 00:00:00+00:00,0.6023592769011876,0.6124478234679668,1.2264696773839878,0.769151722704843,0.18599851144408275,0.723068398350703,0.34323230054445575,1.1432419488481382,0.9767160089629195,0.9767160089629195
2024-09-22 00:00:00+00:00,0.6004081605899477,0.6081813795587304,1.223302022112467,0.7723485715162867,0.18686471427720724,0.7273333637972773,0.3422475585874039,1.1458096634301618,0.9771718781832226,0.9771718781832226
2024-09-23 00:00:00+00:00,0.599582176847731,0.6122496796124579,1.2210063806690155,0.7719120915771674,0.18394215138452152,0.7268628588217482,0.34039314121047615,1.1458578054757056,0.9786357227527614,0.9786357227527614
2024-09-24 00:00:00+00:00,0.5957752489220779,0.6162305975925646,1.2197739848181808,0.7662833403810493,0.18240091105758555,0.725292007297251,0.33823436009210567,1.1495149894237555,0.9778204855066103,0.9778204855066103
2024-09-25 00:00:00+00:00,0.5951852546372455,0.60864692135663,1.2226849710117575,0.7731070494447029,0.18343984260729632,0.724009900371451,0.33617816271919265,1.1524881946094587,0.9795162922285185,0.9795162922285185
2024-09-26 00:00:00+00:00,0.5922852455744955,0.6076887192364944,1.2246697155908521,0.7736685678391244,0.18249087678177234,0.725111560984379,0.33524888326429286,1.146429623027184,0.9803177245994457,0.9803177245994457
2024-09-27 00:00:00+00:00,0.5980769013777599,0.6079936683422357,1.2268233879888708,0.7724646452493188,0.1821415525645165,0.7244431228328572,0.3360459022281385,1.1494297363225605,0.9801313678854076,0.9801313678854076
2024-09-28 00:00:00+00:00,0.6018706575789495,0.6117823402889305,1.226599371078472,0.7672466913854232,0.18095096555213,0.724768625507366,0.3364009018322605,1.150284438282499,0.9799700459818891,0.9799700459818891
2024-09-29 00:00:00+00:00,0.6010929698620647,0.6232141497314176,1.2162381474629205,0.7530548964849058,0.18021850727918387,0.7260399578081574,0.34244230938672426,1.134257757050108,0.9777390893607144,0.9777390893607144
2024-09-30 00:00:00+00:00,0.60271461454685,0.6319678449237335,1.210537581159358,0.7473370179264875,0.18175074926161439,0.7242239751976273,0.3442689892472518,1.1226128265818447,0.9752589622949409,0.9752589622949409
2024-10-01 00:00:00+00:00,0.5984224191664039,0.6466961863419417,1.2117990685747753,0.7382149207413004,0.18231417382742102,0.719453968740704,0.34768708338804205,1.126763918120291,0.9741059519088728,0.9741059519088728
2024-10-02 00:00:00+00:00,0.5958534762302069,0.6519437089492279,1.214801681122056,0.7298283447811001,0.18109476779176475,0.7181150917488744,0.3498814214277394,1.1263712393225964,0.9737668568096258,0.9737668568096258
2024-10-03 00:00:00+00:00,0.5981794015590829,0.6566855833248482,1.215789621549617,0.7290355248927148,0.17983404524022192,0.7187498627395694,0.34994146973192297,1.1225094326155742,0.9750374073412273,0.9750374073412273
2024-10-04 00:00:00+00:00,0.5983718305493525,0.6571664523913991,1.2193231299462242,0.7277923791717126,0.1806560137806198,0.7185757277157016,0.3486728186260275,1.1189976369991046,0.9750546288425503,0.9750546288425503
2024-10-05 00:00:00+00:00,0.598756293390559,0.655504457437277,1.2192889658786688,0.7307733516558442,0.1806413395302546,0.7186129223894226,0.34763772364172313,1.1188079927226966,0.9757038619519733,0.9757038619519733
2024-10-06 00:00:00+00:00,0.5975161552125914,0.6564956299162659,1.2159593358939205,0.7288513373726898,0.17935432793682773,0.7189942162144004,0.34659390044359034,1.1216147844637012,0.9751400337315415,0.9751400337315415
2024-10-07 00:00:00+00:00,0.597982322200182,0.656152339491317,1.2206559806989055,0.7251391872344792,0.17951085469459044,0.7199674556022757,0.3447222799185917,1.1170001548241533,0.9750338949333652,0.9750338949333652
2024-10-08 00:00:00+00:00,0.5952243144810022,0.6513382454054006,1.216535747440402,0.7250333338534216,0.17953921068100448,0.7198061922295428,0.3443766835622634,1.1225268439042924,0.9741500990225386,0.9741500990225386
2024-10-09 00:00:00+00:00,0.5941571214449074,0.6536458145470467,1.2135963731682238,0.7227614334376699,0.1790486276411884,0.7210877939119468,0.34385246421681226,1.1243361955040858,0.974218774372079,0.974218774372079
2024-10-10 00:00:00+00:00,0.597103314288052,0.6574464154223408,1.2167661893600317,0.7212720890397177,0.17751347188019753,0.7194666002127231,0.34441053377843084,1.1194419692062572,0.9754268507911225,0.9754268507911225
2024-10-11 00:00:00+00:00,0.5967034430111554,0.6569409215473305,1.2164730668430157,0.7196084918609806,0.17748681219379184,0.7197057848674265,0.34353508573755115,1.1189111864712704,0.9758811297637626,0.9758811297637626
2024-10-12 00:00:00+00:00,0.5961541855152026,0.6533021679404812,1.212146758626859,0.7198677611477791,0.1769396410235777,0.7201205495686892,0.3433001231297934,1.1235483674070126,0.9756527015342531,0.9756527015342531
2024-10-13 00:00:00+00:00,0.5990220973490044,0.6637338854450502,1.221868692870515,0.7109344495445052,0.1758439452566972,0.7209809579970712,0.3467435383615847,1.1121055603357435,0.977396460797595,0.977396460797595
2024-10-14 00:00:00+00:00,0.5991315735884793,0.6666807489112606,1.233687712171573,0.7131351115752126,0.17277253601286896,0.7170202796377076,0.34687632670634044,1.1013465287611324,0.9774730524226344,0.9774730524226344
2024-10-15 00:00:00+00:00,0.602238058910589,0.663827838378056,1.2384998701883507,0.7143026637714172,0.17286826648365747,0.7161129942366209,0.34726995788919224,1.1039722303643984,0.9772383604625838,0.9772383604625838
2024-10-16 00:00:00+00:00,0.6022554942306628,0.6594957547926105,1.243385632338406,0.7193837483866878,0.17419913689907457,0.7153202419980734,0.3463971291984451,1.1072771898037082,0.9767314677639184,0.9767314677639184
2024-10-17 00:00:00+00:00,0.6022553471528774,0.659507699686777,1.243604632479797,0.7177631598057537,0.17358302914034615,0.7152597014911419,0.3483383922580757,1.1068923276880813,0.9774528402261222,0.9774528402261222
2024-10-18 00:00:00+00:00,0.601915256380506,0.6574808359233812,1.2429071233456703,0.7181680196792994,0.174455515952497,0.7155666810382684,0.34676105807413843,1.1057680951245918,0.9777822895796158,0.9777822895796158
2024-10-19 00:00:00+00:00,0.6003232833681362,0.6601011624826852,1.2376047516589148,0.71126081234528,0.17608416213259623,0.7191697768047578,0.34713194156468097,1.1032451187028918,0.978887518492311,0.978887518492311
2024-10-20 00:00:00+00:00,0.5991696735030269,0.6783969122458717,1.232954369552385,0.7027297686302201,0.1760510519638378,0.7194734795811901,0.3376197948565082,1.1029085093296653,0.9783125731228293,0.9783125731228293
2024-10-21 00:00:00+00:00,0.5993548307845215,0.6747397126290698,1.2306946533984835,0.7021106444078817,0.17617463106072997,0.7176745772046375,0.33895341127649975,1.0991538091199233,0.9781164040096566,0.9781164040096566
2024-10-22 00:00:00+00:00,0.6037217013687293,0.6781964663347316,1.2322083023555181,0.7090981394026211,0.17648190567655822,0.7149762474646741,0.3408358399389298,1.0961590596578763,0.9770765545746983,0.9770765545746983
2024-10-23 00:00:00+00:00,0.6073450001283343,0.6756240065169454,1.2391643355966047,0.7170803783659588,0.17637706051160248,0.712571350561111,0.3408580822807555,1.1035713594622605,0.9775964489632296,0.9775964489632296
2024-10-24 00:00:00+00:00,0.6050986182633236,0.6723902587327942,1.2422617786174575,0.7169689378685512,0.17707095611565188,0.7100367788584118,0.3437538161222527,1.0978516514471324,0.9753363888240861,0.9753363888240861
2024-10-25 00:00:00+00:00,0.6084033947778911,0.6746306279409581,1.2405010337526845,0.7142191179773706,0.17629013780067587,0.7119877011721889,0.34506384475229207,1.0975279144708034,0.9758892583431507,0.9758892583431507
2024-10-26 00:00:00+00:00,0.6106796475946549,0.6725355107285558,1.2423131379142787,0.7167302586466361,0.17584833041988412,0.7114919584329011,0.34457378000565947,1.1002275393442082,0.9765750025674357,0.9765750025674357
2024-10-27 00:00:00+00:00,0.6131246763963893,0.6728223676570656,1.2461879940024463,0.7173825632344171,0.17563922722789643,0.7105170929258922,0.3448606736498133,1.106149432647795,0.9770918059011967,0.9770918059011967
2024-10-28 00:00:00+00:00,0.6140237059989686,0.6730531185979649,1.2494628114407735,0.7159157641976106,0.1757767789632956,0.7080603655807814,0.34416596859409065,1.1162851162971745,0.9782961908215515,0.9782961908215515
2024-10-29 00:00:00+00:00,0.6088180484777033,0.6758120657060933,1.2447459886109276,0.7138492922958919,0.17577352761916093,0.7092159261589551,0.34271301864645276,1.1135447109901022,0.978026564626345,0.978026564626345
2024-10-30 00:00:00+00:00,0.6106156100521613,0.6761347882557402,1.2514128702842677,0.7096116468657974,0.1749807881684728,0.7067627508316905,0.3420548761562412,1.107302343711652,0.9762072905067953,0.9762072905067953
2024-10-31 00:00:00+00:00,0.6114643357121996,0.6779514955715692,1.2476226665785954,0.7072955232184838,0.17450266021392385,0.7084370388935091,0.3421326026899393,1.1037392938387223,0.9761592866351667,0.9761592866351667
2024-11-01 00:00:00+00:00,0.6110297368482784,0.6757046053784268,1.2503672369803303,0.7102296990965112,0.17424156226250642,0.707669577937786,0.3402188874039397,1.1044047016203642,0.9757496481070679,0.9757496481070679
2024-11-02 00:00:00+00:00,0.611314071650015,0.6739228501837344,1.2569820681926311,0.7111896914516204,0.1733522696770392,0.7068522381428906,0.3403242907756476,1.1028821178007717,0.9746922354460446,0.9746922354460446
2024-11-03 00:00:00+00:00,0.6119503945666055,0.6727939365147506,1.2631218255274015,0.7104845083595814,0.17365310874542536,0.7058611854527669,0.3393797647406694,1.102876014387625,0.9737841098886162,0.9737841098886162
2024-11-04 00:00:00+00:00,0.6134559617348992,0.6744972234999803,1.2565798459620883,0.7095418225698544,0.1723125432823304,0.7046454335028252,0.3401135306588217,1.1047084336177935,0.9750167565239738,0.9750167565239738
2024-11-05 00:00:00+00:00,0.6182595041936818,0.6865750662302935,1.2440942465617988,0.7042176001756818,0.16479895584333282,0.706612254001516,0.3432438942673812,1.117054896150499,0.9787114879249458,0.9787114879249458
2024-11-06 00:00:00+00:00,0.6078827391456033,0.6921872466421052,1.2282461981589086,0.7018547678496523,0.16304887001278204,0.7137337182733212,0.34198479958672096,1.1097165158480584,0.9801146142068136,0.9801146142068136
2024-11-07 00:00:00+00:00,0.6024081923929291,0.6920692950174383,1.2136399943031,0.7051202725826226,0.16327826201728332,0.7154278530059615,0.33831559657658206,1.104858209848937,0.9817013039694267,0.9817013039694267
2024-11-08 00:00:00+00:00,0.5900180620677398,0.6850207840402965,1.2007470341240125,0.7023290214590417,0.16658756330219296,0.7223019388085431,0.3401612661481977,1.1009320979031845,0.9832854328125189,0.9832854328125189
2024-11-09 00:00:00+00:00,0.5855536483852767,0.6642705733760529,1.183609357506552,0.7161999397348612,0.17111035470123112,0.7167091393732221,0.32692038398961826,1.1072816322432528,0.9861183700824031,0.9861183700824031
2024-11-10 00:00:00+00:00,0.5963803502008231,0.6543592713614077,1.1749975971648157,0.7130405276894654,0.1703711724908245,0.7224293029068045,0.3231281579089909,1.1301342712850457,0.9890457259581589,0.9890457259581589
2024-11-11 00:00:00+00:00,0.6073071307865703,0.6598954809500817,1.1871303549484724,0.6988920059213828,0.17053569436203203,0.7182262906459673,0.3263312745282863,1.138342056655431,0.9873303478787743,0.9873303478787743
2024-11-12 00:00:00+00:00,0.611266880424395,0.6617440379561449,1.1854158551317286,0.7067464990324227,0.17065327588861237,0.7117508798393218,0.3304427871070754,1.1432598568778254,0.986690617367676,0.986690617367676
2024-11-13 00:00:00+00:00,0.6177448603194967,0.6587194636755815,1.1848453822561105,0.7022310597470508,0.17400670210376087,0.7120060909386831,0.3287417266846848,1.1516083213779031,0.9862157795869948,0.9862157795869948
2024-11-14 00:00:00+00:00,0.6155249680519264,0.646094104894503,1.188480535257897,0.7223670422709848,0.17523660068974425,0.7072897663205371,0.3160778718070808,1.1587034294176248,0.9892415290267643,0.9892415290267643
2024-11-15 00:00:00+00:00,0.6156409710068167,0.6324360435352424,1.1923464190158375,0.7138820069687989,0.1806710413544383,0.7110122646111158,0.3034910713884442,1.177074511413574,0.9924593291053452,0.9924593291053452
2024-11-16 00:00:00+00:00,0.6195839288086027,0.6362918923622234,1.1906968521754553,0.7123928383702482,0.1793647335432753,0.7113393295964617,0.3079971563761922,1.1679329850947842,0.9910862986054747,0.9910862986054747
2024-11-17 00:00:00+00:00,0.6130470991354546,0.6252366263372581,1.193391731464084,0.721870440717216,0.1813911644588248,0.7149738196498749,0.3012921221373618,1.1695908551819136,0.9933294035019694,0.9933294035019694
2024-11-18 00:00:00+00:00,0.6158807262683171,0.6205599229795241,1.1922963067641874,0.7267833342495843,0.18173177867081286,0.7087955412952891,0.300966835328317,1.1753769501237654,0.9924176177613436,0.9924176177613436
2024-11-19 00:00:00+00:00,0.6118639729617302,0.6213075674104191,1.19209885499105,0.7361806621556282,0.17920760926517265,0.7049386235874007,0.30178263240505293,1.1763892075878466,0.9922532671572127,0.9922532671572127
2024-11-20 00:00:00+00:00,0.6167814913713532,0.6147086060667654,1.1953187611485085,0.7405574579044627,0.17762023712888989,0.7093933755303925,0.30264421493944593,1.186742817870089,0.9949333824776001,0.9949333824776001
2024-11-21 00:00:00+00:00,0.6039372002214571,0.6074367849972045,1.2006098127934441,0.7699531767249114,0.17884792279260583,0.7090323487437385,0.2928525668732586,1.1800876142663297,0.999337432745247,0.999337432745247
2024-11-22 00:00:00+00:00,0.5966958955620753,0.6063404416456021,1.2030285907655094,0.7754707267410479,0.1768906967647974,0.7116417749147732,0.2922385120114887,1.1833193709757417,1.0013507224445544,1.0013507224445544
2024-11-23 00:00:00+00:00,0.5961832209321805,0.6018304636975177,1.2032899077331238,0.7702781323989741,0.1776229362335916,0.7097439586655574,0.289564730558875,1.186579085824167,1.0015682317675383,1.0015682317675383
2024-11-24 00:00:00+00:00,0.5884934174511522,0.6171355414847021,1.2007046993519603,0.7605816765992377,0.17793657261611942,0.7175891611526286,0.2915665592796974,1.171557919981014,0.9994164123510932,0.9994164123510932
2024-11-25 00:00:00+00:00,0.5843063670124562,0.6217211026112377,1.200553234103459,0.76788381847607,0.17672726015841234,0.7160834730609291,0.29281825140088563,1.162820832681531,0.9992903390082183,0.9992903390082183
2024-11-26 00:00:00+00:00,0.5856593149182969,0.6094258147115729,1.2033649498852228,0.7710385449242255,0.17684770978233144,0.7108460364351583,0.2933738262412309,1.173139426859712,1.0016306937188129,1.0016306937188129
2024-11-27 00:00:00+00:00,0.5861381928469919,0.6127986927439597,1.2031617393789398,0.7714038081199505,0.1754188850619704,0.7120040134677058,0.2951553271389344,1.1792295059105273,1.001461549785878,1.001461549785878
2024-11-28 00:00:00+00:00,0.588323480176217,0.610500121115281,1.2058742341829687,0.7827777744400406,0.1744524581980871,0.7140735694938457,0.28970251730415814,1.188818702792433,1.003719317101211,1.003719317101211
2024-11-29 00:00:00+00:00,0.591503225696801,0.6009345170593183,1.2062395334557316,0.7860604427373042,0.17404170849764866,0.7100450675609674,0.29424871701644734,1.1868976048639446,1.0040233769494122,1.0040233769494122
2024-11-30 00:00:00+00:00,0.5893983601308321,0.5853841152244322,1.208642844322748,0.8000846993251545,0.1780818669652868,0.71125932320537,0.2892884656969177,1.199199837713053,1.0060237924768722,1.0060237924768722
2024-12-01 00:00:00+00:00,0.5724326294674754,0.5633662945168484,1.2132984236787676,0.8226744511859174,0.18314939689335172,0.7147385331996737,0.28799590452549995,1.1872343206881755,1.0098989021686393,1.0098989021686393
2024-12-02 00:00:00+00:00,0.582863166354506,0.5592787435355595,1.2127247916482617,0.7981703020936484,0.18059085173975828,0.7131762917394068,0.29483742505422583,1.2027793842733285,1.0094214348394555,1.0094214348394555
2024-12-03 00:00:00+00:00,0.5775343070965744,0.5540263624119337,1.2135431126910532,0.7973098520522938,0.17959688203463686,0.7122747368682038,0.2919890009542913,1.2053402021813653,1.0101025710765164,1.0101025710765164
2024-12-04 00:00:00+00:00,0.575829787792166,0.5584512502262393,1.2123380999996605,0.7948050910370799,0.17901633310310341,0.7115296197071327,0.2905822218339619,1.198376614080413,1.0090995688716284,1.0090995688716284
2024-12-05 00:00:00+00:00,0.5797760806752503,0.5531972575386144,1.2150491219412027,0.8016676214683559,0.1793207672814066,0.7099806769918919,0.28905775659977495,1.205258521285132,1.0113561102377808,1.0113561102377808
2024-12-06 00:00:00+00:00,0.5853281892263463,0.5510729730816423,1.214906955942079,0.8022280453822545,0.1779854904302284,0.7093793702064062,0.2905281753088123,1.212181894201945,1.0112377772014571,1.0112377772014571
2024-12-07 00:00:00+00:00,0.5845247014192743,0.5483793667020218,1.2153004165615409,0.801402023629949,0.1784895010844084,0.7113871856976393,0.28894443268397585,1.2111378381957387,1.0115652773777422,1.0115652773777422
2024-12-08 00:00:00+00:00,0.5882144580222796,0.5583017184894852,1.2070300934977785,0.7799550070051853,0.17876764984605753,0.7149913864033649,0.29285954037244016,1.2036055732865316,1.0046814060896303,1.0046814060896303
2024-12-09 00:00:00+00:00,0.5919732033511913,0.5582276328676787,1.2068055978103505,0.7859821026368617,0.17855203654979018,0.7161237617061539,0.293185904726429,1.2020046794737465,1.0044945452614527,1.0044945452614527
2024-12-10 00:00:00+00:00,0.5921076362611587,0.5596791281396793,1.210279605889618,0.78451280877969,0.17373510298749612,0.7165347187991769,0.2911660333540784,1.2097756788080098,1.007386164402224,1.007386164402224
2024-12-11 00:00:00+00:00,0.5896896349820595,0.5533002033593195,1.2121847638569179,0.802738828159035,0.17422724860119487,0.71457086249882,0.28650341523398337,1.1958129405724318,1.0089719382745745,1.0089719382745745
2024-12-12 00:00:00+00:00,0.5904440225622603,0.5509334848952642,1.2127617876728018,0.8009173511578116,0.17457630842880278,0.716016544272782,0.2859198549946112,1.20602161912907,1.0094522287841587,1.0094522287841587
2024-12-13 00:00:00+00:00,0.5940689298267707,0.5466050262769038,1.2111961909864084,0.7991702367584685,0.17434620998623782,0.7175298594211165,0.28856230457091114,1.2102788942186995,1.00814909153122,1.00814909153122
2024-12-14 00:00:00+00:00,0.5955272743272336,0.545786381048481,1.212421930707955,0.7947382669245493,0.1744023078966907,0.7193636418982913,0.2865557052527847,1.2146474741833635,1.0091693460497917,1.0091693460497917
2024-12-15 00:00:00+00:00,0.5988861065912626,0.5408247137062815,1.211550144534302,0.797650365058898,0.17610411952008273,0.721247191835183,0.2890064457885357,1.2230842913772726,1.008443707672196,1.008443707672196
2024-12-16 00:00:00+00:00,0.5984387912529722,0.5420044195526098,1.211244953373866,0.7972171631457282,0.17661389709988043,0.7233969143571726,0.2876922021185494,1.2261562223596407,1.0081896793046807,1.0081896793046807
2024-12-17 00:00:00+00:00,0.5994155870053287,0.542286959745104,1.206029186376025,0.7868306796590099,0.17703644951428715,0.7233499293025275,0.2864861991777928,1.2150644361485015,1.0038482928310084,1.0038482928310084
2024-12-18 00:00:00+00:00,0.6008700712294355,0.5380682884786181,1.2019947094864885,0.7906087698144212,0.17722377064130965,0.7207745891252181,0.2891944979297851,1.2153035100315779,1.0004901628754663,1.0004901628754663
2024-12-19 00:00:00+00:00,0.6015055649088852,0.5398233133310951,1.2033720681199112,0.7890625676891742,0.1772445514791178,0.7221966685371394,0.29000808187621757,1.2144040793756752,1.0016366186398846,1.0016366186398846
2024-12-20 00:00:00+00:00,0.6006530247942957,0.5333511914621788,1.2011541072342309,0.7954903107412858,0.1793002193355297,0.7179298784400504,0.2904129477359283,1.2196240649928793,0.9997904806908137,0.9997904806908137
2024-12-21 00:00:00+00:00,0.5998218801748317,0.5325583358321194,1.2002443036963095,0.7942152077037328,0.17811878645403637,0.7190438375467542,0.29149660877974737,1.2134234972588975,0.9990331982480078,0.9990331982480078
2024-12-22 00:00:00+00:00,0.5939939684683287,0.5429261724083273,1.2035830535168284,0.7926606627984877,0.1747947712936418,0.7238291808799783,0.29006411671801136,1.2140391172878342,1.001812234066858,1.001812234066858
2024-12-23 00:00:00+00:00,0.5975586830943866,0.5444950893705572,1.205014750552445,0.7921200793896387,0.17375977582025193,0.7205341487264499,0.28928951319401375,1.2187330608771196,1.0030039188463729,1.0030039188463729
2024-12-24 00:00:00+00:00,0.5961279867615727,0.5451515922148543,1.2044590780855968,0.7919768599243232,0.1735468980344427,0.7196496356693182,0.2888300305123794,1.2234599101562158,1.0025414003074187,1.0025414003074187
2024-12-25 00:00:00+00:00,0.5933297270239553,0.5409816416480112,1.2010372962102458,0.793162550173086,0.17285480076502896,0.7200861137571473,0.29003274461599043,1.2186025309802047,0.99969325207617,0.99969325207617
2024-12-26 00:00:00+00:00,0.5891940586455472,0.5437600844834349,1.2004126478739032,0.788626419448414,0.17255510781605243,0.7226503719397558,0.2893241275935886,1.217090504806472,0.9991733209060617,0.9991733209060617
2024-12-27 00:00:00+00:00,0.590184848340893,0.5428505504987559,1.201638362824708,0.7877809399709109,0.17234132750590891,0.724132598599012,0.29086328903450603,1.2185878097641762,1.0001935548065033,1.0001935548065033
2024-12-28 00:00:00+00:00,0.5887699008826054,0.5431996166380695,1.199887874188985,0.7861132407358417,0.1722340590920642,0.7246881813596623,0.28745625298264893,1.2151419540184643,0.998736521221876,0.998736521221876
2024-12-29 00:00:00+00:00,0.5868304316468592,0.5407149383949168,1.1995903171828601,0.7849066692328132,0.17247086766136496,0.7267479183034818,0.28571679810972656,1.2132109964223894,0.9984888472053657,0.9984888472053657
2024-12-30 00:00:00+00:00,0.5877928466375135,0.5418563888083985,1.1992500747002917,0.7867253753312811,0.17222622614770972,0.7247260712565078,0.2877151334699548,1.2172117722338667,0.9982056435821589,0.9982056435821589
2024-12-31 00:00:00+00:00,0.5910763811842026,0.5436122530754827,1.2021781733789936,0.7832083224268278,0.17162052637152905,0.7243148704940745,0.2884658876786864,1.2183183507629642,1.0006428705523354,1.0006428705523354
2025-01-01 00:00:00+00:00,0.5919941651532032,0.5463381364659016,1.203677532015769,0.775758573842977,0.17089466673953613,0.7247218614163956,0.2877878416229041,1.2173493567717588,1.0018908740209673,1.0018908740209673
2025-01-02 00:00:00+00:00,0.5910493829358363,0.5478695560568904,1.2071053320425147,0.7640390410197003,0.16991610835167256,0.7278211403563131,0.2841188677369309,1.2140307353619544,1.0047440315099287,1.0047440315099287
2025-01-03 00:00:00+00:00,0.5902404336378033,0.5492382629090085,1.2068655905198447,0.7617467432024851,0.16955484210709623,0.7289812419522457,0.2859720299701469,1.2117061308128663,1.0045444806856438,1.0045444806856438
2025-01-04 00:00:00+00:00,0.5897366806484559,0.5490683662353018,1.2070904496168389,0.7601034464343669,0.17044381852297114,0.7278802884592287,0.2856110769261113,1.2117434382924404,1.0047316440007568,1.0047316440007568
2025-01-05 00:00:00+00:00,0.5909343151909785,0.5506584418736428,1.2078186426175188,0.7601650984725389,0.1703255936441166,0.7307478097949108,0.28390519113166507,1.2217440569459586,1.0053377614221608,1.0053377614221608
2025-01-06 00:00:00+00:00,0.5907198736991652,0.5590283939625681,1.2028465379691402,0.763385993760586,0.1694415025773331,0.7282585696700259,0.2843016368728152,1.2157328991478011,1.0011991893051377,1.0011991893051377
2025-01-07 00:00:00+00:00,0.5895646212473026,0.5598847908328987,1.20151176442976,0.7657837673919966,0.16918274549544116,0.7296569190413974,0.284548740682855,1.2176159931538584,1.0000881795933005,1.0000881795933005
2025-01-08 00:00:00+00:00,0.5833148383919743,0.5613960714412879,1.199793443648701,0.7648151762390929,0.1697744152164891,0.7291360688604448,0.282402566180046,1.2163385663531021,0.9986579211865491,0.9986579211865491
2025-01-09 00:00:00+00:00,0.5844251873573882,0.5625993766342264,1.201046126504942,0.763443613538486,0.16933911436671592,0.7273490287778465,0.2806854529409899,1.2224392087133649,0.9997006020444433,0.9997006020444433
2025-01-10 00:00:00+00:00,0.586096359438053,0.5589008268392889,1.2020847254079357,0.7679170602350173,0.16794507886610943,0.7289419746262832,0.2813850072469921,1.2236383095776926,1.0005650883665689,1.0005650883665689
2025-01-11 00:00:00+00:00,0.5857395887106674,0.5599156978336853,1.2011966820659197,0.7664291236384109,0.16770685529845486,0.7285624243444028,0.28169832885078017,1.2227792596952993,0.999825918201441,0.999825918201441
2025-01-12 00:00:00+00:00,0.5885835515583696,0.5537443876435321,1.1998614527165548,0.7643481535169611,0.1680499757052575,0.7244721292884865,0.2813763580257026,1.2276115405939811,0.9987145290924214,0.9987145290924214
2025-01-13 00:00:00+00:00,0.5916801587621355,0.5515595690754376,1.2017490145226337,0.7657568854819619,0.16541986082824858,0.724290549964505,0.2811652697742486,1.2299573365322305,1.0002856566555438,1.0002856566555438
2025-01-14 00:00:00+00:00,0.5936724027719589,0.5520948191376238,1.206385223469151,0.7657597143715604,0.16287208086938953,0.726149140970363,0.2797832773451876,1.2354861219939075,1.004144643227962,1.004144643227962
2025-01-15 00:00:00+00:00,0.5962972553607145,0.5499769065070866,1.2070485440593708,0.7682081741430055,0.16284157349484077,0.7224507800373434,0.2775515529841402,1.2338634995219453,1.0046967635660216,1.0046967635660216
2025-01-16 00:00:00+00:00,0.5973743069698776,0.5474011647309173,1.209718011533487,0.7657463409909109,0.16522547558029663,0.7208786461112509,0.27488843783141387,1.2415647781249908,1.0069187167301168,1.0069187167301168
2025-01-17 00:00:00+00:00,0.6012840051799699,0.5436229020467798,1.2084711451641714,0.7814669359396331,0.16800126435351923,0.7186730781787842,0.27078995560660213,1.2338453655710437,1.005880877272859,1.005880877272859
2025-01-18 00:00:00+00:00,0.6061153157928265,0.544459933797265,1.204662823322573,0.782039673147055,0.16889554970535042,0.71919898268715,0.274664283233608,1.2272025284743047,1.0027109893278354,1.0027109893278354
2025-01-19 00:00:00+00:00,0.6077737069211517,0.5454682996096937,1.205558583737134,0.7785550600726051,0.16703542680643646,0.7190368133344052,0.273039519356057,1.2318058436768065,1.003456582861641,1.003456582861641
2025-01-20 00:00:00+00:00,0.6111939768794177,0.541532191588755,1.2069077766038117,0.7807187389481048,0.1665689833745181,0.71487452038851,0.27152155614822676,1.239480372709954,1.0045795946189136,1.0045795946189136
2025-01-21 00:00:00+00:00,0.6068496368770371,0.5444598513600623,1.2060931112025817,0.7785963271212988,0.16382297453422787,0.7168544827621772,0.2710557346927678,1.2353694635251535,1.0039015011851133,1.0039015011851133
2025-01-22 00:00:00+00:00,0.6095377088431897,0.5433489270913747,1.2058018625921914,0.7823525670618738,0.16352448139283343,0.7187176071629258,0.27203791368579433,1.2355431036695503,1.0036590780135743,1.0036590780135743
2025-01-23 00:00:00+00:00,0.609075741382726,0.5416210725968602,1.205634941033509,0.7837716915249934,0.16298048134135823,0.7165233684588311,0.2717900065096312,1.238135489088567,1.0035201394840487,1.0035201394840487
2025-01-24 00:00:00+00:00,0.6064807969651703,0.5433781202690982,1.2061113440251243,0.7809762981559497,0.16207140024031946,0.7171206371823683,0.2715023245248097,1.236630718713655,1.0039166774246187,1.0039166774246187
2025-01-25 00:00:00+00:00,0.6066793003807907,0.5439269697864707,1.2046109630781308,0.7782642931082355,0.16163671762004292,0.7166041084707032,0.27132243589170757,1.2325687519063468,1.0026678230276853,1.0026678230276853
2025-01-26 00:00:00+00:00,0.6091403532409778,0.5443101943600247,1.2036222565525225,0.7811090288517445,0.1612368862474177,0.7158691925014834,0.2720555005842155,1.2389786169947608,1.0018448650354124,1.0018448650354124
2025-01-27 00:00:00+00:00,0.6110733298267131,0.5418979053454749,1.2014976441406144,0.7842680058743198,0.16119496854668894,0.7138882266637251,0.27081268688005916,1.2406745444334135,1.0000764264547257,1.0000764264547257
2025-01-28 00:00:00+00:00,0.6138034363258376,0.5384805450257923,1.202754922710687,0.7885643426668463,0.1609534294004537,0.7109809135546356,0.26949067596584175,1.2453477441779142,1.0011229325927513,1.0011229325927513
2025-01-29 00:00:00+00:00,0.6096046816685008,0.5398296664534106,1.2051457704974573,0.7874217575901892,0.1598748404312855,0.7136017142053327,0.2691670171499994,1.2455717704851204,1.0031129743730667,1.0031129743730667
2025-01-30 00:00:00+00:00,0.6054591237371534,0.5437273608320601,1.2050623036572996,0.7786140341459475,0.15897949571527997,0.7174907762071996,0.26752341566176235,1.2388760626463604,1.0030435000635336,1.0030435000635336
2025-01-31 00:00:00+00:00,0.6069067970427979,0.543451206508568,1.2015417850918413,0.7754573516095791,0.1560517011317148,0.7142250756262015,0.26680014163144156,1.2391110098646896,1.0001131675378054,1.0001131675378054
2025-02-01 00:00:00+00:00,0.611345589715463,0.5373885181031801,1.1959125598840108,0.7873937823476387,0.15460780048027176,0.7102007730468006,0.268846030014068,1.235504730457011,0.9954276357292243,0.9954276357292243
2025-02-02 00:00:00+00:00,0.615056467849569,0.5352559747759521,1.1970590336434879,0.79658706842058,0.15470640660699922,0.7057123644811748,0.27045632646037054,1.2400943254534986,0.9963819125736221,0.9963819125736221
2025-02-03 00:00:00+00:00,0.6131591011234547,0.524996486377801,1.1935982766480628,0.799755779409202,0.15682140780865517,0.7055921409762836,0.27020341923229774,1.2317790407620088,0.9935013230812569,0.9935013230812569
2025-02-04 00:00:00+00:00,0.6102111236665732,0.5265115635621682,1.1926450852885964,0.7937067288021733,0.1556914791488616,0.7087461771574388,0.27220193761276157,1.2315133404445482,0.9927079264290442,0.9927079264290442
2025-02-05 00:00:00+00:00,0.6145470093454926,0.5276958709195262,1.1909176006507018,0.7991660538439372,0.15466782980548474,0.7047474187240907,0.2728206052518872,1.236535890856006,0.9912700404108351,0.9912700404108351
2025-02-06 00:00:00+00:00,0.6163063475283982,0.5284259037843636,1.1911744958229842,0.7970265641931144,0.15359702844557988,0.7059115815147045,0.2711030098670001,1.2378623374679074,0.9914838692161786,0.9914838692161786
2025-02-07 00:00:00+00:00,0.6151092104888021,0.5319942696317964,1.191833449076184,0.7965196210585964,0.15404217861244107,0.7051654333972394,0.26895562509658394,1.2411701127307753,0.9920323543654209,0.9920323543654209
2025-02-08 00:00:00+00:00,0.6139937140785804,0.5316642947886757,1.1920309127485573,0.7967592517876662,0.15407512525441824,0.7056745256475198,0.2670875182962299,1.2430700285612744,0.9921967148739785,0.9921967148739785
2025-02-09 00:00:00+00:00,0.6155025176934769,0.5311476726916975,1.1936892529393854,0.7993856411760225,0.15346907125125003,0.7068509697908908,0.2654231155711505,1.2454612474406082,0.9935770479441077,0.9935770479441077
2025-02-10 00:00:00+00:00,0.6192695198311894,0.5291723868606162,1.193750107223269,0.7931553034483098,0.15121292615573145,0.7064331484172115,0.26798350392021836,1.2433893233085707,0.9936277005068136,0.9936277005068136
2025-02-11 00:00:00+00:00,0.6162837493978971,0.5341874151325786,1.1958503361981883,0.7908832580273121,0.1496380712487527,0.7077676896586454,0.26461655925282773,1.2551709129299125,0.995375843333574,0.995375843333574
2025-02-12 00:00:00+00:00,0.6183108324903916,0.5322036495187988,1.1953432099325985,0.7975281539128061,0.14878149207174832,0.7069085271144205,0.2662125770704277,1.2523894470456396,0.9949537326237231,0.9949537326237231
2025-02-13 00:00:00+00:00,0.6175197795618652,0.5356726972258761,1.1961819203074822,0.7877264361178815,0.14860117905264877,0.7070125362578482,0.2683437574169139,1.2510773660252965,0.9956518400887147,0.9956518400887147
2025-02-14 00:00:00+00:00,0.6211093034797526,0.5282341126135727,1.1957283692290517,0.7987329254911324,0.1489293024994008,0.7080673125100303,0.2689805067874048,1.257543967258726,0.9952743231256616,0.9952743231256616
2025-02-15 00:00:00+00:00,0.6195753049185998,0.5279953786375886,1.1947140816690818,0.7976687161961574,0.14849497577270948,0.7079511837578858,0.2679092399637955,1.2586406567162813,0.9944300725494586,0.9944300725494586
2025-02-16 00:00:00+00:00,0.6180058332165402,0.5319760093843042,1.194673907582348,0.795858461212578,0.14708084707505967,0.710794432016477,0.26712978311538205,1.2552198890808088,0.9943966333186014,0.9943966333186014
2025-02-17 00:00:00+00:00,0.620529461772759,0.5305547964428851,1.1928275840040632,0.8105721306914506,0.14494865384351607,0.7129166209728478,0.2703753231643936,1.2598549367376404,0.9928598307328826,0.9928598307328826
2025-02-18 00:00:00+00:00,0.6215961175293485,0.5289328033972125,1.1938298147223745,0.8153515647606414,0.1449231039496525,0.7125360220054177,0.27101413855585677,1.2641044754460549,0.9936940456979638,0.9936940456979638
2025-02-19 00:00:00+00:00,0.6203331654029246,0.5368940442147376,1.1950502690344795,0.8027385449923286,0.14400614087697136,0.713678320559051,0.2687730727292373,1.2627859637456635,0.9947099008626024,0.9947099008626024
2025-02-20 00:00:00+00:00,0.617966854403157,0.5348632130978022,1.1934542115980338,0.8036683461045407,0.14367349189007228,0.7136875447052992,0.26833960200212326,1.2592285020794205,0.9933814093543242,0.9933814093543242
2025-02-21 00:00:00+00:00,0.61507532111902,0.5356946776571171,1.194373683772377,0.7981873286946276,0.14339524911098042,0.7160917534347863,0.2659694209272633,1.2600315431642128,0.9941467395660197,0.9941467395660197
2025-02-22 00:00:00+00:00,0.6142212585715974,0.5350614508762626,1.1940511149211086,0.8001033566492944,0.14294598876174713,0.7129370947764552,0.26384183448759313,1.2612064386024329,0.9938782467348973,0.9938782467348973
2025-02-23 00:00:00+00:00,0.6165129784463741,0.540066285517823,1.1876850949671898,0.8070778656487269,0.14153505781326364,0.7182542147234143,0.26392865488831563,1.2573086351640217,0.9885794377715154,0.9885794377715154
2025-02-24 00:00:00+00:00,0.6113539776667769,0.5382776025317023,1.188207024772319,0.8104191944104033,0.14089022369487955,0.7143640167147642,0.26248102004772844,1.2504644326005416,0.9890138703290152,0.9890138703290152
2025-02-25 00:00:00+00:00,0.6105571801509081,0.5325088600130785,1.1875579765605957,0.8201358275490083,0.14359333527353452,0.7157445103040658,0.26221207688064646,1.241125322239877,0.9884736297223502,0.9884736297223502
2025-02-26 00:00:00+00:00,0.610672928840255,0.5325391792241991,1.18793706068447,0.819966651095984,0.14347582408559445,0.7173339389112593,0.26275362384529305,1.2392895246335451,0.988789163504525,0.988789163504525
2025-02-27 00:00:00+00:00,0.6121112641058937,0.5301469582129996,1.1875156965063127,0.8144726685055792,0.14385804431057753,0.7186416822204391,0.25754960935731736,1.2337963161246168,0.9884384375721168,0.9884384375721168
2025-02-28 00:00:00+00:00,0.6172314730425469,0.5360712166307258,1.1874774424269763,0.8111186305193975,0.14230162290252268,0.7227900105834006,0.25990010146153875,1.244780456268716,0.9884065964751769,0.9884065964751769
2025-03-01 00:00:00+00:00,0.6295020508820889,0.5512465044465534,1.1963975036220333,0.7696981123514595,0.1440338600874998,0.7186125171078335,0.2596498360560422,1.2365802626324311,0.9958312826301722,0.9958312826301722
2025-03-02 00:00:00+00:00,0.6288938359739698,0.5427838702768695,1.1876039086283479,0.7806200585167594,0.14445513425068793,0.7236883383009662,0.26174353537077333,1.2297964280328286,0.9885118616559718,0.9885118616559718
2025-03-03 00:00:00+00:00,0.6308177435004071,0.538964107084355,1.1879061642673847,0.7782108990833327,0.1448538724596521,0.7218842848412966,0.2619271643102832,1.2319725346659152,0.9887634466181545,0.9887634466181545
2025-03-04 00:00:00+00:00,0.6342069011927971,0.5415987985459884,1.1896528975767684,0.7737147223378671,0.14290745700343122,0.7242236303123677,0.26513955596739636,1.2343961897264912,0.9902173544260781,0.9902173544260781
2025-03-05 00:00:00+00:00,0.6345608916982657,0.5442723768409176,1.1891308199032373,0.7718861150146549,0.14388408193083144,0.7255236152985459,0.26469271499981734,1.237695525452588,0.9897827987891004,0.9897827987891004
2025-03-06 00:00:00+00:00,0.630070802089356,0.5555329964824567,1.1873530587062997,0.764501149233721,0.14263714194991564,0.7269264684697568,0.26011128690604934,1.2355303421460646,0.9883030646642824,0.9883030646642824
2025-03-07 00:00:00+00:00,0.6267935231297576,0.5630048085529453,1.1868117149729078,0.7583552500669891,0.1405731953875175,0.7312647115084859,0.25902259516379333,1.2336860947801147,0.9878524727642363,0.9878524727642363
2025-03-08 00:00:00+00:00,0.6227759609433889,0.5519678963292064,1.1830297738356594,0.7598315274317786,0.14119007466116604,0.7296010228870605,0.25627481700211335,1.225875820092861,0.9847045430150216,0.9847045430150216
2025-03-09 00:00:00+00:00,0.6252689834901278,0.5499598712565661,1.1794423950792163,0.7626605249781384,0.13966566746500994,0.7329038743225625,0.262006049206746,1.2217736603222855,0.9817185588605132,0.9817185588605132
2025-03-10 00:00:00+00:00,0.6290851190092264,0.554567574052275,1.182008516156264,0.7666260344241321,0.1376644449328916,0.7374772036512368,0.2608788432735914,1.207949268919754,0.9838544908027014,0.9838544908027014
2025-03-11 00:00:00+00:00,0.6329650139726535,0.5581284965288587,1.182835792686941,0.7658219447147088,0.1360198310727902,0.7395365646347328,0.2622880167644097,1.2063085966075264,0.9845430812136141,0.9845430812136141
2025-03-12 00:00:00+00:00,0.6294012369055801,0.5596977383072369,1.1819725001875965,0.7653488585421176,0.13568412329213306,0.7410532263990631,0.2604387077258515,1.2069823991199171,0.983824512615548,0.983824512615548
2025-03-13 00:00:00+00:00,0.6299125732706645,0.5687978696597972,1.1840688917613371,0.7651617263520193,0.1346528792182763,0.7383901343961483,0.258615819864844,1.2105884760189651,0.9855694613499386,0.9855694613499386
2025-03-14 00:00:00+00:00,0.6289155120803999,0.5668132065084189,1.1853877884855901,0.7693852645983826,0.1353259794828878,0.7371911545930182,0.2583230418894605,1.203704010731563,0.9866672558643818,0.9866672558643818
2025-03-15 00:00:00+00:00,0.6273995505378007,0.5661909151230783,1.1836039504289289,0.7701606233404462,0.1350738624685522,0.7360787687146733,0.2579378475861001,1.201239357576425,0.9851824636154916,0.9851824636154916
2025-03-16 00:00:00+00:00,0.6295361869643078,0.5625998372972272,1.1846741828630942,0.7723813481286904,0.13599914177957997,0.7350995435097719,0.26050605435862323,1.2065047494360015,0.9860732803669481,0.9860732803669481
2025-03-17 00:00:00+00:00,0.6251852238600472,0.5617831660742119,1.184354475001483,0.770684945623887,0.13655931034867902,0.7374828036337999,0.26033593628225615,1.2082771946610054,0.9858071689040511,0.9858071689040511
2025-03-18 00:00:00+00:00,0.62626926626284,0.567183619737678,1.1867320133794692,0.7629295847411754,0.13573052630443175,0.7373512421155731,0.2574556892533227,1.2064371233449238,0.9877861324887165,0.9877861324887165
2025-03-19 00:00:00+00:00,0.6262406959074643,0.5616349486973289,1.1852041686013526,0.7697772528147926,0.13520646444003695,0.7376293224911816,0.2564730042973331,1.2032005983043808,0.9865144183465142,0.9865144183465142
2025-03-20 00:00:00+00:00,0.6246607198857969,0.5599329834627296,1.1850105531230348,0.7672917249755035,0.1348111958869436,0.7373061765482755,0.25823288024652546,1.1994331016476232,0.9863532609138662,0.9863532609138662
2025-03-21 00:00:00+00:00,0.6238498620877543,0.5605393987471944,1.185206221502689,0.7650051925733068,0.13440086451167613,0.7381788499381331,0.2567860701955515,1.1998401169766355,0.9865161270957926,0.9865161270957926
2025-03-22 00:00:00+00:00,0.6251482344254301,0.5620142752535144,1.1858935238494712,0.7638550117833094,0.1343652574813353,0.7360930191180395,0.2562647359523908,1.1981576540476953,0.9870882088457784,0.9870882088457784
2025-03-23 00:00:00+00:00,0.624183861307669,0.5627994279399582,1.1874500993397814,0.7581446737481561,0.13469990558054437,0.7377507584169476,0.2564909958667257,1.2009811292260173,0.9883838372321077,0.9883838372321077
2025-03-24 00:00:00+00:00,0.6250656031200015,0.5653271068819049,1.1879134675915786,0.7527135605985796,0.13453384355459572,0.737516013383139,0.2589609124260488,1.1929388855663692,0.9887695255999956,0.9887695255999956
2025-03-25 00:00:00+00:00,0.6255705896678461,0.565125534003554,1.186986385901552,0.7548521610096306,0.13280049256186155,0.7348995979700322,0.25991172004302615,1.192703191251423,0.9879978615454592,0.9879978615454592
2025-03-26 00:00:00+00:00,0.6280271070421881,0.5660658788311953,1.1871888412393168,0.7549366566197785,0.13209373689337553,0.7337269427885007,0.26124596041659776,1.196109702978197,0.9881663769076791,0.9881663769076791
2025-03-27 00:00:00+00:00,0.6281304723637905,0.5680587897228635,1.184614141095694,0.7558849369441171,0.13234548491225767,0.7328874928224496,0.2579769967696278,1.1949759405222296,0.9860233041090067,0.9860233041090067
2025-03-28 00:00:00+00:00,0.6286099207536817,0.5688899613497098,1.1829893219544545,0.7563607809802577,0.13205999186604903,0.7322774461203286,0.2565678985323973,1.193354560864985,0.9846708725596562,0.9846708725596562
2025-03-29 00:00:00+00:00,0.6299915368500233,0.5693658943379919,1.1826330240870169,0.7561541097055384,0.13180726833036963,0.7316425934757773,0.2562048225914799,1.188978415103403,0.9843743051050649,0.9843743051050649
2025-03-30 00:00:00+00:00,0.6288333880158522,0.5671091178153059,1.1824000303690272,0.7564564803299388,0.13144464643276327,0.7320694930451421,0.25549160610017085,1.1898600008508955,0.9841803708713943,0.9841803708713943
2025-03-31 00:00:00+00:00,0.6274258342629772,0.5719363662127487,1.1836635473412696,0.7536389425240084,0.13006260221275698,0.7318981803543458,0.2580644790035186,1.1886374985442787,0.985232069594673,0.985232069594673
2025-04-01 00:00:00+00:00,0.6308206476163868,0.5833940600407208,1.180462996073659,0.7461355647276725,0.12881702538352466,0.7308505144296967,0.2614729325637926,1.1889682128149346,0.9825680644757229,0.9825680644757229
2025-04-02 00:00:00+00:00,0.6302366900533266,0.5794575443327148,1.1814002066617955,0.7478887482737971,0.12850879773030777,0.7303516986461954,0.2591549265587721,1.1869263114461008,0.9833481594017429,0.9833481594017429
2025-04-03 00:00:00+00:00,0.6310584623230697,0.5855285612625245,1.1822371475976494,0.74935380018519,0.12929996509932004,0.7294783486292367,0.2543491374299514,1.18488171316167,0.9840447940596337,0.9840447940596337
2025-04-04 00:00:00+00:00,0.630993742134642,0.5850137767322415,1.181709886710471,0.7480540909096444,0.1295676811544335,0.7295352250624701,0.2544261351742233,1.1849825428805345,0.9836059241322309,0.9836059241322309
2025-04-05 00:00:00+00:00,0.6315509205436735,0.5748490205178226,1.1765481287066544,0.7541793690392032,0.12840616836996258,0.7255715448501032,0.25461253352811225,1.1911513152191935,0.9793094924880613,0.9793094924880613
2025-04-06 00:00:00+00:00,0.6339302969242586,0.5749976510459176,1.1766685169382909,0.7551405773279961,0.12651118923558188,0.722490907933459,0.25628704093118415,1.1921301857617608,0.9794096986208568,0.9794096986208568
2025-04-07 00:00:00+00:00,0.6328822026612134,0.5726756821752564,1.174879845470143,0.7544464555033731,0.126544419792733,0.7228067063913755,0.25584479263617405,1.1945424729970366,0.9779208832422412,0.9779208832422412
2025-04-08 00:00:00+00:00,0.6326611202783844,0.5795944899748221,1.1798471621737396,0.7517087234317603,0.12601958978392674,0.7236725192977291,0.25603265835928735,1.1896312119318524,0.9820554700741239,0.9820554700741239
2025-04-09 00:00:00+00:00,0.6349351613228809,0.5767688319358842,1.1782171469585756,0.7622003126155472,0.12628164102216252,0.7196834817690916,0.25652893809187904,1.1911855792142414,0.980698713529991,0.980698713529991
2025-04-10 00:00:00+00:00,0.6379186123669349,0.5743978142779467,1.1796784973023227,0.7656962340984214,0.1269331059051063,0.7161851341068316,0.25638152848464807,1.187384200249568,0.9819150804839339,0.9819150804839339
2025-04-11 00:00:00+00:00,0.6346544871775138,0.574505973337252,1.1817334101883186,0.7606372982014011,0.12669537023614447,0.7185778779238451,0.25738113452653394,1.1883603718161777,0.9836255040921071,0.9836255040921071
2025-04-12 00:00:00+00:00,0.6348818192017337,0.5741357232130699,1.1806498093020523,0.7601676107590373,0.12635679047410914,0.7184117558347807,0.25590653056614626,1.1889491147226574,0.982723559999811,0.982723559999811
2025-04-13 00:00:00+00:00,0.6338868256281918,0.5733698956755499,1.180856243616984,0.7604766912414606,0.12679095010708905,0.7186915116620812,0.2557567518648373,1.1892903538439363,0.9828953872963365,0.9828953872963365
2025-04-14 00:00:00+00:00,0.6348420439988669,0.5736570778037821,1.179578233149591,0.7622347081008495,0.1265633753608086,0.7181425291515126,0.25405239517224104,1.187713575425398,0.981831624793401,0.981831624793401
2025-04-15 00:00:00+00:00,0.6341460104933252,0.5728864572833249,1.179734400147902,0.7634426139705373,0.12569475993469653,0.71713276892203,0.2547499919454034,1.1870077672481205,0.9819616116763239,0.9819616116763239
2025-04-16 00:00:00+00:00,0.6341056633705683,0.5722753436775639,1.1802083586058045,0.7638259304196103,0.12535887225110728,0.7159826199806415,0.25547892370997505,1.186047588013523,0.9823561148891922,0.9823561148891922
2025-04-17 00:00:00+00:00,0.6339884111985424,0.5739917008185593,1.1803412963167978,0.762448595234283,0.12480449546155126,0.716953349143004,0.25500335404779,1.18627167484377,0.9824667666841413,0.9824667666841413
2025-04-18 00:00:00+00:00,0.6323742074108168,0.5732099565190565,1.1813028213853796,0.7606228707847048,0.1241613181291207,0.7176568544872366,0.2585603894163291,1.1885128117495718,0.9832670999675426,0.9832670999675426
2025-04-19 00:00:00+00:00,0.6343166190060519,0.5716924968412335,1.1812225755444157,0.7621628104289214,0.12397871942864201,0.7153634956462782,0.25861907823605534,1.1867153578607426,0.9832003066831275,0.9832003066831275
2025-04-20 00:00:00+00:00,0.639532877965322,0.5688231905600039,1.1812405322835975,0.7667691041802802,0.12392358340648256,0.7110747280649844,0.2570793441650164,1.1832577933960218,0.9832152531223813,0.9832152531223813
2025-04-21 00:00:00+00:00,0.6373345221720819,0.5693021798691048,1.1841612585295334,0.768727156472031,0.12136043436923431,0.7124482355347681,0.26096353609662326,1.1794756579805719,0.9856463435876293,0.9856463435876293
2025-04-22 00:00:00+00:00,0.6360583076176465,0.5707458591354223,1.184959056320114,0.7652379935790448,0.12035624646022847,0.7137946271104652,0.2603038277801598,1.1822412795222967,0.9863103971272499,0.9863103971272499
2025-04-23 00:00:00+00:00,0.636296430625772,0.5707202573881014,1.1855070647859747,0.7666480022057667,0.11981242282899447,0.7118495113181366,0.25879663938024544,1.1797035963071256,0.986766536472073,0.986766536472073
2025-04-24 00:00:00+00:00,0.636287019949221,0.5699308403051181,1.1853671207614331,0.7643701767920164,0.11979217152637872,0.7115374306452027,0.25856890169954216,1.1810216600526704,0.9866500529145316,0.9866500529145316
2025-04-25 00:00:00+00:00,0.6347760001927464,0.570420663928,1.1855050122023851,0.7606586407467563,0.1188142133073077,0.7133168482450394,0.2579738220705674,1.1818256246649264,0.9867648279872739,0.9867648279872739
2025-04-26 00:00:00+00:00,0.6358659929138419,0.5713317646962259,1.1847516145272328,0.7596606180910046,0.11837527269829358,0.7135651595014975,0.259352420576665,1.182240910000811,0.9861377312481834,0.9861377312481834
2025-04-27 00:00:00+00:00,0.6371752547365137,0.569377753627601,1.1852831111262954,0.7594532110808077,0.11790987495226368,0.7116657033737448,0.2588669299368416,1.1829339710559457,0.9865801268051415,0.9865801268051415
2025-04-28 00:00:00+00:00,0.6361965833187098,0.5710909953701124,1.1846798562124015,0.759103170924243,0.11736807325584804,0.7128598859997962,0.2575347667974447,1.1825011373603787,0.9860780026258138,0.9860780026258138
2025-04-29 00:00:00+00:00,0.6362596688624662,0.5730390833200617,1.1840358257723984,0.7582501974713656,0.1171432656746904,0.7130283095498556,0.2564398488834329,1.182821880216744,0.985541938602628,0.985541938602628
2025-04-30 00:00:00+00:00,0.6368866550666089,0.5677834744794641,1.1852064547700931,0.7598989483074973,0.1171609402240017,0.711772711944817,0.2580807020498785,1.1832414068749553,0.9865163212578317,0.9865163212578317
2025-05-01 00:00:00+00:00,0.6372420289029804,0.5664352474702379,1.1849082890091873,0.7596780493318908,0.11715395605358704,0.7112144991275511,0.2575243533904666,1.1839320251665715,0.9862681405392826,0.9862681405392826
2025-05-02 00:00:00+00:00,0.6362756776092001,0.5672790005402505,1.1844054597711446,0.75960924906562,0.11733808421697313,0.7123279681411631,0.25759880869753865,1.1839103018245607,0.9858496064955822,0.9858496064955822
2025-05-03 00:00:00+00:00,0.6360873789421115,0.5696948835144665,1.1832981493081172,0.7577325937506686,0.11750545682147209,0.7136627680544745,0.25769992661701563,1.1833036807799375,0.9849279275424516,0.9849279275424516
2025-05-04 00:00:00+00:00,0.635838163839242,0.569807015114505,1.1830562439760226,0.7576628646670012,0.11743330256315997,0.7137239910509319,0.25786531273519275,1.1836520014045318,0.9847265756536308,0.9841673183648862
2025-05-05 00:00:00+00:00,0.6381404657977832,0.5670874213922282,1.1839247906853352,0.7587796945371782,0.11669633547665255,0.7103475149695496,0.26016333947111,1.1848698430297837,0.9854495176364922,0.9831302992598399
2025-05-06 00:00:00+00:00,0.6383392406903717,0.5653280672022404,1.1835894924347472,0.7590294087643378,0.11676902690210604,0.7096651504718452,0.25863822210811355,1.184919110695471,0.9851704293853584,0.9827517026834302
2025-05-07 00:00:00+00:00,0.6350855019391103,0.5645586640434367,1.1883102723806385,0.7614425753443885,0.11539560257476315,0.7186092280786519,0.26668102962065765,1.18478849226759,0.9890998093232966,0.9866714354619587
2025-05-08 00:00:00+00:00,0.6333659341550258,0.5667451410441494,1.19032682437229,0.7606096969284615,0.11475863573836084,0.7236235097725106,0.2651440061042013,1.1849065076908871,0.9907783029261813,0.9868790307800712
2025-05-09 00:00:00+00:00,0.6309660640768893,0.5705525932891159,1.1934504221794502,0.7620587859122144,0.11300321870838974,0.7286840882758168,0.2616129261756272,1.1829510497244864,0.9933782552006619,0.9889412290797445
2025-05-10 00:00:00+00:00,0.6315258455584111,0.5709024211405087,1.1920082556131744,0.7616168352143751,0.11237821623895247,0.7273338309084526,0.2622167840580265,1.182805738522078,0.992177856021365,0.9889313877243434
2025-05-11 00:00:00+00:00,0.631336002243997,0.5706641251298492,1.1924107620723745,0.760917958268046,0.11213316811333764,0.7288866226695091,0.26299422015990254,1.182987871677505,0.992512885576608,0.9887118973318497
2025-05-12 00:00:00+00:00,0.6297793818651728,0.5700920820763095,1.1935723661539843,0.7627302416109458,0.11208707108098437,0.7327676557659827,0.2630169183029082,1.182213889413689,0.9934797562688286,0.9893449508431172
2025-05-13 00:00:00+00:00,0.6305855528676282,0.5696874774381588,1.1924314284661743,0.7623019240698343,0.11161168044175745,0.7313708596885693,0.2618289577909438,1.1820983727679835,0.992530087419125,0.9894243107090626
2025-05-14 00:00:00+00:00,0.6315292611421353,0.5693133976393082,1.1903966563631299,0.7610971554243308,0.11111671062194818,0.7288882787850821,0.2649332400620946,1.1837188572680775,0.9908364281569646,0.9879777393803648
2025-05-15 00:00:00+00:00,0.63152239736409,0.5691331126976598,1.190082409831517,0.7613635991414441,0.11116971174787109,0.7289094318179492,0.2641877870326413,1.1836479928384254,0.9905748624769204,0.9879833620317061
2025-05-16 00:00:00+00:00,0.6324603324708816,0.5683822988328584,1.189135633298246,0.7609990649370302,0.11127249364850798,0.7275228040144069,0.262915612366342,1.1841928709936806,0.9897868052579466,0.9875074875397704
2025-05-17 00:00:00+00:00,0.6334231962173508,0.5666152582393381,1.190575141975592,0.7609864013788314,0.11079253786597953,0.7239547403331721,0.2619278631877476,1.1862721808010037,0.9909849921215761,0.9857725925243918
2025-05-18 00:00:00+00:00,0.6337967291131756,0.565282209432136,1.1897051537050227,0.7570871271304922,0.11094613521537171,0.7250836494467058,0.26158098284461095,1.1867986881376398,0.9902608502433697,0.9853113248318656
2025-05-19 00:00:00+00:00,0.6333768523083518,0.5640084676074621,1.18971578528461,0.7562756983343503,0.11106975038205456,0.7227414223260488,0.2614677453600073,1.1871900895694674,0.9902696995259074,0.9849602673425452
2025-05-20 00:00:00+00:00,0.6345895978177707,0.5620534267736996,1.1906832069617146,0.7551390827913581,0.1103871607188903,0.720205452790997,0.2625108122066471,1.190029249454511,0.9910749408998142,0.9826043017335971
2025-05-21 00:00:00+00:00,0.6332751678927204,0.5632682899748218,1.1923662728697106,0.7547850768351909,0.11021245531484661,0.7213252579729053,0.2635650472211179,1.1895387539752826,0.9924758546235862,0.9830038558354487
2025-05-22 00:00:00+00:00,0.6332393873823191,0.5649876943618912,1.1895764600392644,0.7613144715509843,0.10957425160219632,0.722968707510964,0.264192479926218,1.1869567652242956,0.9901537310143087,0.9851331779935287
2025-05-23 00:00:00+00:00,0.6334874977834878,0.5638700611203622,1.1896580733850124,0.7590413712208061,0.10961458471497003,0.7227577597932784,0.26492061921664095,1.188261670457127,0.9902216625525557,0.9840426579941204
2025-05-24 00:00:00+00:00,0.6338246310258365,0.5628103677244942,1.1899796265359104,0.7589659733212568,0.109246293921631,0.7218446791458685,0.26474523232106734,1.1887777217948907,0.9904893099571375,0.9836133658911195
2025-05-25 00:00:00+00:00,0.6338731267369282,0.5614896245489047,1.1897831564682544,0.7583695587598773,0.10927320381635147,0.7216400579199638,0.2650173000897746,1.189748676305375,0.9903257764836222,0.982808055695574
2025-05-26 00:00:00+00:00,0.6264189030155879,0.5623983453998397,1.1902725254519055,0.7587514929655272,0.10882923796756834,0.7251329804809313,0.2652644895871659,1.1894657411486595,0.9907331067740929,0.9830337226979233
2025-05-27 00:00:00+00:00,0.6219588395375223,0.5631953774529835,1.1900007343349492,0.7593506593171164,0.10839669751439256,0.7267991263371816,0.26517335731036484,1.1886002596580616,0.9905068792069284,0.9837405836710384
2025-05-28 00:00:00+00:00,0.6207717172001996,0.5620892135655908,1.1886121791786075,0.7592024681028722,0.10832788568161322,0.7283134634681314,0.2651899178647123,1.188242172433857,0.989351103924753,0.98403275490312
2025-05-29 00:00:00+00:00,0.6150750005004331,0.5575753392618878,1.1857041884829242,0.7583315345896879,0.10826428267615831,0.7285688869954358,0.2637524387454305,1.1875953765765852,0.9869306139992962,0.9845663448031626
2025-05-30 00:00:00+00:00,0.6151845346650372,0.5581141462096677,1.185954231729523,0.7576018748900244,0.10793890196553264,0.7294867118968233,0.26398272816194057,1.1882316373676514,0.9871387395480538,0.9840344208149164
2025-05-31 00:00:00+00:00,0.6156472656604355,0.5585929508485861,1.1861459263911422,0.7578811316306056,0.10762450983750452,0.730430624590462,0.2637847550487293,1.1891651992929377,0.9872982981731558,0.98392368265471
2025-06-01 00:00:00+00:00,0.6148815136599783,0.555048103542148,1.186516634461083,0.7580201481826943,0.10737686789845087,0.7287394776820145,0.2642267993546696,1.1892075453294986,0.9876068600780853,0.9842311898856926
2025-06-02 00:00:00+00:00,0.6148786716216758,0.5546588211475036,1.186485288017529,0.7578346102204375,0.10726298669548721,0.7286040759513157,0.2639438565348165,1.1889130888478041,0.9875807686084894,0.9842051875975308
2025-06-03 00:00:00+00:00,0.6147099776617022,0.5512602889998393,1.18564171213636,0.7589638649981694,0.10737002628766273,0.7273380251234044,0.2621043180503142,1.1898849943462402,0.9868786112994037,0.9830173911797631
2025-06-04 00:00:00+00:00,0.6150369115055954,0.5539893179235338,1.183252839465322,0.7578229601842417,0.10752992216304089,0.729624493412734,0.2610803735457516,1.188247035106126,0.9848902135228804,0.9839799578589676
2025-06-05 00:00:00+00:00,0.6158611315375025,0.5550374621117373,1.1846722751533068,0.7578082530364761,0.10682033679395056,0.7311720424858483,0.2624903051487515,1.1895835280368268,0.9860716924690481,0.9831741338378873
2025-06-06 00:00:00+00:00,0.6149453377626066,0.5557199070089358,1.1853563426111373,0.757670296452372,0.10642835989468766,0.7310442944274599,0.26332995672933535,1.1899335004415281,0.986641081632662,0.9834810518033206
2025-06-07 00:00:00+00:00,0.6133378228037235,0.5562814604230004,1.1858115872918205,0.756918756936326,0.10613695046646136,0.7316095705435971,0.2644924052617397,1.1896191873139883,0.9870200082794518,0.9838587648177883
2025-06-08 00:00:00+00:00,0.6141476246076123,0.5557297958241747,1.1875313924540305,0.7579226668921445,0.10658214532854861,0.7318158311750146,0.2643762323616475,1.1916248905991025,0.9884515022230389,0.9852856739496881
2025-06-09 00:00:00+00:00,0.612621308947225,0.560435966599375,1.1886588960628863,0.7563581752258797,0.10511143063713327,0.7346568604446693,0.2675732446810241,1.1901442023194284,0.9893899891068528,0.9863705234420845
2025-06-10 00:00:00+00:00,0.6126944277976178,0.5594474248229783,1.187624963931085,0.7563187386745287,0.10490116852399131,0.735320912059245,0.26617396512504427,1.1901147578934552,0.9885293872100358,0.9863180399781367
2025-06-11 00:00:00+00:00,0.6122196447493141,0.5600270463580652,1.1854778446280434,0.7565127827756019,0.10450435212071056,0.7345971789526518,0.2642490427191101,1.190022530100434,0.986742214833769,0.9862687433656823
2025-06-12 00:00:00+00:00,0.6138166057613568,0.5587410952020923,1.1844038207961933,0.7749471683626443,0.10405345182192233,0.737183330484592,0.26538046769950113,1.1918211583956722,0.9858482422813283,0.9847005195236721
2025-06-13 00:00:00+00:00,0.6140319478644183,0.5576374599621841,1.1836475816543897,0.7822386278455209,0.10411103097207057,0.7380714889773007,0.26451991408032594,1.1919500768797608,0.9852187804241465,0.9845478245751771
2025-06-14 00:00:00+00:00,0.6137478024470074,0.5608090662058117,1.1842031130546242,0.7790879492770962,0.10366694236105475,0.7369338168721098,0.2636320498497554,1.1911404385627655,0.9856811815451468,0.9852367345657445
2025-06-15 00:00:00+00:00,0.6144213694003337,0.5601024867096761,1.184481992334843,0.7802137266025879,0.10368273137657136,0.7390846070224595,0.26427715573219873,1.1927300760721555,0.9859133090031853,0.9839537324390141
2025-06-16 00:00:00+00:00,0.6137841157197659,0.5596707072840842,1.1833214818047832,0.785324422043631,0.10352203224196377,0.7371346167593429,0.26285209850034297,1.1920067960473344,0.9849473485375737,0.9827212045975423
2025-06-17 00:00:00+00:00,0.6146921001457132,0.5576523976226464,1.1831448770910655,0.7836967923721404,0.10360837798356483,0.736279799689247,0.26105723925702784,1.1927395758839732,0.9848003501544713,0.9818935601946558
2025-06-18 00:00:00+00:00,0.6145050352690599,0.5561359492972118,1.1829923492980163,0.7847213990225937,0.10342040841481445,0.7350241896804404,0.2610784408549256,1.192744431105466,0.9846733923939202,0.9818823748285362
2025-06-19 00:00:00+00:00,0.6148669314401932,0.5559822682515911,1.1816021802349552,0.7802544000525564,0.10320038650781263,0.737319693649842,0.26012019943224873,1.19388062274549,0.9835162737632396,0.9804649960012595
2025-06-20 00:00:00+00:00,0.6087873188743099,0.5556232456095447,1.1802568695389979,0.7803417043403745,0.10284126557314212,0.7396835521635282,0.2597061695783422,1.1939409909607697,0.9823964933626324,0.9793486896265793
2025-06-21 00:00:00+00:00,0.6084707489508594,0.5530563000427686,1.1787927457506182,0.779068922024245,0.10215997649516309,0.7399432641741994,0.2619229628983906,1.1922162884796221,0.981177817909284,0.9781337950128663
2025-06-22 00:00:00+00:00,0.608180684242086,0.5576968777376147,1.1818284343342103,0.7779609025266576,0.10166033276532663,0.7390677856870281,0.2648313145237597,1.1931761576918656,0.9837045982199352,0.9806527361969296
2025-06-23 00:00:00+00:00,0.6084245344338199,0.5582335618120067,1.1823599980593618,0.7781404980569278,0.10136521258383922,0.7390799144466478,0.26528977201648085,1.1934270572460208,0.9841470496498443,0.9810938149579315
2025-06-24 00:00:00+00:00,0.6114701090406194,0.5565251827264239,1.1816774693739749,0.7805451876059943,0.10187446276482266,0.7353690812911855,0.2650381558679976,1.1963158759064738,0.9835789412961049,0.9805274691132958
2025-06-25 00:00:00+00:00,0.6117359695137811,0.5569107270250204,1.180962837558641,0.7806508896411705,0.1018136960334894,0.735299503525254,0.264868336191546,1.196606926015757,0.9829841116386392,0.9800017590074032
2025-06-26 00:00:00+00:00,0.6100380695487736,0.5571350554165689,1.1814431640286591,0.7796190191206193,0.10160749083614466,0.7356537899986264,0.2650609439693191,1.1961552920377876,0.983383915318663,0.9803871912216634
2025-06-27 00:00:00+00:00,0.6084578975339666,0.5583433560024685,1.1821794943577413,0.7781691627581742,0.1006363058677556,0.7365060245366363,0.2657607877774102,1.195295337136519,0.9839968059121568,0.9811316836367348
2025-06-28 00:00:00+00:00,0.6077550306374594,0.5585437129410198,1.182929932644164,0.7777210870585098,0.10078651334484948,0.7374915713381516,0.2662256987635043,1.195240321177662,0.9846214393797466,0.9812190093286024
2025-06-29 00:00:00+00:00,0.6066332360770053,0.5588499247620043,1.1825910393300432,0.7740870281546224,0.10081938127670555,0.7387384757868515,0.2627398775010528,1.1951820144702678,0.9843393587479715,0.9812116120188535
2025-06-30 00:00:00+00:00,0.6081235013861506,0.5583367017440856,1.1810526149002551,0.7768091758120681,0.10031910832683734,0.7375131846924704,0.263005716304079,1.1957040435709057,0.9830588385458586,0.9807041224747906
2025-07-01 00:00:00+00:00,0.6074534882746477,0.5604761313375922,1.1832458582093954,0.7748073714702316,0.09967954405206081,0.7385806745537506,0.26230703929739635,1.1956399484732203,0.9848844026172052,0.9808640781172567
2025-07-02 00:00:00+00:00,0.6094698742453968,0.5607399330536551,1.1836184550758237,0.7750619603309584,0.09916971793799628,0.738350454157159,0.26269099688499653,1.196244842190178,0.9851945366773951,0.9804074035566362
2025-07-03 00:00:00+00:00,0.610170761835084,0.5604296448582595,1.1822655006796374,0.7753154004585994,0.09902275627287276,0.737924931076876,0.26024284299884753,1.196360269571652,0.9840683939801599,0.9802473423971672
2025-07-04 00:00:00+00:00,0.6105771168105031,0.5597327732200258,1.182401043142436,0.774814232618378,0.09911709299588446,0.7378777276923941,0.2604433871253046,1.1965394910520282,0.984181213861655,0.9801172807798376
2025-07-05 00:00:00+00:00,0.6096652218689096,0.5593198643398226,1.1830764816833101,0.7748622665779521,0.09884218053174829,0.7385816618011734,0.2606656879112501,1.1968392979180307,0.9847434206754107,0.9798658712118733
2025-07-06 00:00:00+00:00,0.6096539023681722,0.5595233391723843,1.1827258159105811,0.7742664595642714,0.09852499498528336,0.7386329402867257,0.2601721017315234,1.1967024879956092,0.9844515411410802,0.97994187161682
2025-07-07 00:00:00+00:00,0.6092892531253538,0.5595212913576691,1.1835030142429757,0.7730288970630264,0.09832544780741738,0.7400120114312522,0.26050678250995435,1.196129079541149,0.9850984485525914,0.9804538650557302
2025-07-08 00:00:00+00:00,0.6081536267641114,0.5595267900262675,1.1851586160511713,0.7719598349379156,0.0981245343268524,0.742022084572134,0.26212032870507884,1.1956934261755527,0.9864765023074589,0.9808752817286696
2025-07-09 00:00:00+00:00,0.610239122305339,0.5527346140198135,1.1875703440106957,0.7720991454100888,0.0984983930606522,0.7411206383921187,0.2616908510749725,1.1974951587635918,0.9884839238709586,0.9336727609392186
2025-07-10 00:00:00+00:00,0.6114832789629698,0.5666986298454417,1.189119155739346,0.7691238500149161,0.09869415942021866,0.7395423840960383,0.25201152933728505,1.201300722413446,0.9897730900265423,0.9299863939574676
2025-07-11 00:00:00+00:00,0.6113725375789191,0.5662025572100505,1.188903066074949,0.7670834798783219,0.0986313031874302,0.7392703557979822,0.2513551193043986,1.2011551825971918,0.9895932260206348,0.9313300539753925
2025-07-12 00:00:00+00:00,0.6131590869498624,0.5652251950800689,1.1898535996781578,0.7620094819764963,0.09896028468407389,0.7378963749960361,0.2513911993504879,1.2020748547888223,0.9903844104676106,0.929064704653413
2025-07-13 00:00:00+00:00,0.6131028521156231,0.5649555230476476,1.1900932126617567,0.7625277997810044,0.09889552233283765,0.7385146034107679,0.25131623608308806,1.202267926074847,0.9905838543013445,0.928073752205948
2025-07-14 00:00:00+00:00,0.6074661203886469,0.5689115611481271,1.1909296895346866,0.774836940032546,0.09779305295003524,0.7441047642664341,0.2480231073538498,1.1987241764743384,0.9912801026926512,0.9302295008454213
2025-07-15 00:00:00+00:00,0.6059753287396973,0.5692244670190896,1.1921427825437108,0.7820072852308517,0.09817967547169514,0.7493491846432809,0.24908860946541336,1.1990230658178767,0.992289830616246,0.9290757528727197
2025-07-16 00:00:00+00:00,0.6068092068437057,0.5671098857084771,1.1945099607357996,0.7817624925462889,0.09825280406960295,0.7461505726092088,0.24944633440718544,1.1989814217873496,0.9942601708151392,0.9258393207235531
2025-07-17 00:00:00+00:00,0.6059139071601826,0.5650031564902219,1.1943260810512943,0.7824214961183685,0.0989425326192589,0.7430033814894683,0.24907628535116297,1.1986110958316252,0.9941071170503861,0.9260167819568099
2025-07-18 00:00:00+00:00,0.6063581812661794,0.5652096566640222,1.1954578543079675,0.7745464553285367,0.09867104617660163,0.7425428059510012,0.24865529380528545,1.1975061232352981,0.9950491578106078,0.9185448484007144
2025-07-19 00:00:00+00:00,0.6051219201418921,0.5613370713699936,1.1968201952129436,0.7902225876459227,0.09937442495446765,0.7383660092504539,0.24893523331792722,1.1976283372453909,0.9961831134454822,0.9183288232500652
2025-07-20 00:00:00+00:00,0.6039349313971576,0.5608667437196352,1.1976244812159875,0.7913385159784951,0.09884241480626152,0.7373061213249154,0.25085190367870497,1.1967666112260187,0.9968525675020043,0.9189837044936663
2025-07-21 00:00:00+00:00,0.608021502278731,0.558391986700238,1.198272749387386,0.7744734711021453,0.09876404112076043,0.7401674417781183,0.2509600098792166,1.199225515153786,0.997392158835702,0.9170387783300382
2025-07-22 00:00:00+00:00,0.6084125650857741,0.5594489500095255,1.194768963108739,0.7616293024133894,0.0976284218883575,0.7420646081962464,0.25402958779384316,1.2005909779214194,0.9944757535662462,0.9159891401090721
2025-07-23 00:00:00+00:00,0.6093742212690845,0.5605704335874812,1.1942268644588299,0.7610709757518482,0.09708288149793436,0.740153559116768,0.2538510223179682,1.2002262468670595,0.9940245333052402,0.9162607873343085
2025-07-24 00:00:00+00:00,0.6084287777824626,0.5590214986765479,1.1947452403127574,0.7638164237972112,0.09619919268276769,0.7388040840546517,0.2550842491110435,1.1998137122871528,0.9944560077022849,0.9165659192265541
2025-07-25 00:00:00+00:00,0.6083943324648561,0.5584291406595028,1.19507176554792,0.7634606947481151,0.09609308896144292,0.7388612617766293,0.2556541921598065,1.2001906037815984,0.994727793662017,0.9162701660705163
2025-07-26 00:00:00+00:00,0.6122050410723427,0.5523840590137411,1.1962414937672423,0.7627156936683546,0.09661269959694303,0.7380611055709242,0.2562813671464523,1.2033000393107613,0.9957014265469486,0.9138943242187549
2025-07-27 00:00:00+00:00,0.6115233325190693,0.5533342731347819,1.1945443609030952,0.763316630144474,0.09656547587396495,0.7378185494730533,0.25428473905072235,1.2026516411462445,0.9942888040767572,0.9143718111189835
2025-07-28 00:00:00+00:00,0.6109596548417102,0.5554420470155738,1.1940150623678047,0.7629404877529914,0.09611885776754171,0.7378398289656534,0.2533412062772053,1.2021206629027845,0.9938482380962225,0.914773603167347
2025-07-29 00:00:00+00:00,0.6111957526544951,0.5551962135140881,1.1932284912806812,0.7627366131710508,0.0956807675446572,0.7375795679618953,0.25359291238227055,1.2021192724627692,0.9931935291953776,0.9147667354912384
2025-07-30 00:00:00+00:00,0.6099658350400433,0.554891803556662,1.1918784434416552,0.7634172648529582,0.09598040433491783,0.7374945397672962,0.2527515715717419,1.2013021567890632,0.9920698057948529,0.9153846595544484
2025-07-31 00:00:00+00:00,0.6114180287972496,0.5549702816098783,1.190082272495226,0.7622895595742618,0.09599071862449729,0.7388605384789572,0.2535743902022579,1.1996124886708817,0.9905747481639313,0.9166517737751952
2025-08-01 00:00:00+00:00,0.6101834183668817,0.5564321173338985,1.1889602513393336,0.760432304836843,0.09569963211153956,0.7406037140413442,0.25254566779945364,1.1988757552746931,0.9896408246448436,0.9171975993240599
2025-08-02 00:00:00+00:00,0.6126415203978334,0.5557356764265975,1.1904173074020297,0.7613849218586581,0.09562939675658444,0.7400018447417531,0.25177214508006435,1.199872245473958,0.9908536172187047,0.9164237052791379
2025-08-03 00:00:00+00:00,0.611253086473974,0.5525379918935187,1.1925407335481744,0.7645198869080867,0.09509116886806819,0.7357143712879282,0.2518584296080603,1.198504507689789,0.9926210684013458,0.9177932492143658
2025-08-04 00:00:00+00:00,0.6116070088000048,0.5529177410691329,1.1911702734111194,0.7634945704465969,0.09522810164906612,0.7369887347329257,0.2518577653155115,1.1990919338357668,0.9914803546570047,0.9167385271183212
2025-08-05 00:00:00+00:00,0.6110082628637399,0.5530777075694241,1.1917679325430968,0.7632921393897896,0.09499716685316462,0.7365681354985449,0.251752162807993,1.1996760005810116,0.9919778211413219,0.9160783561993635
2025-08-06 00:00:00+00:00,0.6127600612892207,0.5531112017826082,1.1943057087074054,0.7640206946781787,0.09365323823339744,0.7346680683050948,0.2510044135170281,1.200010365058124,0.9940901599627259,0.9177613283968571
2025-08-07 00:00:00+00:00,0.6098911447467472,0.5537819402607806,1.195508156693731,0.7629778954375899,0.09328053043917385,0.7329029724274561,0.24922654404307606,1.199264936009476,0.995091027414299,0.9186853466387632
2025-08-08 00:00:00+00:00,0.6067541267343057,0.551114150845149,1.1964818977664986,0.7636952446190619,0.09376685847582082,0.7293332987404403,0.24903567640978277,1.1974004168267307,0.9959015287890581,0.9201470732412294
2025-08-09 00:00:00+00:00,0.6079412644555191,0.5499043912730165,1.1965232319455825,0.7647491558354864,0.0932797085323449,0.732609755790884,0.24815221201178647,1.2009231330670316,0.9959359336323054,0.9174474949353844
2025-08-10 00:00:00+00:00,0.6108463582928644,0.5480553130062572,1.1951685167572652,0.7656417791677363,0.09297513055514812,0.7321812576135105,0.24797859912913028,1.2021880412982606,0.9948083253252867,0.9163862236596553
2025-08-11 00:00:00+00:00,0.6088596361654205,0.5439270438793472,1.198438131930858,0.767784350319463,0.09227378842542759,0.727628885362232,0.24811449674782204,1.2001022393972811,0.9975298163532842,0.9181341708224815
2025-08-12 00:00:00+00:00,0.6095650063736437,0.54304426008825,1.199963011961743,0.7670814065756643,0.09202537818948864,0.7288978240169638,0.24761843239889705,1.2022126317463873,0.9987990627637926,0.9164428904989662
2025-08-13 00:00:00+00:00,0.606328649156394,0.5436090986387858,1.1976335152759043,0.7706555925903981,0.09229425858821992,0.7259818902153033,0.2476477192960174,1.1995643425083626,0.9968600870759309,0.9182608094212399
2025-08-14 00:00:00+00:00,0.604654780712977,0.5458374922330682,1.1971184560577448,0.7679043808299059,0.09212534337849985,0.7263376949250419,0.2456358267340088,1.198203417916994,0.9964313733078919,0.9192425515788365
2025-08-15 00:00:00+00:00,0.6051835809150728,0.5464504569889457,1.1975836562071045,0.7678260387777137,0.09193367084759724,0.726930952689999,0.2456230341961394,1.198374794356211,0.9968185864707529,0.9191399442586983
2025-08-16 00:00:00+00:00,0.6054512409979192,0.5396012618666635,1.1988095315748213,0.770343353607971,0.09139924593716287,0.7276008124929347,0.2462302946222034,1.1977523311675524,0.997838953895528,0.9198124282218262
2025-08-17 00:00:00+00:00,0.6068487897801081,0.5393425152259571,1.1976294679639041,0.7708625772243095,0.09163369906946225,0.729224411441036,0.24503959422990182,1.1984840943359656,0.9968567182625657,0.918906999004903
2025-08-18 00:00:00+00:00,0.6063704872153624,0.541106103934024,1.1950058755442061,0.7691110662216266,0.09078120159117012,0.7293822462426357,0.24285253205068819,1.1973573936994322,0.9946729495765756,0.9191504316331959
2025-08-19 00:00:00+00:00,0.6068187002845612,0.5331682393057607,1.1973085733773963,0.7724564905803509,0.09145769177150005,0.7268882604701571,0.24495811377523646,1.1985805639583165,0.99658961901946,0.9206570729382512
2025-08-20 00:00:00+00:00,0.6050394759346442,0.5346705523189281,1.1958600390890195,0.771388502712511,0.0915836692976738,0.7265569402706348,0.2432404053461556,1.1968184103735364,0.9953839196144036,0.9195432386538898
2025-08-21 00:00:00+00:00,0.6142398550637614,0.5320513963088819,1.2000753517508433,0.772259510244987,0.09219747191082858,0.7218324473849138,0.24577709930072,1.199785532507906,0.9988925697093786,0.9227845563083746
2025-08-22 00:00:00+00:00,0.601293408629947,0.5330187910652843,1.2000341918359712,0.7631253103862868,0.0927919155086021,0.7206792971992678,0.243634692952558,1.196376680165259,0.9988583099163783,0.9227529068509238
2025-08-23 00:00:00+00:00,0.5999496798400578,0.5311883145336918,1.1994456801265332,0.766668576994025,0.0924666866837364,0.7177283491899924,0.24458531553335988,1.1944466496273844,0.9983684573642974,0.9223003773361031
2025-08-24 00:00:00+00:00,0.5949710100097969,0.5340060531262092,1.1954791742075512,0.7651638272582205,0.0920843479875775,0.7193809349768048,0.24462877418640286,1.1936598707127146,0.9950669036040283,0.9192503768513818
2025-08-25 00:00:00+00:00,0.5954541112590545,0.5334566631986235,1.1972036779685986,0.7646443214286608,0.09170950369246525,0.7175436439354563,0.24455780579723238,1.194456330373976,0.9965023084649255,0.9205764147836404
2025-08-26 00:00:00+00:00,0.5932045174626884,0.5329383641007254,1.196893440441827,0.7643012546954322,0.09190432859343414,0.7178490134775359,0.2436941318896174,1.1934125679697463,0.9962440797129684,0.920337861097762
2025-08-27 00:00:00+00:00,0.5922036297158881,0.5327006512224817,1.1979150005000496,0.7754653955526766,0.09159768555070848,0.7198532834466626,0.24350771439915592,1.194336432901603,0.9970943836127875,0.9211233783102387
2025-08-28 00:00:00+00:00,0.5913225645234136,0.5308893504289485,1.1959610205832067,0.7751786534087164,0.09160546982019986,0.7169624315982636,0.24247689779852288,1.1926821901976106,0.9954679723899855,0.9196208872475162
2025-08-29 00:00:00+00:00,0.5912868033806489,0.5315969347728525,1.1960392296299367,0.7745172460221188,0.09139703978829763,0.7175422044828994,0.2425953348774208,1.1930442313163994,0.995533070332001,0.9196810252216697
2025-08-30 00:00:00+00:00,0.5912333893423671,0.5311097227583893,1.195512435682431,0.7743907001922122,0.09131049209547074,0.7165746106768908,0.24246773969874189,1.1928075330128918,0.9950945890656675,0.9192759528914983
2025-08-31 00:00:00+00:00,0.5915630360695885,0.533230582139176,1.194967870637307,0.7724831367569867,0.09155742347602139,0.7189313294468824,0.2423271865003572,1.194090150146058,0.9946413158803595,0.918857215674029
2025-09-01 00:00:00+00:00,0.5882371261985755,0.5331531634101946,1.196543233445483,0.7717774739779294,0.09075669444661405,0.7205882799011923,0.24204011827610675,1.1938027205648793,0.995952582044928,0.920068573334068
2025-09-02 00:00:00+00:00,0.5878036713850984,0.5323602527357133,1.1969920817823154,0.7707115183406001,0.09056404224247566,0.7194631410219938,0.24142610390184996,1.1933917189352443,0.99632618464241,0.9204137102563031
2025-09-03 00:00:00+00:00,0.5890758789409051,0.5338864995198419,1.195573016894878,0.7695164910130255,0.09061973103380759,0.7206564518209752,0.24056043693579285,1.1944363145874364,0.9951450143351216,0.9193225361390978
2025-09-04 00:00:00+00:00,0.5884186836785739,0.5335911010874974,1.1959827570021149,0.7690773809459954,0.09044258937976482,0.7204321147009005,0.24097967571170384,1.1943755518399368,0.9954860648766846,0.9196376012243916
2025-09-05 00:00:00+00:00,0.5895294869869653,0.5351475857244268,1.1957440139068616,0.7693583741922684,0.09012175746500396,0.7205554630826277,0.2413049388172442,1.1952188217030857,0.9952873451016554,0.9194540223841934
2025-09-06 00:00:00+00:00,0.5888706396425445,0.5348354983926926,1.1966808000709779,0.7692357821996735,0.09068767763264121,0.7212673103615291,0.24083817963035364,1.1967562867295787,0.9960670867548583,0.9201743536563495
2025-09-07 00:00:00+00:00,0.5859822514883275,0.5339718310178494,1.1974920804840623,0.7689668879831041,0.09047054138445333,0.721844460725854,0.2408697507540378,1.195840260012266,0.9967423626659905,0.9207981786811178
2025-09-08 00:00:00+00:00,0.5843294320069421,0.5314874381948569,1.197730244544161,0.7703619537730452,0.09042215996815893,0.721377260779789,0.24093311312009114,1.194820217244162,0.9969406004763558,0.9209813122786925
2025-09-09 00:00:00+00:00,0.5797518304246976,0.5257495495515838,1.199305159110506,0.7714048989905415,0.09077958620897021,0.7232809510406494,0.24336234649170393,1.1946954663819542,0.9982514935431569,0.9221923252681752
2025-09-10 00:00:00+00:00,0.5821961258652748,0.5278783305157481,1.1998278347356934,0.7699675029327679,0.09029335613502532,0.7234951098363779,0.24478154439905733,1.195881518288805,0.998686546890104,0.922594230860335
2025-09-11 00:00:00+00:00,0.5851843710104498,0.5313691321921188,1.2009747239984168,0.7700836869372046,0.08949223639245249,0.7200401546729522,0.24694974977872683,1.1962098026617074,0.9996411695820395,0.9234761185667135
2025-09-12 00:00:00+00:00,0.5816121345936368,0.5295012363785675,1.2017467271623063,0.7712297852422757,0.0889650220284515,0.7181648845431963,0.24674364289268325,1.1969320890119934,1.0002837527524018,0.9240697417888047
2025-09-13 00:00:00+00:00,0.5835583934676539,0.5291866620826863,1.20054082200811,0.7707808390682466,0.0889100580497189,0.7180856542380438,0.24645737584295535,1.1973572353938495,0.9992800076987737,0.9231424744709305
2025-09-14 00:00:00+00:00,0.5849920130647446,0.528856405588764,1.1998178185631694,0.7706140679672112,0.08846145379636108,0.7172126506581362,0.24647634837108948,1.1976504929710594,0.9986782098466874,0.9225865290361913
2025-09-15 00:00:00+00:00,0.5876234682922762,0.5250392207673185,1.2003570063749907,0.7715513877684911,0.08742250718811223,0.7150028374895531,0.2484043430646012,1.201403632759694,0.9991270072477176,0.9230011314900893
2025-09-16 00:00:00+00:00,0.5855929588454515,0.5248963267624153,1.2016608562205806,0.7726943407587373,0.08713830442528675,0.7168166889379218,0.24924909617068675,1.2008637785364247,1.000212277369195,0.9240037122859537
2025-09-17 00:00:00+00:00,0.5786560477182452,0.5257671391611255,1.2026186370899945,0.7748059716641502,0.08659923822134484,0.7159779476124318,0.2530162752016649,1.198382943287146,1.001009494137685,0.9247401872025773
2025-09-18 00:00:00+00:00,0.5815204593745273,0.5233942592738935,1.2010846817384584,0.7752238630866589,0.0867188102170463,0.7157758614739741,0.25282542639552524,1.1996054074163227,0.9997326938095391,0.9235606693444703
2025-09-19 00:00:00+00:00,0.5872832223634772,0.5185151598928501,1.2011293595779062,0.7762807156655479,0.08532937826860172,0.7155651753765827,0.25567549341675067,1.2036489781377284,0.9997698817759363,0.9235950238707853
2025-09-20 00:00:00+00:00,0.5890936333932858,0.5173647724239118,1.2007407003613737,0.7761756173441322,0.08538441944507234,0.7158884609614131,0.25633861461080143,1.2039462393600353,0.9994463780867913,0.9232961687012663
2025-09-21 00:00:00+00:00,0.5839395834135372,0.5190249963110927,1.1978739562743141,0.7781932501511883,0.08473883434834759,0.7161148731606397,0.2616276637946744,1.1987516194215786,0.9970602201145904,0.9210918178106599
2025-09-22 00:00:00+00:00,0.5865100104973424,0.5162738376328126,1.197378166649285,0.7787830358453979,0.08527795654660382,0.7161505579650687,0.2621239842097318,1.2002425298831927,0.9966475455505657,0.9207105859084402
2025-09-23 00:00:00+00:00,0.5890515319913491,0.5183255665091989,1.1974002983720167,0.7779880205189854,0.08457116200034497,0.7170295553004851,0.263635561286322,1.2022979373105545,0.9966659670716469,0.9207276038497815
2025-09-24 00:00:00+00:00,0.5857021260687952,0.5266036145923376,1.1941901665100523,0.7744815682696399,0.08380955303865315,0.7170582736973251,0.2592251600195485,1.1986654366604375,0.9939939874663452,0.9182592087597461
2025-09-25 00:00:00+00:00,0.5856697451440378,0.5287998075505804,1.1956183469407484,0.7731398929093449,0.08346739376930944,0.7152332320433087,0.25886698119089796,1.2257288518396803,0.9951827451708888,0.9193573921722672
2025-09-26 00:00:00+00:00,0.5858814426385965,0.5282248653797199,1.1953758199079636,0.7729466040861126,0.08329220466769735,0.7152659265746523,0.2593046336531477,1.2249344016131725,0.9949808758043952,0.9191709037155092
2025-09-27 00:00:00+00:00,0.5813544273611397,0.5284124605957163,1.1968093943848224,0.773723123331301,0.08337480058678332,0.7163268463053362,0.25885064267143537,1.22919169455666,0.9961741232875386,0.9198001406733014
2025-09-28 00:00:00+00:00,0.582333419136788,0.5283016283670775,1.1971480866520507,0.7759582609905675,0.08387847468783563,0.717740103325929,0.26075787006477597,1.2329630034462358,0.9964560365762825,0.9197196926480704
2025-09-29 00:00:00+00:00,0.5822073394050683,0.5296173220854369,1.1965943569840238,0.7752312997937572,0.08379932182200986,0.7183889067033788,0.25976673429813785,1.2323797806022265,0.9959951351418743,0.9192942848929512
2025-09-30 00:00:00+00:00,0.5833214791611158,0.530324655781431,1.19878871947259,0.774480782914839,0.0839820574144308,0.715200280744636,0.2591614705971054,1.2354774694603687,0.9978216307714027,0.9209801234421207
2025-10-01 00:00:00+00:00,0.5847635137571087,0.5273360319302417,1.2003617035016327,0.7758130382029256,0.0828326273592396,0.7149015533069747,0.2605537987832585,1.2397771212180035,0.9991309169396337,0.9221885824488735
2025-10-02 00:00:00+00:00,0.5920692339927802,0.5229061808767638,1.2006302717351465,0.7807511180408012,0.08283866440338089,0.7132664365243178,0.26491202569961503,1.2462692616493418,0.9993544619133101,0.9223949123891176
2025-10-03 00:00:00+00:00,0.5922852340826026,0.5226614332627695,1.1996085014204667,0.7796849370990094,0.08259757117173955,0.7125355426660758,0.2650637239312155,1.2465553378590335,0.9985039830048031,0.921311152385754
2025-10-04 00:00:00+00:00,0.5944332002255653,0.5210877755160968,1.199568418027244,0.7806395233949072,0.08287600164351536,0.7118328709092183,0.2664195434160495,1.2481959695592104,0.9984706192634342,0.9200361333603021
2025-10-05 00:00:00+00:00,0.5952260180230962,0.5198443184705406,1.2009640202352128,0.7803866481612075,0.08194965635303227,0.7116006558538079,0.2693725018143502,1.2497224010164856,0.9996322602168762,0.9188843505871874
2025-10-06 00:00:00+00:00,0.6018410114192008,0.5150243548862476,1.198431847810307,0.7840439387730389,0.08220016993796496,0.712322731359586,0.2744436639027466,1.2523555428642494,0.9975245857139617,0.9168890368655565
2025-10-07 00:00:00+00:00,0.6009803059195987,0.5150107928687301,1.1994628864020014,0.783036111786196,0.08201720094935415,0.711357899836,0.27383530439965836,1.2526012930396793,0.9983827791489194,0.916758054673801
2025-10-08 00:00:00+00:00,0.600538696865639,0.5171002002667856,1.1985264389951957,0.7810667829268165,0.08195317552476572,0.7111018797363947,0.2744576020098978,1.251061133714976,0.9976033194631446,0.9181338501808537
2025-10-09 00:00:00+00:00,0.6158061952391922,0.515497599706431,1.1870264790919745,0.7835497542346863,0.08201766555156983,0.715068513607298,0.28643840140912874,1.2434994480044168,0.9880312334416093,0.9090231079714094
2025-10-10 00:00:00+00:00,0.6135588278160008,0.519347977691124,1.1870489863417866,0.7824957702181856,0.08127356977110885,0.715811753585482,0.2907034703709825,1.2430840606984508,0.9880499675357386,0.9088248321247167
2025-10-11 00:00:00+00:00,0.6195259988116363,0.5107935061917706,1.1910737794236406,0.762634937873661,0.08077790614233671,0.71680836285042,0.2912135285742742,1.2492794238823237,0.9914000370944677,0.9045848366469962
2025-10-12 00:00:00+00:00,0.6172802435478775,0.5140712073338581,1.1927051986230042,0.733314596232211,0.08063632128500708,0.7180890800636643,0.29044392174526473,1.2467338217660986,0.9927579622563736,0.9016209022658731
2025-10-13 00:00:00+00:00,0.6157312175863782,0.5180296003657996,1.190880159021097,0.7362084477459229,0.07981617608440048,0.7188084393202864,0.292262217674645,1.2435116103426473,0.9912388755630998,0.899260739439685
2025-10-14 00:00:00+00:00,0.6151719773147694,0.5200309057912331,1.1892210751256922,0.7356043982573619,0.07966633564256066,0.719279954565988,0.29122811764594914,1.24213691393022,0.9898579234643616,0.8976921998725769
2025-10-15 00:00:00+00:00,0.6159435207882354,0.5181047694010436,1.1876922435475321,0.7352948466656735,0.0797721501344976,0.7206278571326898,0.2897168644243325,1.2404893204274672,0.9885853879510431,0.8965381502081878
2025-10-16 00:00:00+00:00,0.6042128912477379,0.5190299265573388,1.1862960085330039,0.7343521796290876,0.07990376944011093,0.7184063187242101,0.2883080147327469,1.2379598139963608,0.987423220275867,0.8954841920266962
2025-10-17 00:00:00+00:00,0.6033473471850948,0.5188764801679078,1.1870528382891536,0.7346644315062162,0.07985767318119062,0.7179709768673435,0.28804825221080443,1.2384715549413117,0.9880531737357476,0.8955651262436863
2025-10-18 00:00:00+00:00,0.6036657258288971,0.5195172341506908,1.1878889367761443,0.7348565642500291,0.07961998950148175,0.7184408906773593,0.28913868773258056,1.235681852261198,0.9887491071744118,0.8965085417138822
2025-10-19 00:00:00+00:00,0.603458300261903,0.5209763248936127,1.1886908239958,0.7337918920909735,0.079320293995267,0.7213938824371955,0.2935232210431206,1.2345646845322786,0.9894165645838907,0.8972717690938484
2025-10-20 00:00:00+00:00,0.6024398226154535,0.520116753277699,1.1873121723803857,0.7391217562952539,0.0790732669593148,0.7203804647177656,0.29569609843654,1.2311637487217173,0.9882690325952984,0.8959093594406704
2025-10-21 00:00:00+00:00,0.6030609749480115,0.5205457703924219,1.186413376113159,0.7385537788387035,0.07898302189250751,0.7192588075939723,0.2956125635291046,1.2322417692425751,0.9875209121446072,0.8966856396340339
2025-10-22 00:00:00+00:00,0.6034499661937861,0.5234453396649746,1.1875066287837375,0.7407621365342992,0.0786321271360892,0.7207576049198046,0.2958147920038367,1.2355521780030219,0.9884308899788012,0.8971943996961402
2025-10-23 00:00:00+00:00,0.6033359120582977,0.5225643125924259,1.1883922559383355,0.7401430301954084,0.0780611170648774,0.7201346750590178,0.2946220884471201,1.2343835951405149,0.9891680490104989,0.8966709263093634
2025-10-24 00:00:00+00:00,0.6034823901098791,0.5232684115786517,1.1887017917113931,0.7404083534377197,0.07788956612429568,0.7193326535878307,0.2947241115136373,1.23351358469876,0.989425693651992,0.8973413990144855
2025-10-25 00:00:00+00:00,0.6041904819880601,0.5258443345812965,1.1902288103942822,0.7403531939876209,0.07788587402642444,0.7191373893588184,0.297330215911382,1.2353239305437516,0.9906967201870508,0.8981678249178485
2025-10-26 00:00:00+00:00,0.6045099437483287,0.5244890922970977,1.1896833511727738,0.7412417425729324,0.0779611573062253,0.7191235308429857,0.29598700793900723,1.2358131776420473,0.9902427027266894,0.8977562116899673
2025-10-27 00:00:00+00:00,0.6041594071207631,0.5229898391894096,1.1884943670376278,0.7410694567253917,0.07775319716026273,0.7181556433467807,0.2951082602130798,1.2352871210532366,0.9892530420221619,0.8968589831191245
2025-10-28 00:00:00+00:00,0.6023905350358705,0.5284607337096952,1.188466454838654,0.7378922998572136,0.07752920592826097,0.7203193977974665,0.2972439753382256,1.2314564268181232,0.9892298090742321,0.8968379200774454
2025-10-29 00:00:00+00:00,0.6032134581314615,0.5258379485777759,1.186102037433832,0.7400341350977987,0.07724668471949427,0.7204648748181545,0.2960879354477157,1.2325311282434508,0.9872617668392819,0.8950536886598044
2025-10-30 00:00:00+00:00,0.6024282725802282,0.5227798729001538,1.1867214820436307,0.7407961147815013,0.07710139542608258,0.7199625982030597,0.29580299542900534,1.233465156953494,0.9877773666448872,0.8955211325772943
2025-10-31 00:00:00+00:00,0.6012936348599286,0.5237620845417404,1.1872823771943284,0.7394215043269334,0.07691939613962101,0.719091580234828,0.29821477661703116,1.2311015395039355,0.9882442323276134,0.8959443940318227
2025-11-01 00:00:00+00:00,0.60187758610709,0.522984172091225,1.1874427435767942,0.7392224949316099,0.07680064586888521,0.7179534087528084,0.2981265362545342,1.2292235957462494,0.9883777146024078,0.8953644597979904
2025-11-02 00:00:00+00:00,0.6040098430816544,0.5225523819720249,1.1812865321045825,0.7333347714761034,0.07685338505454742,0.7189809812963036,0.29979713444660677,1.2246149445291754,0.9832535414509632,0.8904048178805629
2025-11-03 00:00:00+00:00,0.5968730892238678,0.520720471630484,1.1791225205173859,0.7309589353490338,0.07671837770842271,0.7193444400404596,0.2988925285914305,1.219575333429579,0.9814523086433216,0.8887736756548437
2025-11-04 00:00:00+00:00,0.5960172484985502,0.5196331800703644,1.1809638694796933,0.7317076773338497,0.07671383628327945,0.719413168128904,0.2953331875171887,1.21613927778575,0.982984970566598,0.8901616081698424
2025-11-05 00:00:00+00:00,0.5856508215551997,0.5184617199357233,1.1797665456991562,0.7298899969128403,0.07686176917317629,0.7196924430166363,0.2948090995392949,1.2180221258775386,0.9819883682897743,0.8883136611455797
2025-11-06 00:00:00+00:00,0.5797196252056571,0.5174702475164263,1.18415692713062,0.7199251805241406,0.07581534190538114,0.7184169225062474,0.2962009505708886,1.2156278276143195,0.985642738312191,0.8900459645994544
2025-11-07 00:00:00+00:00,0.5770554765402033,0.5165313162496845,1.1838883480633786,0.719198579512077,0.07579622062452701,0.7164624416812799,0.29638807827257363,1.2162399733391112,0.9854191843209723,0.889577380080084
2025-11-08 00:00:00+00:00,0.5791780777771166,0.5180691956264094,1.1847808989574806,0.7188681036465959,0.07611369418091532,0.7156707261207811,0.2978693382602531,1.2150876309961054,0.9861621063840788,0.8903989904544185
2025-11-09 00:00:00+00:00,0.5798140063479068,0.5223375910490742,1.1853200589172206,0.7187782644437264,0.07505716838544775,0.7171829849473527,0.30187324544555855,1.2146014298493,0.9866108806022004,0.8907020316183087
2025-11-10 00:00:00+00:00,0.5803974981668069,0.5225031681316651,1.182663404011542,0.7182920820709636,0.07501726270782631,0.7166677400065399,0.30076439368556834,1.2152802343047306,0.9843995920846146,0.8901891287346698
2025-11-11 00:00:00+00:00,0.581126656580706,0.5248016053655755,1.182040883874776,0.7166539147125367,0.07485841771905004,0.717923066274144,0.3017446304925895,1.2169399463222061,0.9838814323388929,0.8889666952153809
2025-11-12 00:00:00+00:00,0.5784358664586159,0.5225366925269133,1.1804343966157618,0.716846397163416,0.07486207242974892,0.7180430647794035,0.3009612136441218,1.2176869899568719,0.9825442594821878,0.8883995408276274
2025-11-13 00:00:00+00:00,0.5748579486144587,0.517220424802489,1.1787824457206388,0.7181233819129912,0.07526208307812612,0.7133081525544582,0.3041313909960751,1.2225561062387669,0.9811692445947847,0.8848411428444056
2025-11-14 00:00:00+00:00,0.5754597965097761,0.5175530029330943,1.1795058442093505,0.7107091791582562,0.07512094767597254,0.7135293430482904,0.305546104803992,1.2214260507303176,0.9817713712647965,0.8856277504891009
2025-11-15 00:00:00+00:00,0.5778898452421074,0.5178767638781839,1.1783551779705168,0.7092641663285117,0.07499902558375512,0.7135371694307103,0.30564561439266297,1.2215322699474553,0.9808136047757927,0.8855462195669386
2025-11-16 00:00:00+00:00,0.5779570380866783,0.517646709624084,1.1767583649046298,0.708768712753595,0.07474465428279169,0.7122805875881518,0.3063023472548197,1.222910005354793,0.9794844843131465,0.8845252461284325
2025-11-17 00:00:00+00:00,0.578319559976145,0.5160207540271126,1.1781711760610012,0.6984723717257608,0.07469781702624087,0.711152609971272,0.30510319829319016,1.2233328257857528,0.980660449276049,0.8842052237045922
2025-11-18 00:00:00+00:00,0.577511991152001,0.5153668374197472,1.1768994062169245,0.6953651773844101,0.07470570097559401,0.7116734971471529,0.30487500000229995,1.225265484280043,0.9796018812071562,0.8827734525813116
2025-11-19 00:00:00+00:00,0.5767535618622681,0.5115145374648018,1.1741394407108372,0.6929862172624137,0.07486190815144766,0.7082698651429127,0.30599002366890266,1.2326098813811777,0.9773046012633072,0.8774719831999779
2025-11-20 00:00:00+00:00,0.5777570144378114,0.5111972530717065,1.1719980732777684,0.692010757103518,0.07486404570691035,0.707207829159028,0.3049221700283959,1.2333951351007157,0.9755222165032258,0.8768844972720656
2025-11-21 00:00:00+00:00,0.5781874099064724,0.5110199141323887,1.171800920651859,0.6920089041057842,0.07484310961357372,0.7064932520048887,0.30476202982179235,1.2336305687806648,0.9753581148967455,0.8766963091914742
2025-11-22 00:00:00+00:00,0.5819556374888053,0.5130086829250913,1.1724404649452673,0.6923331847103946,0.07475867074788946,0.7083953276728853,0.3065386002279625,1.2304563802634398,0.9758904448389892,0.8789449034208646
2025-11-23 00:00:00+00:00,0.5822353917155962,0.5132940224632406,1.174476374943254,0.6931662713311316,0.0748396938052729,0.7062333754097113,0.3053971798120157,1.2303732815689743,0.9775850512373451,0.8789904673150715
2025-11-24 00:00:00+00:00,0.5825027355369264,0.5114846765038674,1.1744115705188702,0.6931248033715609,0.07469640080253269,0.7046543274717054,0.3070508967895681,1.2321661485260391,0.9775311107427697,0.8777009021638736
2025-11-25 00:00:00+00:00,0.5847563638264304,0.5145122076118206,1.1757136345916952,0.6906294538571741,0.07453236861632322,0.7079647992236533,0.3065766109689054,1.2276986910217074,0.9786148944616276,0.8808778708253481
2025-11-26 00:00:00+00:00,0.5857851886955909,0.5161498523427125,1.1755424876227756,0.6896104905142398,0.07427328166294175,0.7095114986540707,0.3065642706092225,1.2255890981743338,0.9784724388772073,0.8823708180436762
2025-11-27 00:00:00+00:00,0.5875175699668534,0.5150076381437424,1.174768899437345,0.6903268198122832,0.0741980024914859,0.7087040025002691,0.30735041278425773,1.2252324718088807,0.9778285364011552,0.882621691508501
2025-11-28 00:00:00+00:00,0.5881057900729931,0.5165868360231065,1.1742646427650303,0.6901942446823953,0.07413281649322408,0.7094995883766513,0.30617189680403867,1.2247784335085687,0.9774088142208214,0.8829461603822469
2025-11-29 00:00:00+00:00,0.5877096790334051,0.5196526723732287,1.1737462206995106,0.6950672488230506,0.0740994262490122,0.7093656566408515,0.3062574717820134,1.2248316024627177,0.9769773013591785,0.8829051070769419
2025-11-30 00:00:00+00:00,0.5862311769428632,0.5160722043050714,1.1705442255715315,0.6938341635015735,0.07358543425882338,0.7073873490452189,0.30764992417743364,1.2291587800124382,0.9743120944311989,0.8797750715302853
2025-12-01 00:00:00+00:00,0.5862259659272305,0.525185115349964,1.1742970602978615,0.6916846546606009,0.07434841068580027,0.7106873014702755,0.31013150441286236,1.2256069393193447,0.977435797220369,0.8822892965813218
2025-12-02 00:00:00+00:00,0.5881584799473775,0.5276019027876917,1.1766558553117321,0.6920753091804996,0.07410278840369001,0.7100984374865049,0.31147770739252173,1.2244653037836695,0.9793991596120599,0.8830876211248468
2025-12-03 00:00:00+00:00,0.5870282546380552,0.526470782067376,1.1753074444585734,0.6945808341540121,0.07411166189839649,0.7096693428610341,0.31021758526138127,1.2255251915951209,0.9782767987701589,0.8823179376671091
2025-12-04 00:00:00+00:00,0.5882034127202895,0.5249163026283392,1.1730968071289782,0.7052667149416023,0.07399340985405775,0.7081232003558537,0.3085396475579105,1.2268907864467802,0.9764367566431098,0.8813287859583204
2025-12-05 00:00:00+00:00,0.5886775602273904,0.5220618617543566,1.1733633107898263,0.7048430590960544,0.07369669895589012,0.7077119777657047,0.30906417847004575,1.2270486039078565,0.976658583152781,0.8812077105262244
2025-12-06 00:00:00+00:00,0.5895089400490301,0.5227216376626195,1.1733487943270504,0.7041923505968879,0.07320078596091263,0.7086225776375427,0.31057007457103986,1.2250055769920303,0.9766465002558329,0.8826729291367902
2025-12-07 00:00:00+00:00,0.5879996002667459,0.5236912928985973,1.1740763277217272,0.7027735188136129,0.07289758181487743,0.707154154998582,0.3105782597581692,1.22616272102571,0.9772520686487657,0.8818328997607345
2025-12-08 00:00:00+00:00,0.5831157335266841,0.5250213389611185,1.1762125876371794,0.7004726142102929,0.07294000739746677,0.7064501162993961,0.31117145538505125,1.2273998053263304,0.9790302021246345,0.8809385313592629
2025-12-09 00:00:00+00:00,0.586051006069321,0.5216200025229809,1.1751732701841093,0.712826938771288,0.07289172353369866,0.7057260974258638,0.3119496208211169,1.2269273415725472,0.9781651177114548,0.8812633169645552
2025-12-10 00:00:00+00:00,0.5932677225222706,0.5242673355569156,1.1740000714695422,0.7104060343160765,0.07238589608230962,0.7084872109014904,0.31040253642390786,1.2235905758490855,0.977188596131319,0.8836450084725922
2025-12-11 00:00:00+00:00,0.5944869555449905,0.5277622073784745,1.172773221617103,0.7089032300378116,0.07206337886555214,0.7079400734334795,0.308531902969937,1.2249755302708256,0.9761674175861862,0.8826228217230405
2025-12-12 00:00:00+00:00,0.5939942700542066,0.5276389203991639,1.1730893035969423,0.7106347646520029,0.07186479992654858,0.7071848439700842,0.3086827734216763,1.2249748324336298,0.9764305110166277,0.8826146086118858
2025-12-13 00:00:00+00:00,0.5933259688779129,0.526919526961619,1.1717516429059895,0.7085408084496314,0.07188470652061955,0.7053621560460235,0.3081710773603794,1.2269136058973844,0.9753170981604803,0.8812156095058058
2025-12-14 00:00:00+00:00,0.5919347396039577,0.526922950097597,1.1704526036505016,0.7001660847025214,0.07143612114144342,0.7050924776192364,0.3085025593546701,1.228862447991607,0.9742358321731616,0.8797882662346775
2025-12-15 00:00:00+00:00,0.5945535165432335,0.5281327948961323,1.1707688601447641,0.6982177992466281,0.07096413924841324,0.7069435125066752,0.30886665674242403,1.2258111635964575,0.9744990708621157,0.8819658575054216
2025-12-16 00:00:00+00:00,0.5922964258469785,0.5274234964664883,1.1687774944806102,0.7083191375985901,0.07103684752591509,0.7075463981795599,0.30839167364918324,1.226342743113708,0.9728415413056627,0.8815598617111706
2025-12-17 00:00:00+00:00,0.5950982720185582,0.526378902991166,1.167500342280406,0.7079506159613567,0.07093381674157073,0.7069538958628543,0.3080156739163956,1.2257694044436764,0.9717784931884668,0.8819314758247319
2025-12-18 00:00:00+00:00,0.5942345848742995,0.5281425151523502,1.1699991436245962,0.6853918410998825,0.07053446799325913,0.7071745794820442,0.3074864456977681,1.2243012107093916,0.9738583909984251,0.8829646584002833
2025-12-19 00:00:00+00:00,0.5955148184485239,0.5285709281329188,1.16998607917584,0.6838094558246209,0.0705563524056247,0.7074103489367213,0.30757127633195686,1.2235352845565626,0.9738475166972649,0.8834855914046887
2025-12-20 00:00:00+00:00,0.59715268547663,0.5276299925823381,1.1697793212529024,0.6841714576214047,0.07032826213039027,0.7076263790183019,0.30822643958324253,1.2222838736097812,0.9736754200429593,0.8843878801231733
2025-12-21 00:00:00+00:00,0.5959900380549109,0.5264741540125394,1.169825543518738,0.6854485444415105,0.06976348307226853,0.7073358228274719,0.31123877230549407,1.2227511534873226,0.9737138935253377,0.8840438634465284
2025-12-22 00:00:00+00:00,0.5959194808098607,0.5247705852782584,1.1691260561397299,0.685297318752463,0.0696250272812874,0.7066328451305876,0.3110413112455009,1.2239938077948416,0.9731316694637592,0.8831415335076863
2025-12-23 00:00:00+00:00,0.5969640063548,0.5241528896976094,1.1687665921315913,0.6855620713803793,0.06919977263542748,0.7074964814510735,0.31042242027042677,1.2228181603594046,0.9728324666459663,0.8839874654849382
2025-12-24 00:00:00+00:00,0.5967782559723187,0.5223140568380662,1.1681298049934143,0.685847408507042,0.06926766057964051,0.7079765601427077,0.30804790113049535,1.222606453982121,0.9723024316445114,0.8841375034743523
2025-12-25 00:00:00+00:00,0.5982534829495603,0.5215855294534469,1.1685200000989566,0.6860320904931929,0.06869450925399391,0.7073384865256104,0.3094937286458615,1.2229762656075762,0.9726272137434808,0.883867446431729
2025-12-26 00:00:00+00:00,0.5917149730442461,0.5229069459254484,1.1702197882954075,0.6825680055274301,0.0687246730474078,0.7074357103030151,0.30640659389266645,1.224997475111212,0.9740420464013114,0.8824031780630754
2025-12-27 00:00:00+00:00,0.5915021957970065,0.5247926994337436,1.1701365743224201,0.6823348346852771,0.06849084882332863,0.7077301615329713,0.306081463067221,1.224402480557322,0.9739727825678431,0.8828189078108841
2025-12-28 00:00:00+00:00,0.5964928918202249,0.523795404259198,1.1692099416401702,0.6841805804846858,0.06839674976776636,0.7068817347920613,0.30752460748516014,1.2238868489063182,0.9732014922486153,0.8831880460904091
2025-12-29 00:00:00+00:00,0.5984475798464985,0.5243238292659637,1.1696307021687355,0.6856981098265882,0.06834771281864853,0.707966921330475,0.30853880082004614,1.2216043776852983,0.9735517157283307,0.8848100405337305
2025-12-30 00:00:00+00:00,0.6003979567346517,0.521835724869438,1.168881947175869,0.6868958578809933,0.06893270690675266,0.7072710730269717,0.3100286366336366,1.2215019249630856,0.9729284833639495,0.8848606072605494
2025-12-31 00:00:00+00:00,0.5909330293629076,0.5228331103258448,1.1710144827132545,0.6843065875308316,0.06871453819509457,0.7080505925505869,0.30819399179537965,1.2229915857995834,0.9747035168231635,0.883774621755116
2026-01-01 00:00:00+00:00,0.5884797005097124,0.5289104305129496,1.1733415460290448,0.6797799331367338,0.06827584370202772,0.7066549614312568,0.30439976028147114,1.2250230554153188,0.9766404670754913,0.8822999589972697
2026-01-02 00:00:00+00:00,0.5889823549478524,0.5269031177320462,1.173288951472204,0.6804794451831332,0.06840235650357412,0.7074782856698627,0.30579735373262124,1.2235408963830399,0.9765966895643885,0.8833547673109313
2026-01-03 00:00:00+00:00,0.5889408561984872,0.5267777814931459,1.1739538666406149,0.6786626804144112,0.0689054722478748,0.7078948601588844,0.30606126465079225,1.2224939230774396,0.9771501371626945,0.8841063293035148
2026-01-04 00:00:00+00:00,0.5894505658022932,0.5241592447569445,1.175693086893299,0.6784037245701058,0.06893417258973547,0.7083144761860531,0.30552637859573095,1.2202316135883822,0.9785977914162044,0.8857346934311093
2026-01-05 00:00:00+00:00,0.5896516755236136,0.5246784835339812,1.1760440594548034,0.6785422155443719,0.06829554669674946,0.7072807170148395,0.30764522555343493,1.2208952592366282,0.9788899263086901,0.8852474614050806
2026-01-06 00:00:00+00:00,0.5888568713676617,0.5266928032534293,1.1742250077283365,0.6770500085359122,0.06787359841058709,0.7068135552488835,0.3074454219965111,1.2230007412275032,0.9773758236726898,0.8837192224423112
2026-01-07 00:00:00+00:00,0.5885890426397695,0.5266843866469683,1.1737682244480467,0.6766602352205626,0.06783765716314795,0.7079226774527932,0.3073138944404213,1.2230463519000303,0.9769956163598881,0.8830477290855175
2026-01-08 00:00:00+00:00,0.5888158501008534,0.5265249274465955,1.17347983576192,0.6766012705307475,0.06779658778297695,0.7076387959648485,0.3072343642952943,1.2231838196502005,0.9767555736697854,0.8828307688977446
2026-01-09 00:00:00+00:00,0.5890964444818967,0.5257282500061256,1.1734392179563087,0.6765996409387491,0.06765709306914887,0.707456239200188,0.3068039156622222,1.2230128307051273,0.9767217651058782,0.8826103979002525
2026-01-10 00:00:00+00:00,0.5892401274333887,0.5248343615182304,1.1734812841631777,0.6774740661023407,0.06710323668631843,0.7081687254269644,0.3072558782089175,1.2226595309647261,0.9767567792584612,0.8827208773887615
2026-01-11 00:00:00+00:00,0.5887220713822762,0.5246063349203343,1.1727703926875939,0.6746784273622235,0.06708243056477572,0.7093551635329746,0.30921755049089245,1.2211492370204253,0.9761650629034887,0.8836458149983283
2026-01-12 00:00:00+00:00,0.5893482639630099,0.5195685610986704,1.1759727260755446,0.6753678642637592,0.0673583541826856,0.710938040104666,0.3073544475111287,1.2181749636774095,0.9788305513849324,0.885915444208191
2026-01-13 00:00:00+00:00,0.5910931298219033,0.5159897174040732,1.1756746343218694,0.67427766759754,0.06759855145912426,0.7080052375306081,0.30935899741912143,1.2148917532456698,0.9785824322669091,0.8882800994071464
2026-01-14 00:00:00+00:00,0.5919604856148646,0.5149403853564044,1.1739343316780841,0.6737687237656738,0.06760670669654799,0.7084681457244927,0.31096042298860926,1.2150613447384666,0.9771338770762817,0.8881457108343259
2026-01-15 00:00:00+00:00,0.5918522760884509,0.5164727994872934,1.174088765593803,0.6670861940593221,0.06741710079558053,0.7082678103816546,0.3113603667064881,1.2150062167511329,0.9772624214136832,0.8879345154971013
2026-01-16 00:00:00+00:00,0.5915662239551938,0.5159118240949674,1.1743352795706423,0.6665356861986256,0.06770355646525414,0.7091119787103024,0.31009378049716024,1.2158878449531039,0.9774676093457868,0.8877649478962991
2026-01-17 00:00:00+00:00,0.5928327240650691,0.5152758124108391,1.1724676902111177,0.6668682640661076,0.06720353839346131,0.7103162901544112,0.311690891493828,1.2157535958821208,0.9759131060124956,0.8860702282494073
2026-01-18 00:00:00+00:00,0.5923235421013029,0.5157142388342153,1.171485403358157,0.6666296620823345,0.06728100460614124,0.7102412092697782,0.31074192975792464,1.2162925535064544,0.9750954914874459,0.8853278835833018
2026-01-19 00:00:00+00:00,0.5898006591193516,0.519243401020532,1.168660363769819,0.6653588707649386,0.06721496251890402,0.7087966825658876,0.3097723813195753,1.2209320752783268,0.9727440465970824,0.8831929134738896
2026-01-20 00:00:00+00:00,0.5889913860067871,0.521163298673779,1.1698509977068838,0.6650763590640483,0.06721490366352859,0.7076549443684077,0.30793653779000535,1.2211305844314508,0.9737350805277791,0.8840927124987877
2026-01-21 00:00:00+00:00,0.589682655775428,0.5201181647385031,1.1694367387363511,0.6650949448392333,0.06709777063307532,0.7066661745981911,0.30803567239001234,1.2200037832393809,0.9733902686732595,0.8837796441356773
2026-01-22 00:00:00+00:00,0.5898348085269995,0.5200901021848364,1.1693513120727759,0.6651095709212683,0.06697619045030978,0.706709168806474,0.30805837320238455,1.2197092138587395,0.9733191630886177,0.8831234191929211
2026-01-23 00:00:00+00:00,0.5895070289050066,0.5195311571419712,1.1692956499532121,0.6639599806786417,0.06678688558445348,0.7071706067326577,0.3077421822899142,1.2204457999732141,0.9732728322665026,0.8825898127095831
2026-01-24 00:00:00+00:00,0.5893462911154701,0.5173854552007374,1.1673120697342447,0.662988553479516,0.06689211346609264,0.7078873997607522,0.3051590391119108,1.2221604750328725,0.9716217829892565,0.881347377578906
2026-01-25 00:00:00+00:00,0.5899436611070223,0.5183988031235973,1.168709101914553,0.661306777047881,0.06682777739136682,0.7082275496388526,0.30774982383209903,1.2209284631988473,0.972784614191913,0.8822138500879546
2026-01-26 00:00:00+00:00,0.5899452895225171,0.5190873866082817,1.1695183889405498,0.6607928437322917,0.06682849050396646,0.7092434780652686,0.30879633651250404,1.2202718289578198,0.9734582308909402,0.8826840546111102
2026-01-27 00:00:00+00:00,0.5903763477287022,0.5194885443889595,1.1689483187678458,0.6603650570008147,0.06678181518127421,0.7091241219002233,0.309688770666164,1.2192438134371775,0.972983728303335,0.8834174235692992
2026-01-28 00:00:00+00:00,0.5905894509548864,0.5161079276408763,1.1658389739215365,0.6589018340133266,0.06612586770938719,0.7057265306528406,0.30851206022106004,1.2243400828831825,0.9703956395978124,0.8797112198021636
2026-01-29 00:00:00+00:00,0.5894336629337686,0.5173184161957108,1.1646668799568796,0.6592310307672703,0.06583389931150287,0.7021649137857902,0.30830391536771884,1.2230517685619968,0.9694200375653326,0.8806173973982283
2026-01-30 00:00:00+00:00,0.5884881051062912,0.5132583756467393,1.1605315952490278,0.6566161477665508,0.06622305314326843,0.6989183525766294,0.30982068298184856,1.2302079917093278,0.9659779993947465,0.8754511795227541
2026-01-31 00:00:00+00:00,0.5865499784686483,0.5117118770107176,1.1587127664909596,0.6559474586450824,0.06687261157419738,0.6961831606509188,0.3114353820658223,1.231450493469516,0.964464082348323,0.8745367647472517
2026-02-01 00:00:00+00:00,0.5859317621128877,0.5129369885626229,1.1601985933556203,0.6560221368155588,0.06666636867270258,0.6964146558499343,0.3110136485887888,1.2298512364836685,0.965700822535361,0.8756638778155832
2026-02-02 00:00:00+00:00,0.585847830951195,0.5101133461072869,1.1586747143175682,0.6680513962154387,0.06730684771420682,0.6976733812576662,0.31131731867620405,1.2340620871942407,0.9644324093094538,0.8726624977253153
2026-02-03 00:00:00+00:00,0.57514181337497,0.5057102046922936,1.157044268358542,0.6716219885536961,0.06679110084397864,0.6991729377974581,0.3121902967288895,1.238810106979278,0.9630752942321316,0.8692834263551239
2026-02-04 00:00:00+00:00,0.5735379476279685,0.4957661681890986,1.1472413265690722,0.6638159215018554,0.06838450067757253,0.7079218530286021,0.30850198992344574,1.2626197434111754,0.9549157351673538,0.8525509989770773
2026-02-05 00:00:00+00:00,0.575886340857681,0.504437333655755,1.1522910737009577,0.6654327883692615,0.06713987509270687,0.7114347680398542,0.30975807235171043,1.2520618694855936,0.9591189336428434,0.8595090162844212
2026-02-06 00:00:00+00:00,0.5760959326139677,0.5023264054841918,1.152043352573356,0.6639113415722585,0.06731021206609132,0.7088761740975712,0.3108806876976793,1.2544254545995506,0.9589127409288938,0.8578252243370211
2026-02-07 00:00:00+00:00,0.5755925386527652,0.503521234204206,1.1518184012375572,0.6646328798669078,0.06744066049910817,0.7106178992446457,0.3120961763320466,1.252484142797767,0.9587255008380545,0.8591451394178098
2026-02-08 00:00:00+00:00,0.5757781902286231,0.502825816026432,1.1518097084555279,0.662608244166071,0.06745465117514009,0.7095095489400438,0.3125191026838823,1.2532031942606385,0.9587182653295787,0.8586449384598516
2026-02-09 00:00:00+00:00,0.5752051513828834,0.5016830548759617,1.1506050734386475,0.662633748958751,0.06750461752311178,0.7102367586675044,0.30975617917929127,1.2541707239828233,0.9577155774851713,0.8579816162780836
2026-02-10 00:00:00+00:00,0.5746340525273664,0.5000739974833611,1.149554828732621,0.6623791543629481,0.06744601728023322,0.7098543298284582,0.308431745582693,1.2562225764193775,0.9568413976832981,0.8565747454097246
2026-02-11 00:00:00+00:00,0.5744479442135789,0.49965662446354897,1.1499412603696944,0.662852330767663,0.06702395281432931,0.7080740657194845,0.31049681786105854,1.257840309321536,0.9571630472283955,0.8554674493512752
2026-02-12 00:00:00+00:00,0.5746458057995287,0.5022939796913832,1.1514360191303632,0.6628993407504598,0.0662830544136888,0.7094999152680214,0.31252488095824577,1.2551200416601584,0.9584072219523925,0.85730668154572
2026-02-13 00:00:00+00:00,0.5736802633864154,0.5017047000134593,1.1530561585790577,0.6639344699684087,0.067024293610042,0.7092071596969938,0.31307681324918085,1.2559413154604857,0.9597557583212404,0.856735077159642
2026-02-14 00:00:00+00:00,0.5726306300741612,0.5019899394955418,1.1518163763793774,0.6637586589982922,0.06679628072942975,0.7119892969990761,0.3096375413050696,1.2562477546778577,0.9587238154307278,0.8565206331789774
2026-02-15 00:00:00+00:00,0.5734697602556854,0.501207311815894,1.1521523334153647,0.6635442732000052,0.06684353189316274,0.7109532670804493,0.31004215709483696,1.256317489899915,0.9590034520272963,0.8564682651859672
2026-02-16 00:00:00+00:00,0.5724537535847862,0.49986696852160206,1.1516002424450325,0.6618333471026931,0.06681920562725023,0.7127008038206952,0.30959427347130386,1.259102602191501,0.9585439145763656,0.8545555142968452
2026-02-17 00:00:00+00:00,0.5714172644523569,0.500562789909379,1.1505612791986242,0.6612569684917512,0.06656962644545852,0.7130299609077607,0.3073378866353137,1.2596959552532172,0.9576791249900082,0.8541455737558059
2026-02-18 00:00:00+00:00,0.5684522175901724,0.5015707207522611,1.1505423273360007,0.6609782429133376,0.06631711125931868,0.7138774651063321,0.3078813213694163,1.2583747169266994,0.9576633502515893,0.8550396537152248
2026-02-19 00:00:00+00:00,0.5668791633595266,0.5025610833632861,1.1517130945196283,0.6626509714843823,0.0654643686717035,0.7157702510437564,0.31068220509338257,1.2565180541119128,0.9586378479269887,0.856296572852071
2026-02-20 00:00:00+00:00,0.5674667594214359,0.502707991873956,1.1515641740049625,0.6581778057179613,0.0653514369436495,0.7151534776978926,0.3104729237786374,1.2566725514712134,0.9585138927142097,0.8561784059704957
2026-02-21 00:00:00+00:00,0.5671301041568159,0.5046040870032166,1.1506805098898913,0.6555624387693977,0.06475696142930946,0.7139915221950696,0.3084681611039347,1.2563860461978424,0.9577783676345757,0.856373466894086
2026-02-22 00:00:00+00:00,0.567403352086008,0.5030993796732453,1.1488680057712735,0.6576452581950046,0.06475325070302268,0.7161305055951579,0.3076539840234138,1.2606322844425961,0.9562697149537139,0.8534762153502783
2026-02-23 00:00:00+00:00,0.567250541725905,0.5017667526257872,1.1486367264650592,0.6562734076723585,0.06483656352393037,0.7172951059243071,0.30811221848595627,1.2625040602847277,0.9560772077247571,0.8521950505577419
2026-02-24 00:00:00+00:00,0.5668927666717267,0.4997472544422105,1.153844246964868,0.6570211158834027,0.06471969085020977,0.7177344962309242,0.30674255757045576,1.2593979077565105,0.960411730158102,0.8542865374784364
2026-02-25 00:00:00+00:00,0.5673954001746567,0.5007247775324822,1.1528804828448596,0.6561598316811287,0.06452507639074909,0.7178224939084623,0.3071152276957613,1.2590462585247075,0.9596095331818667,0.8545127948513669
2026-02-26 00:00:00+00:00,0.5670506675443293,0.49754109800283847,1.1514620391679389,0.6437869905839556,0.06397142813874254,0.7184899480853707,0.30554884013095795,1.2600270766040855,0.9584288799442512,0.8538463316762034
2026-02-27 00:00:00+00:00,0.5669045261642809,0.49535887558865876,1.1522581590903758,0.6439397749263555,0.06421880720907454,0.7195159606257181,0.30554758888486805,1.2591580650668597,0.9590915368965498,0.8544313895333643
2026-02-28 00:00:00+00:00,0.5674529330777446,0.500525424461475,1.151213686030398,0.6413828591685354,0.06363566977731702,0.7177110936867276,0.30812747240358596,1.2605284577339502,0.9582221611716413,0.8534978891049134
2026-03-01 00:00:00+00:00,0.5685854811031655,0.5050888168697469,1.1522426869071938,0.6387168438971035,0.06394601195461126,0.720216352954783,0.3112042972438444,1.2552834618678468,0.9590786584978767,0.8570439081530877
2026-03-02 00:00:00+00:00,0.5688266851437465,0.502084581038986,1.1517661247426583,0.6376477889947705,0.06417804042066999,0.7208705107604286,0.31202841904182205,1.2552454655290803,0.9586819880684201,0.8570526369906318
2026-03-03 00:00:00+00:00,0.5699092809884159,0.49818569390427825,1.153719555520744,0.6347592507360523,0.06466110269735828,0.7171676038776928,0.31372910155054834,1.249320127204607,0.9589544261107094,0.8610972411793414
2026-03-04 00:00:00+00:00,0.5689687099036694,0.4973204316848286,1.1529248461390127,0.6353961245075965,0.06476815626027788,0.7182537621783599,0.31294846984012686,1.2516197885558054,0.9576118165614997,0.8594875990555173
2026-03-05 00:00:00+00:00,0.5688549130188449,0.49987837570197735,1.1513843934123054,0.6351833575113979,0.0647988362016439,0.7200846705501946,0.31216793092197787,1.2550639545284108,0.9557473391599651,0.8571188343027301
2026-03-06 00:00:00+00:00,0.5694635509530085,0.5000590145603472,1.1509636920102468,0.6350614874593479,0.06484970809082326,0.7217370458429675,0.31110262521110477,1.2563043984640323,0.95502286923543,0.8562568141753911
2026-03-07 00:00:00+00:00,0.5691763404078702,0.4990628138643139,1.1503053542634787,0.6347017777761679,0.06509787015915548,0.7232042397126158,0.30949279199279617,1.2581618894724407,0.9538242394061827,0.8549852838926044
2026-03-08 00:00:00+00:00,0.5686431553564845,0.49943741290568083,1.1515869626641717,0.6355402298263753,0.06451843138912676,0.7252624830486707,0.31114764992786226,1.254396115709599,0.9562508153149157,0.8575407554199539
2026-03-09 00:00:00+00:00,0.5661407818694034,0.501239217006061,1.152263662188438,0.6350131829646924,0.06426841711255064,0.7263282752207383,0.31198497619981685,1.2525506109203381,0.9567997550877881,0.8587898151124245
2026-03-10 00:00:00+00:00,0.5655464586236839,0.5005928535390667,1.1524827633426484,0.6342942997445681,0.0642463242958209,0.7256683470524705,0.3127155099057734,1.2519015143330232,0.9574710730844923,0.859229148950221
2026-03-11 00:00:00+00:00,0.5636677920748938,0.49942891372425124,1.1526556951011644,0.6343799485059056,0.06430530425623868,0.7257572073142765,0.3131433063187574,1.2516467571197,0.9576427651631246,0.8593970067466211
2026-03-12 00:00:00+00:00,0.5630028217349237,0.5001295215468443,1.1527142209551489,0.627541131600537,0.064644677481374,0.7262546402433315,0.31672985273924925,1.251586934096898,0.9591656795787641,0.8594362497597758
2026-03-13 00:00:00+00:00,0.5633390084626253,0.4985908513184707,1.1527482575871864,0.6264945581369398,0.06461249792628303,0.7257773313900613,0.31677750554799694,1.2510917216031427,0.9595633210264675,0.8597753634692042
2026-03-14 00:00:00+00:00,0.5638869057857432,0.49554076450108697,1.1539415388411456,0.6260525854506631,0.06485473472627425,0.7260467723225058,0.31749111456619955,1.2500521295768623,0.9597682537487654,0.8604887118871448
2026-03-15 00:00:00+00:00,0.5503282008094202,0.50077387708241,1.1565150122994967,0.6269558730097032,0.06459429143167016,0.7290480616692925,0.31365681932503564,1.2499190876892476,0.9453259150696464,0.8605783689267998
2026-03-16 00:00:00+00:00,0.5491047484559016,0.5033417029156521,1.1558579299640297,0.6258190690194185,0.06424799565673635,0.7292390389158186,0.31365370641171225,1.2510144398268233,0.9457134181654853,0.8598220805653682
2026-03-17 00:00:00+00:00,0.5489798261539582,0.5054887086031936,1.153924625878307,0.6252097290409292,0.06377462892715038,0.7270003797700761,0.3128629475287958,1.2532557991255375,0.9430242503353838,0.8582795314416544
2026-03-18 00:00:00+00:00,0.5485441365700001,0.507595629710252,1.1531774407623985,0.6171160585647026,0.06388021269765166,0.7270065451437443,0.3121810738479433,1.2548055395636573,0.9425372557151158,0.8572128022716109
2026-03-19 00:00:00+00:00,0.5486661790404216,0.5069389657595863,1.153387474840448,0.6161816969599999,0.06360998388178599,0.7279332022811171,0.31238012401217324,1.253800096006068,0.9419813911120206,0.8578922177988422
2026-03-20 00:00:00+00:00,0.5428691075314489,0.5048735696212437,1.1524508982422097,0.6165922075375019,0.06388639433041723,0.7270391852466809,0.31070008683938594,1.255517260112084,0.9411034889272852,0.8567021227307821
2026-03-21 00:00:00+00:00,0.5420991672529524,0.5028572835681624,1.1515451752149017,0.6161259951896618,0.06358969581523118,0.7265384153084892,0.30905938042156733,1.2563396308730628,0.9400326520320753,0.8561365817957911
2026-03-22 00:00:00+00:00,0.5425028449973792,0.5122957368386639,1.1527479609362683,0.6156029746308442,0.06221800949976259,0.7278792506777747,0.3160590926390426,1.2537902836526715,0.970598073826712,0.8578701835997217
2026-03-23 00:00:00+00:00,0.542409725856388,0.5155397082253294,1.1528331758293446,0.6133813363974443,0.061893150056580255,0.7275122087321856,0.3174581771636215,1.2545164179403332,0.967824678816332,0.8573536599837409
2026-03-24 00:00:00+00:00,0.5423611149821821,0.5119980912994072,1.1530293722762142,0.6122499743181277,0.06196443248389213,0.7286602010237997,0.31938162392581276,1.253397562862852,0.9662731590274624,0.858098626577092
2026-03-25 00:00:00+00:00,0.5442539490019097,0.5136432328881771,1.1509389463384445,0.6116465390294488,0.06179526974283742,0.7280230541151488,0.31807745253143416,1.2551749419537763,0.9661220324421653,0.8568726440865736
2026-03-26 00:00:00+00:00,0.5425329747061746,0.5164067650532881,1.149669357638658,0.6111248549115276,0.061306513077339225,0.7258516019168282,0.31783547866986733,1.2579022202004226,0.965709025860208,0.8549839669194469
2026-03-27 00:00:00+00:00,0.5422871544197748,0.5165811039255557,1.1495518023489169,0.6107552292649705,0.06123542825788431,0.7251146285227854,0.3176372608933163,1.2578515182758008,0.9657699439929092,0.8550130856938224
2026-03-28 00:00:00+00:00,0.5425622355893567,0.5160025982652922,1.1492886256135675,0.6107263559327079,0.061295574482270895,0.7246179653795616,0.31588438179784106,1.258222474830104,0.967164459620151,0.8547602902680111
2026-03-29 00:00:00+00:00,0.5431855437811974,0.5164674714686753,1.1496501670822648,0.6106891417721821,0.060982260403056834,0.725150884732112,0.31698795041489003,1.257473912910097,0.9664079331025021,0.8552601733019402
2026-03-30 00:00:00+00:00,0.5447213745010621,0.5165991163114496,1.150189923988908,0.6118402640491786,0.06115688725672111,0.7245175285176885,0.3173287249085109,1.2553550307740848,0.9657903007468138,0.8566868155922097
2026-03-31 00:00:00+00:00,0.5440569636240807,0.5138088718386249,1.1504730167586636,0.6118570678197687,0.061182797836234946,0.7227009587047183,0.31660193470939274,1.2566050575719399,0.9684653140311381,0.8558124922951256
2026-04-01 00:00:00+00:00,0.5439135248063827,0.5132466032261985,1.1491293175897592,0.6113246530972652,0.06101669050402023,0.7238833860596853,0.3168122836044887,1.257553464700269,0.9662269367454702,0.8551403828882644
2026-04-02 00:00:00+00:00,0.543081584820442,0.5147877367005244,1.1495683510134402,0.6102939505127188,0.06084953040771834,0.7242659825758745,0.3180010732528778,1.2578964095291838,0.9664029494597435,0.8549035206733188
2026-04-03 00:00:00+00:00,0.543381496481717,0.515137059991686,1.1496857804152179,0.6098970139020433,0.060630495261651186,0.7245750850025985,0.317903314359802,1.257215136598275,0.966567953108148,0.8553643995280287
2026-04-04 00:00:00+00:00,0.5473905265157528,0.5158235619479731,1.1501604562174386,0.6102121905333262,0.06053202030789195,0.7265326766939614,0.3196226305337053,1.2543627418449692,0.9672036646257296,0.8573035086352326
2026-04-05 00:00:00+00:00,0.5471971130862677,0.5155038051282479,1.1499337664189873,0.6100261811677863,0.060345141749269096,0.7260385250445519,0.3188209149795112,1.2539151522350231,0.9686445072355359,0.857597776906272
2026-04-06 00:00:00+00:00,0.5474640428291839,0.5135968756345759,1.152018826335895,0.6094201390298055,0.06045210237462665,0.7265579967947221,0.3202678529524159,1.2518935695963354,0.9702890889790754,0.8589789275738112
2026-04-07 00:00:00+00:00,0.5480540178668201,0.5112370242738333,1.1506605675264392,0.6102478352146464,0.060529570937929135,0.7267296245578739,0.31834814880177936,1.2515097912823474,0.9680416174279876,0.8592353481797883
2026-04-08 00:00:00+00:00,0.5478253864175999,0.5101848734885923,1.1511086044218504,0.6104896337694881,0.06035582897850482,0.7281993846813148,0.31844471220276727,1.250643622888967,0.9690272392571779,0.859827364019181
2026-04-09 00:00:00+00:00,0.5512762270713393,0.508336232654366,1.1515320703512804,0.6114367492125181,0.060368915986979216,0.7282472025262255,0.31774184178472736,1.249434936855646,0.9693276534773662,0.8606555237926368
2026-04-10 00:00:00+00:00,0.5510080586700833,0.5077576307704368,1.151504823667063,0.6119878544132916,0.06011835399750294,0.7289693314433155,0.31736816081011704,1.249393791982472,0.9680578683008833,0.8606807178863979
2026-04-11 00:00:00+00:00,0.5507990412215005,0.5093739562743637,1.150040541810021,0.6106864873744323,0.05996300104991142,0.7298532363684953,0.31371871828680864,1.2512730895842197,0.9559491277453944,0.8593756120650765
2026-04-12 00:00:00+00:00,0.55037148251668,0.505181966154115,1.15180834531576,0.6133508621096017,0.060008892308592555,0.7281514446231087,0.31816539112255615,1.2493368757193035,0.9579910302582025,0.8607005391950356
2026-04-13 00:00:00+00:00,0.5548311336583217,0.5048056221954111,1.150601328306257,0.6134390318701254,0.05991025396961322,0.7281330969264016,0.3181775224975144,1.248226897954699,0.9579200534613979,0.8614381451253613
2026-04-14 00:00:00+00:00,0.5534987237779947,0.5025939196355945,1.1513280790956812,0.6133713608065239,0.05974883951943917,0.7277530155773309,0.31780116401075537,1.2482561200071765,0.9615858074366389,0.8614120127900872
2026-04-15 00:00:00+00:00,0.5554447925063035,0.5152286969718961,1.1532442258004287,0.6098695392645442,0.05945427023666714,0.7242947977491103,0.316250951139877,1.2480390525271576,0.9596450778534062,0.8615614891620813
2026-04-16 00:00:00+00:00,0.5558201582003794,0.5126995769819016,1.153567013630142,0.6112516729975972,0.05943865740002368,0.7238335306371656,0.318816248183855,1.2450450588137323,0.9578392880258348,0.8636125610390643
2026-04-17 00:00:00+00:00,0.5560773787265682,0.5140557975442703,1.1523708479377333,0.6108505594498442,0.05922652680958912,0.7234761335896918,0.31708897202537795,1.245123716267829,0.957056033656182,0.8635436594169279
2026-04-18 00:00:00+00:00,0.5559011632307145,0.5165732890496869,1.1511853750996628,0.6103904308395521,0.05900984881174356,0.7230878016354956,0.31554292535909356,1.2464257398294831,0.9564649183855701,0.8626157093818148
2026-04-19 00:00:00+00:00,0.5570221548076977,0.5138693247954181,1.1521231518389958,0.610960231923247,0.05868578429695936,0.7214958381242619,0.31688053553297885,1.243977991367359,0.9559636581169143,0.8642825679340637
2026-04-20 00:00:00+00:00,0.5573469674845165,0.513667933532144,1.1524682568636122,0.6109424036251299,0.05859538440363939,0.7211075951463669,0.31711018816372494,1.243639138046521,0.9560482095647728,0.8645112908207453
2026-04-21 00:00:00+00:00,0.5635192903600034,0.5112065539727944,1.1525618510892308,0.6119120514626253,0.058702661215805245,0.7194758036751374,0.31764396203637174,1.2402298370051947,0.9524948929464929,0.8668540402307232
2026-04-22 00:00:00+00:00,0.5614088955738402,0.5095971888394021,1.1526249171522225,0.6114624215444603,0.058772220172477886,0.717896142246133,0.3185262337054104,1.2394942982457922,0.9539490246942258,0.8665634150497659
2026-04-23 00:00:00+00:00,0.5601216670630969,0.510403432245064,1.1526000422621676,0.6068487585727652,0.05859438865199838,0.7186784651997464,0.31891994056492734,1.2409098223776174,0.9574654560097448,0.8665447136757506
2026-04-24 00:00:00+00:00,0.5598192986391208,0.5103934541486265,1.1525412297970594,0.605382673409081,0.05844966965592198,0.7182740532870384,0.3191355336902933,1.24073894299339,0.9551998836968849,0.866500497443867
2026-04-25 00:00:00+00:00,0.5599155818610211,0.5101602989325742,1.1529083041583856,0.6044510401565806,0.05828186675306051,0.7182391753501675,0.3191206958696761,1.239648303797303,0.954396960792395,0.8667764703188192
2026-04-26 00:00:00+00:00,0.5594890373161271,0.5102227207196056,1.152111762423774,0.603888070305838,0.058206831285883665,0.717592533398336,0.31807658649860543,1.2402627555129673,0.954697033683862,0.8661776164197728
2026-04-27 00:00:00+00:00,0.5591928906162561,0.5107395202531703,1.1517915643644145,0.6030001062377305,0.058091729731587695,0.718649378712047,0.3175000382912604,1.241396177997658,0.9570575794645113,0.8659368859621176
2026-04-28 00:00:00+00:00,0.559020510647311,0.5105823207070223,1.151372648127097,0.602619481694029,0.05800958862724721,0.71823185521277,0.317056479937632,1.2416077510149461,0.9552337265286492,0.8656219374651455
2026-04-29 00:00:00+00:00,0.5579557196604606,0.5097380976273758,1.151398770826649,0.6024542319817695,0.05786847862999479,0.7171540623031717,0.316683551181929,1.2406434074819603,0.9547511017925154,0.865641576963995
2026-04-30 00:00:00+00:00,0.5583752887895763,0.5083356712975786,1.151694309372487,0.6031549591189447,0.05762954266535668,0.7154746112677389,0.31753582863477303,1.237876281044552,0.9527690613577827,0.8672301474924364
2026-05-01 00:00:00+00:00,0.5575978666844835,0.5082009433483543,1.1517033538991173,0.6029852689727673,0.0575542778616959,0.7153559169249997,0.31719549158674765,1.2378172276326795,0.9526495371472665,0.8672607994200825
