date,momentum,mean_reversion,risk_parity,cross_sectional_momentum,vol_breakout,pairs_trading,ml_signal,macro_rotation,carry,sentiment
2021-09-10 00:00:00+00:00,0.0007607087137120641,0.0007607087137120641,-0.00177157083374916,-0.00011847543971110893,0.0007607087137120641,0.0007607087137120641,0.0007607087137120641,0.00014897122340538574,0.0007607087137120641,0.0007607087137120641
2021-09-11 00:00:00+00:00,-0.004966686093810267,-0.046658277100424715,-0.002838547338476117,0.012913178685452976,0.0012352793985149885,0.0012352793985149885,-0.02559708253129354,0.0007049943364450344,0.0012352793985149885,0.0012352793985149885
2021-09-12 00:00:00+00:00,-0.0013385354382153172,0.015935050655251654,-0.0017435633573163706,0.00262384576164776,-0.0011158978327146575,-0.0011158978327146575,-0.020298360308523236,-0.0011158978327146575,-0.0011158978327146575,-0.0011158978327146575
2021-09-13 00:00:00+00:00,-0.015527512790564944,0.02513737230424144,0.005291608479816885,-0.008854441676396669,0.0005392273511713026,0.0005392273511713026,0.010986686582944702,0.002537539990849945,0.0005392273511713026,0.0005392273511713026
2021-09-14 00:00:00+00:00,-0.0035425748421166452,0.004359696119486375,0.004136907263942156,-0.01314149540173793,0.0007845072566721974,0.0007845072566721974,-0.0025637049103875357,0.0002565912040045017,0.0007845072566721974,0.0007845072566721974
2021-09-15 00:00:00+00:00,0.0022174242233244947,-0.00054538966074022,-0.0018496155892689812,0.014549625796902142,7.555035864453355e-05,7.555035864453355e-05,-0.010569282224541097,-0.0020821832732566474,7.555035864453355e-05,7.555035864453355e-05
2021-09-16 00:00:00+00:00,0.00076923206352719,-0.0007533607211154943,0.001367632182581237,-0.008175199209846513,-0.0007533607211154943,-0.0007533607211154943,0.00767090865411736,0.0002903390432933304,-0.0007533607211154943,-0.0007533607211154943
2021-09-17 00:00:00+00:00,0.003345056815059014,0.01544156586011637,0.0019298011514963446,0.0262062831218613,0.0008536651035952682,0.0008536651035952682,-0.012853802769788428,0.005303944296432898,0.0008536651035952682,0.0008536651035952682
2021-09-18 00:00:00+00:00,0.004725635335823657,-0.0046708830529323415,-0.0036144879053571777,0.007721013387605659,-0.0005070877637163489,-0.0005070877637163489,-0.010697440013591145,-0.00528605646903378,-0.0005070877637163489,-0.0005070877637163489
2021-09-19 00:00:00+00:00,0.001198753126262764,0.02086691179095058,-0.006459952712617656,-0.022916013198345537,-0.003636009400174968,-0.003636009400174968,0.012403133276126917,-0.013151121812368296,-0.003636009400174968,-0.003636009400174968
2021-09-20 00:00:00+00:00,0.008725295429649853,0.009541576695043628,-0.006127632836056902,0.002513956829209843,-0.0014652080110501755,-0.0014652080110501755,0.008534128478830467,-0.00866965104442908,-0.0014652080110501755,-0.0014652080110501755
2021-09-21 00:00:00+00:00,0.007557655100083882,-0.0019907187746456122,0.001739506198493333,0.008333470944398898,0.0037192620920289774,0.0037192620920289774,-0.028073925364691863,0.003186146084211824,0.0037192620920289774,0.0037192620920289774
2021-09-22 00:00:00+00:00,-0.004369120794755925,0.0031094494199804114,0.0034098471021668003,0.002602543773443855,0.0005579895473094516,0.0005579895473094516,-0.007706645619407582,0.0005579895473094516,0.0005579895473094516,0.0005579895473094516
2021-09-23 00:00:00+00:00,0.005279402724042849,-0.002398911520575358,-0.004331435591577404,0.0018521465829285857,-0.0014281000666370332,-0.0014281000666370332,-0.01681963298294807,-0.0014281000666370332,-0.0014281000666370332,-0.0014281000666370332
2021-09-24 00:00:00+00:00,-0.003423338106643003,-0.00037371553741304424,-4.424994664713891e-05,-0.0040445544677841,-0.00037371553741304424,-0.00037371553741304424,0.018261247754568558,-0.00037371553741304424,-0.00037371553741304424,-0.00037371553741304424
2021-09-25 00:00:00+00:00,0.0016847650573329584,-0.00011590644624675606,0.0035579525769270587,-0.0032841296296133035,-0.00011590644624675606,-0.00011590644624675606,0.004282837233156712,-0.00011590644624675606,-0.00011590644624675606,-0.00011590644624675606
2021-09-26 00:00:00+00:00,0.0011597810107100447,-0.0007949152205181772,-0.0010469427462908958,0.00032417869908455066,-0.0007949152205181772,-0.0007949152205181772,0.003894447481057434,-0.0007949152205181772,-0.0007949152205181772,-0.0007949152205181772
2021-09-27 00:00:00+00:00,0.0005922830315277342,-0.0010566460838287747,-0.0014210014669856403,-0.009062514315115153,-0.0010566460838287747,-0.0010566460838287747,0.00514022351242651,-0.0010566460838287747,-0.0010566460838287747,-0.0010566460838287747
2021-09-28 00:00:00+00:00,0.0011370768405207165,0.0008770303227332075,-0.000881347062011849,-0.004164959014126594,0.0008770303227332075,0.0008770303227332075,0.007213638595279278,0.0008770303227332075,0.0008770303227332075,0.0008770303227332075
2021-09-29 00:00:00+00:00,-0.004744910675289806,0.0010063267711031274,0.006923152374136501,-0.0007090420087814605,0.0010063267711031274,0.0010063267711031274,-0.007335857076943351,0.0010063267711031274,0.0010063267711031274,0.0010063267711031274
2021-09-30 00:00:00+00:00,-0.005428102675964294,0.002038401519482113,0.013313798065750702,0.0012030080601363692,0.002038401519482113,0.002038401519482113,0.01300124862569672,0.002038401519482113,0.002038401519482113,0.002038401519482113
2021-10-01 00:00:00+00:00,0.0038405313567737623,0.0003581552836886634,-0.00288728289190064,-0.004853045252582555,0.0003581552836886634,0.0003581552836886634,0.00242869305672598,0.0003581552836886634,0.0003581552836886634,0.0003581552836886634
2021-10-02 00:00:00+00:00,-0.0019141108814818414,0.0002754708415177072,0.0015380000121510097,-0.00027563067893456164,0.0002754708415177072,0.0002754708415177072,0.0028974306058872946,0.001226497556646003,0.0002754708415177072,0.0002754708415177072
2021-10-03 00:00:00+00:00,-0.0037990660043199296,-0.0006758638625915976,0.007068875389731793,0.005821765602965082,-0.0006758638625915976,-0.0006758638625915976,-0.004879855567131294,0.005583087287147142,-0.0006758638625915976,-0.0006758638625915976
2021-10-04 00:00:00+00:00,-0.00180547399304098,0.00045333203042875915,0.008353115986207254,0.0037887377470933836,0.00045333203042875915,0.00045333203042875915,-1.0358153498218068e-05,0.008834622211104468,0.00045333203042875915,0.00045333203042875915
2021-10-05 00:00:00+00:00,-0.014866471452961268,-0.000451406728852696,0.014769602374993682,0.004128811163234953,-0.000451406728852696,-0.000451406728852696,-0.013594818231203253,0.013761009530935987,-0.000451406728852696,-0.000451406728852696
2021-10-06 00:00:00+00:00,0.005831107060169524,0.0003462294842375784,-0.007881974197185466,-0.009086915691136501,0.0003462294842375784,0.0003462294842375784,-0.007827974115347424,-0.006744346141196338,0.0003462294842375784,0.0003462294842375784
2021-10-07 00:00:00+00:00,-0.002036603300069269,-0.003783498830702766,0.002363687521062856,0.0015939221774491047,-0.0001857437335249082,-0.0001857437335249082,-0.003172726131627538,0.002274144824380456,-0.0001857437335249082,-0.0001857437335249082
2021-10-08 00:00:00+00:00,-0.009350208632633713,2.5882173190586405e-05,-0.001784870745745718,-0.0028608599901531915,0.0005521107712057374,0.0005521107712057374,-0.0041790259864559615,-0.0013741177641794949,0.0005521107712057374,0.0005521107712057374
2021-10-09 00:00:00+00:00,-0.0027686762409303753,-0.0013107061491510438,0.003470543652161014,0.006880580236356129,-0.0013107061491510438,-0.0013107061491510438,-0.005666545292171967,0.0012447502855319605,-0.0013107061491510438,-0.0013107061491510438
2021-10-10 00:00:00+00:00,-0.0023771450838973654,0.005469593831184489,0.012328334735151427,0.011728801216124794,1.4611228503435331e-05,1.4611228503435331e-05,0.0006636415031805679,0.011799773220323656,1.4611228503435331e-05,1.4611228503435331e-05
2021-10-11 00:00:00+00:00,0.007374462407461666,-0.0008246096029959303,-0.006439200269510302,-0.005005063927224177,7.864788699432687e-05,7.864788699432687e-05,-0.020833320942923863,-0.007103470292780648,7.864788699432687e-05,7.864788699432687e-05
2021-10-12 00:00:00+00:00,-0.008547605273338107,0.0008725817491489205,-0.0036089337640908855,0.008871952648037753,0.0008725817491489205,0.0008725817491489205,-0.012914506403051546,-0.00327110530070929,0.0008725817491489205,0.0008725817491489205
2021-10-13 00:00:00+00:00,0.0036694942050406825,0.00023569865772712277,0.0009775132700047958,-0.0010008281040479459,0.00023569865772712277,0.00023569865772712277,0.007598319828518072,0.00103852708790477,0.00023569865772712277,0.00023569865772712277
2021-10-14 00:00:00+00:00,-0.01241022695733454,-0.0057155678512659635,0.012671968106281404,0.01597977229727636,0.001170686542490271,0.001170686542490271,-0.012421628147315004,0.013921683703879955,0.001170686542490271,0.001170686542490271
2021-10-15 00:00:00+00:00,-0.001343560418883143,0.0041193799417306165,-0.0025054444396711605,-0.003549503796601674,-0.00038136575233412,-0.00038136575233412,-0.007101635033712443,-0.002968001417317508,-0.00038136575233412,-0.00038136575233412
2021-10-16 00:00:00+00:00,-7.896760587847438e-05,-0.001670450957733088,0.004025806757527513,0.007172616085040536,-0.0066824654186787074,-0.0002790910958504802,0.0034002997383529273,0.0035533888720435747,-0.0002790910958504802,-0.0002790910958504802
2021-10-17 00:00:00+00:00,-0.0015544435706103536,-0.0010484369807305092,0.0021310075332455383,0.003391641257941838,-0.0009810001483939517,-0.00018050225834141686,0.006456745385898241,0.0011686673944516083,-0.00018050225834141686,-0.00018050225834141686
2021-10-18 00:00:00+00:00,-0.0015263493509123554,0.00040596382947737233,0.00684236808731424,0.0004303820821609152,0.00040596382947737233,0.00040596382947737233,-0.002965323945386608,0.0077083491021789855,0.00040596382947737233,0.00040596382947737233
2021-10-19 00:00:00+00:00,-0.0015357789681290407,0.0014022715225866745,0.0035225786322750623,0.00046071488086430634,0.0014022715225866745,0.0014022715225866745,0.0003245559192710044,0.006342906577525734,0.0014022715225866745,0.0014022715225866745
2021-10-20 00:00:00+00:00,0.0008172848970438596,-0.0004322262083558333,-0.012427830142684788,-0.013804836322619439,-0.0004322262083558333,-0.0004322262083558333,0.008369328890338895,-0.011579882268540308,-0.0004322262083558333,-0.0004322262083558333
2021-10-21 00:00:00+00:00,0.00044476024730676295,0.008874319376020368,-0.007611480069476974,-0.00909521973037262,0.00022908136132221364,0.00022908136132221364,0.005264710402896124,-0.0068505173600130025,0.00022908136132221364,0.00022908136132221364
2021-10-22 00:00:00+00:00,-0.0019052515847255318,0.004667313988870512,-0.0017356429626536668,-0.003519747396733372,0.000740507430479996,0.000740507430479996,0.007332093644196435,-0.0012004783380803574,0.000740507430479996,0.000740507430479996
2021-10-23 00:00:00+00:00,0.0023932574404028203,-0.009299026013829995,0.0028124373863444717,0.0019625667304114004,-0.0006000134485873061,-0.0006000134485873061,0.0033869669981955166,0.0021397534540782332,-0.0006000134485873061,-0.0006000134485873061
2021-10-24 00:00:00+00:00,-0.010948934984193961,-0.012309088767870648,0.000869713807311434,0.006433385965842602,0.0010491432260133925,0.0010491432260133925,0.0017603701042514846,0.0027458922715117777,0.0010491432260133925,0.0010491432260133925
2021-10-25 00:00:00+00:00,0.0077826244648699075,0.012277115386194044,-0.013495051737509756,-0.017882314441957002,0.00035684739627498703,0.00035684739627498703,-0.010785042821110404,-0.011171364306493535,0.00035684739627498703,0.00035684739627498703
2021-10-26 00:00:00+00:00,0.00014928105601125403,0.0028128670365438315,0.0006247736441471873,0.013982199374946658,-0.0021349940991599015,-0.0021349940991599015,0.001389672429084502,-0.0031939599489131886,-0.0021349940991599015,-0.0021349940991599015
2021-10-27 00:00:00+00:00,0.010584395752527637,0.009407742345326124,0.005988329163363704,-0.005310864691058058,-0.0015145081496319684,0.0017129286881161785,0.010823724476532796,0.0065132401483779115,0.0017129286881161785,0.0017129286881161785
2021-10-28 00:00:00+00:00,-0.0013699446046296151,-0.0032785473915722713,0.0036266576264622893,-0.0025635064331038532,-0.001776269003121916,0.0005770344979882211,0.0011570038265776117,0.0038723612582976124,0.0005770344979882211,0.0005770344979882211
2021-10-29 00:00:00+00:00,0.0006746826899047995,0.0022522660556679947,0.0020611283427398688,-0.0008226164850906949,-0.0015333717127790597,-0.0008336376610857426,-0.001886835417431742,0.00017883916667193477,-0.0008336376610857426,-0.0008336376610857426
2021-10-30 00:00:00+00:00,-0.000744750026626732,0.0014918611090433676,-0.0031879505547305425,-0.005228826363138688,0.0003225753164004056,0.0003225753164004056,0.0029439567258968072,-0.00220000219529631,0.0003225753164004056,0.0003225753164004056
2021-10-31 00:00:00+00:00,-0.01214776853242423,-5.5031635655170626e-05,-0.010378301269073919,0.01621725093385038,0.0005393059789092976,0.0005393059789092976,-0.007628264361744127,-0.008675754965472196,0.0005393059789092976,0.0005393059789092976
2021-11-01 00:00:00+00:00,0.005710813558929274,0.0007324791917286323,0.007876332995537718,-0.0015757476042660163,0.0007324791917286323,0.0007324791917286323,-0.0020003833391998567,0.008982612922410321,0.0007324791917286323,0.0007324791917286323
2021-11-02 00:00:00+00:00,0.004623916080842957,0.0001568903706261795,-0.0018884037939153075,-0.0031937680376568534,0.0011077346442425803,0.0011077346442425803,-0.0011010623599587072,0.00014903896372957357,0.0011077346442425803,0.0011077346442425803
2021-11-03 00:00:00+00:00,0.0016064228976924906,-0.006477161397046136,-0.0052897672272869236,0.006998577116216035,-0.0003624034470720713,-0.0003624034470720713,-0.013064373140728678,-0.0048001535410840184,-0.0003624034470720713,-0.0003624034470720713
2021-11-04 00:00:00+00:00,-0.005609051761471149,0.0010350148176834313,-0.0024085327453792567,0.0001814539249449564,-0.0002803267168021275,-0.0002803267168021275,0.010314780879193994,-0.004740805723393999,-0.0002803267168021275,-0.0002803267168021275
2021-11-05 00:00:00+00:00,0.002644788007145639,-0.007849662596691237,0.00425825721998126,0.004360139111289341,0.00036969351809651685,0.00036969351809651685,0.00042437117633124365,0.0044640450412158535,0.00036969351809651685,0.00036969351809651685
2021-11-06 00:00:00+00:00,0.0004652472556754282,-0.00046505398986815684,0.004213831853808967,-0.0018374417280342433,0.0004745426669154576,0.0004745426669154576,0.0009510733540705806,0.004400030146066696,0.0004745426669154576,0.0004745426669154576
2021-11-07 00:00:00+00:00,-0.009425823759125965,0.008859187824401054,0.011709638996518315,-0.01816954232419932,0.0009398840320069481,0.0009398840320069481,0.016601204380971877,0.011486916825610191,0.0009398840320069481,0.0009398840320069481
2021-11-08 00:00:00+00:00,-0.0048474902442924,0.007785535140228919,0.0046911496284760415,-0.030893671658159722,-0.0003174021331915778,-0.0003174021331915778,-0.024503131972841964,0.00021984486159467074,-0.0003174021331915778,-0.0003174021331915778
2021-11-09 00:00:00+00:00,-0.0031871995999150295,-0.002934234822376244,-0.0060025185529349765,0.01835530256754116,0.004131349582493224,-0.0011235123535626769,0.013822609713253855,-0.006896778243237264,-0.0011235123535626769,-0.0011235123535626769
2021-11-10 00:00:00+00:00,0.003117187075202936,0.004906631806079207,-0.0024332827247345503,0.0022466986097199964,-0.0007929296791139392,0.000416700031499635,0.0005859570565540377,-0.0015829307728743563,0.000416700031499635,0.000416700031499635
2021-11-11 00:00:00+00:00,0.0013088813345923218,0.004374175495098792,0.00042606135215921085,-0.0027668246253406232,-0.001225442404559156,-0.0005686272548452282,0.002407641832216585,-0.0007616038456002944,-0.0005686272548452282,-0.0005686272548452282
2021-11-12 00:00:00+00:00,-0.00027833340624911694,-0.004481903419394773,-0.0020861905782071357,0.009297376181414248,0.0007290346581330583,0.0007290346581330583,0.0026931065848224524,1.0694207854774878e-05,0.0007290346581330583,0.0007290346581330583
2021-11-13 00:00:00+00:00,-0.006114522011151189,-0.0006755341325489401,0.0033113578862324325,0.010804778993940159,-5.32289112112701e-05,-5.32289112112701e-05,0.0037962711339936507,0.0028793382563572366,-5.32289112112701e-05,-5.32289112112701e-05
2021-11-14 00:00:00+00:00,0.008083039140211055,-0.0006074963646379819,-0.0014733968551773346,-0.004123328420393831,-0.0006074963646379819,-0.0006074963646379819,0.002455470893913031,-0.0024789534339833604,-0.0006074963646379819,-0.0006074963646379819
2021-11-15 00:00:00+00:00,0.0039059282361461763,-0.0019031153495386729,-0.007038183870579883,-0.002227357932421099,-0.0019031153495386729,-0.0019031153495386729,0.012487010175438755,-0.008522377799383855,-0.0019031153495386729,-0.0019031153495386729
2021-11-16 00:00:00+00:00,0.0032218115441534742,0.0005891254030406165,-0.002445211863642694,-0.0006164097705736503,0.0005891254030406165,0.0005891254030406165,-0.011785770393567997,-0.00038365826134910804,0.0005891254030406165,0.0005891254030406165
2021-11-17 00:00:00+00:00,0.007470111727498353,-0.005493888238982844,-0.004011297415807811,-0.008376717743661326,-0.002144729322238765,-0.002144729322238765,0.0033688184222248566,-0.008198616737976257,-0.002144729322238765,-0.002144729322238765
2021-11-18 00:00:00+00:00,0.0067567577875291334,0.0007054887167813784,0.0008187775269085873,0.010849498417436404,0.0017428897973943965,0.0017428897973943965,0.006654275685807879,0.0031208724357211304,0.0017428897973943965,0.0017428897973943965
2021-11-19 00:00:00+00:00,0.00015437418982385573,-0.002562967039969683,0.003750472913052499,0.01062253243270614,0.0008533986704423584,0.0008533986704423584,-0.0018372771787144317,0.005482369227837474,0.0008533986704423584,0.0008533986704423584
2021-11-20 00:00:00+00:00,-0.004266952771065261,-0.0014759214453918782,-0.007068019277906225,-0.00490889708550597,-0.00013222751982062522,-0.00013222751982062522,-0.013158396023504704,-0.004888999637857553,-0.00013222751982062522,-0.00013222751982062522
2021-11-21 00:00:00+00:00,0.012855742278951377,-0.012322679710507529,-0.005845415897743097,0.0019233000947514842,-0.0007370170266897755,-0.0007370170266897755,-0.00044481327833395935,-0.005882678666698278,-0.0007370170266897755,-0.0007370170266897755
2021-11-22 00:00:00+00:00,0.0030371434030604374,0.020176206092266547,0.0032903797669906736,0.0016270144351580368,0.0005944807450720017,0.0005944807450720017,0.01692896655530572,0.003827596267352319,0.0005944807450720017,0.0005944807450720017
2021-11-23 00:00:00+00:00,-0.0010736369502833364,0.0047854565817744546,0.0013741710306891875,0.0053200897070918175,-0.0011533714029544602,-0.0011533714029544602,0.011524978788836461,4.599053916124951e-05,-0.0011533714029544602,-0.0011533714029544602
2021-11-24 00:00:00+00:00,0.0024168773485903515,0.00044022232046760914,0.002072810409777211,0.01363661817492468,0.0010700945241394263,0.0010700945241394263,0.01349295874157794,0.00409466070551848,0.0010700945241394263,0.0010700945241394263
2021-11-25 00:00:00+00:00,0.0002118452567687272,-0.0028535346917393832,-0.01001557379431068,-0.011196970515411145,-0.0028535346917393832,-0.0028535346917393832,-0.009951371258855528,-0.013679034512877601,-0.0028535346917393832,-0.0028535346917393832
2021-11-26 00:00:00+00:00,0.0006968939814490345,0.0002892931711474972,0.003743316690895839,0.0012780288134545917,0.0002892931711474972,0.0002892931711474972,0.006074436193205263,0.003836992976017283,0.0002892931711474972,0.0002892931711474972
2021-11-27 00:00:00+00:00,0.000730637199445678,0.0032933033351354893,0.010993710545736252,-0.00029528183459390364,0.0005777160705720578,0.0005777160705720578,-0.0026709234186230385,0.010206485348179046,0.0005777160705720578,0.0005777160705720578
2021-11-28 00:00:00+00:00,0.004743117023754361,-8.032594029468154e-05,-0.002807897181523113,0.008521950312605029,0.0008973655922922691,0.0008973655922922691,0.0013826683959474169,-0.00023671448890411157,0.0008973655922922691,0.0008973655922922691
2021-11-29 00:00:00+00:00,0.006992725513385996,6.768283140867344e-05,-0.0038151042902621864,0.0056889343632542805,6.768283140867344e-05,6.768283140867344e-05,0.005539703778658587,-0.0034095522696293446,6.768283140867344e-05,6.768283140867344e-05
2021-11-30 00:00:00+00:00,-0.0007943488218717678,0.0003697303717128581,-0.0003493263125050513,0.008989681228098833,0.0003697303717128581,0.0003697303717128581,-0.0023557419745906605,0.0018386234474557627,0.0003697303717128581,0.0003697303717128581
2021-12-01 00:00:00+00:00,0.004286743744183986,-7.831417459128865e-06,0.006642169993177911,-0.012347818595978385,-7.831417459128865e-06,-7.831417459128865e-06,0.0025478062249333095,0.002992375529658248,-7.831417459128865e-06,-7.831417459128865e-06
2021-12-02 00:00:00+00:00,0.0006698024006087417,-0.027201357850260323,-0.015969966950233852,0.014065837436613904,-0.0006323550522847119,-0.0006323550522847119,-0.0059700559511563,-0.013423413989893343,-0.0006323550522847119,-0.0006323550522847119
2021-12-03 00:00:00+00:00,0.019113138587858677,0.013139811349062053,-0.0015172720465302801,0.016890253874022522,-0.0027276826892470066,-0.0027276826892470066,0.010932890389776635,-0.007543218587692571,-0.0027276826892470066,-0.0027276826892470066
2021-12-04 00:00:00+00:00,0.0059119223468099965,-0.012792649835787262,0.005912211233153306,0.008111223345739813,-0.0009207885763868264,-0.0009207885763868264,0.013421526520715828,0.005097107611613841,-0.0009207885763868264,-0.0009207885763868264
2021-12-05 00:00:00+00:00,0.004999130667773548,-0.005940191838618849,0.0027879236886249738,0.006508498615803262,0.0007877898395673755,0.0007877898395673755,-0.007638110764679847,0.00383336194309103,0.0007877898395673755,0.0007877898395673755
2021-12-06 00:00:00+00:00,-0.012056736994567926,0.012898822155833801,-0.0062809845811386475,-0.012766957735839163,0.00015448983842968254,0.00015448983842968254,-0.0024504310893880446,-0.005898224834691327,0.00015448983842968254,0.00015448983842968254
2021-12-07 00:00:00+00:00,0.0038150008661146455,-0.00030458887955867454,-0.0004948804843839818,0.0019307460636449445,0.0008044613161629593,0.0008044613161629593,-0.007552402367501412,-0.002098303638148583,0.0008044613161629593,0.0008044613161629593
2021-12-08 00:00:00+00:00,0.004152690307291152,-0.0022444270878419492,-0.003314369032617372,0.0014722473013891145,-0.0022444270878419492,-0.0022444270878419492,0.0008510828795229822,-0.007103039750430427,-0.0022444270878419492,-0.0022444270878419492
2021-12-09 00:00:00+00:00,-0.006374159094722159,-0.0010042259773831812,-0.0039970702263417875,-0.0017078756777612059,-0.0010042259773831812,-0.0010042259773831812,0.0009398231125285403,-0.002515888583224492,-0.0010042259773831812,-0.0010042259773831812
2021-12-10 00:00:00+00:00,-0.0010017010303272598,0.0013808442989054247,0.00703786098429817,-0.011445634703593353,0.0013808442989054247,0.0013808442989054247,-0.010879700481610194,0.008262896078999216,0.0013808442989054247,0.0013808442989054247
2021-12-11 00:00:00+00:00,-0.0043849750330877905,-0.0035048287457381754,0.00026548767541268955,-0.007271788492857761,0.00022425011812316747,0.00022425011812316747,-0.004584754602490719,0.00040197395090563523,0.00022425011812316747,0.00022425011812316747
2021-12-12 00:00:00+00:00,0.0034508057162500826,-0.003585391372341485,-0.0050965405220039775,0.002852043044391497,-0.0026954082303424303,-0.0026954082303424303,0.00461619083192447,-0.00835126823768512,-0.0026954082303424303,-0.0026954082303424303
2021-12-13 00:00:00+00:00,-0.0010823084643472808,0.0009266771078143522,0.003932769993658203,-0.0010091551372221866,0.0009266771078143522,0.0009266771078143522,-0.0033133139061319638,0.0058660170150004855,0.0009266771078143522,0.0009266771078143522
2021-12-14 00:00:00+00:00,0.0051914974771767675,-0.0007621580554397547,-0.000864668508316897,-0.005467540911460229,0.0014190652446097272,0.0014190652446097272,0.00689352046885019,0.000805177961665656,0.0014190652446097272,0.0014190652446097272
2021-12-15 00:00:00+00:00,0.0022342620471767346,-0.0016702769904971917,-0.0022880147163356823,0.0027021489653309937,-0.0007587226895668588,-0.0007587226895668588,0.002900564662042765,-0.004006723889690301,-0.0007587226895668588,-0.0007587226895668588
2021-12-16 00:00:00+00:00,0.007164445149921639,-9.536733660041162e-05,-0.004896997154217477,0.006984587793351955,-9.536733660041162e-05,-9.536733660041162e-05,0.002743197297973228,-0.0041706680058840265,-9.536733660041162e-05,-9.536733660041162e-05
2021-12-17 00:00:00+00:00,-0.0028877524059456373,0.0010451906558046693,-0.0012735327830526208,-0.0023223794323557457,0.0010451906558046693,0.0010451906558046693,-0.0029473769856600486,0.00021438241609018346,0.0010451906558046693,0.0010451906558046693
2021-12-18 00:00:00+00:00,-0.0010594794932844188,-0.00044126763881996916,-0.0005874581682427438,-0.004464707730086545,-0.00044126763881996916,-0.00044126763881996916,0.0035887290042105344,-0.0010519211995435721,-0.00044126763881996916,-0.00044126763881996916
2021-12-19 00:00:00+00:00,-0.00021958152627636764,-0.00012763255795634682,0.0022818746023079866,0.00642748290729283,-0.00012763255795634682,-0.00012763255795634682,0.005886249773686988,-0.00012763255795634682,-0.00012763255795634682,-0.00012763255795634682
2021-12-20 00:00:00+00:00,0.0018298400741583519,0.0013219613991253363,0.004869608180284674,0.0033979599840959704,0.0013219613991253363,0.0013219613991253363,0.0009601909927298442,0.0013219613991253363,0.0013219613991253363,0.0013219613991253363
2021-12-21 00:00:00+00:00,-0.00618798455099533,0.0006869983930816785,-0.004774822991541466,-0.014258250789436787,0.0006869983930816785,0.0006869983930816785,-0.0032280890156848956,0.0006869983930816785,0.0006869983930816785,0.0006869983930816785
2021-12-22 00:00:00+00:00,-0.004169241272387255,0.006573008380804301,0.00399624906876235,-0.010492023806333016,0.0014655623287744628,0.0014655623287744628,0.0004670718569276325,0.005828084741883263,0.0014655623287744628,0.0014655623287744628
2021-12-23 00:00:00+00:00,0.000634634465902045,0.011791218526292812,0.0022226740546019957,-0.011121084912758582,-0.0010104059086107776,-0.0010104059086107776,0.004820775505642861,0.00187632295551011,-0.0010104059086107776,-0.0010104059086107776
2021-12-24 00:00:00+00:00,0.0045112867936411795,-0.015816057401609282,-0.0015498250209658453,0.0017474230401978705,0.0006819422068756413,0.0006819422068756413,-0.013181308235586194,-0.0011154707476024792,0.0006819422068756413,0.0006819422068756413
2021-12-25 00:00:00+00:00,-0.003712616710535388,-0.0005919289330059568,-0.0024624102400749117,0.0005483256350492362,0.0007336432731129304,0.0007336432731129304,-0.010840910256434967,-0.001973851195110022,0.0007336432731129304,0.0007336432731129304
2021-12-26 00:00:00+00:00,-0.002492904624122496,0.014603762042366011,0.0019292805721478116,-0.00638723679665328,-0.00028061126130969984,-0.00028061126130969984,0.002738782540920241,0.0012175486110491563,-0.00028061126130969984,-0.00028061126130969984
2021-12-27 00:00:00+00:00,0.001992922179819555,0.0018340168760385333,-0.005631027871126945,-0.011069136354846638,-0.002168075032889808,-0.002168075032889808,0.007241120214959199,-0.008019672478956305,-0.002168075032889808,-0.002168075032889808
2021-12-28 00:00:00+00:00,-0.00568372602487054,0.004531389391155795,-0.006484517444815208,0.0024663882458032,-0.0005799663558142552,-0.0005799663558142552,0.002615028043595748,-0.0058848358137118945,-0.0005799663558142552,-0.0005799663558142552
2021-12-29 00:00:00+00:00,0.00160414757248511,-5.4361101059693115e-05,0.0015994493623415987,0.0009667606582406773,0.0005448080200058765,0.0005448080200058765,6.534387096574033e-05,-0.00010066208403463912,0.0005448080200058765,0.0005448080200058765
2021-12-30 00:00:00+00:00,0.0036493727779178123,0.0012302689665046104,-0.003723200411185109,4.6208906924761367e-05,-5.53160546198102e-06,-5.53160546198102e-06,0.0021258529958989494,-5.53160546198102e-06,-5.53160546198102e-06,-5.53160546198102e-06
2021-12-31 00:00:00+00:00,-0.0008400700972003887,0.000559278430158426,0.002378512299424771,0.007213571880915807,0.0012129499102751077,0.0012129499102751077,-0.0005953786623076609,0.0012129499102751077,0.0012129499102751077,0.0012129499102751077
2022-01-01 00:00:00+00:00,-0.0050181474416352775,0.00011100258815940066,-0.0038520613917731785,-0.0016403195129346842,0.00011100258815940066,0.00011100258815940066,-0.004290950525199222,0.00011100258815940066,0.00011100258815940066,0.00011100258815940066
2022-01-02 00:00:00+00:00,-0.008950848636057829,-0.019076243877899943,-0.007830292467644214,0.012866763003152228,-0.00014953045963602983,-0.00014953045963602983,0.0019429024233185233,-0.00014953045963602983,-0.00014953045963602983,-0.00014953045963602983
2022-01-03 00:00:00+00:00,0.004980302401973202,-0.0009590802301849926,0.0005246536443878299,-0.0038929277031775635,-0.00027889435624624893,-0.00027889435624624893,-0.0167875199615912,-0.00027889435624624893,-0.00027889435624624893,-0.00027889435624624893
2022-01-04 00:00:00+00:00,-0.012092763148765603,0.010280570875218721,-0.010260056246527162,0.02676721354448486,-0.001480247701703828,-0.001480247701703828,-0.0025618086863729963,-0.001480247701703828,-0.001480247701703828,-0.001480247701703828
2022-01-05 00:00:00+00:00,-0.006900857602030744,-0.006360576447558195,-0.0038826234992024367,0.006087390761345923,7.949731239951685e-05,7.949731239951685e-05,0.0017522376216819215,7.949731239951685e-05,7.949731239951685e-05,7.949731239951685e-05
2022-01-06 00:00:00+00:00,-0.01393888373487638,-0.02237985605077292,-0.006221491790010044,0.014990825732739885,-0.0013847320536903964,-0.0013847320536903964,-0.014297554914731716,-0.0013847320536903964,-0.0013847320536903964,-0.0013847320536903964
2022-01-07 00:00:00+00:00,-0.0029045294087662573,-0.006638521506534444,0.0017212371484237523,-0.003503393083706719,-0.0006750957800727128,-0.0006750957800727128,0.0019399061482284754,-0.0006750957800727128,-0.0006750957800727128,-0.0006750957800727128
2022-01-08 00:00:00+00:00,-0.0021371467808346104,-0.007988794043136294,-0.0029672683819039346,0.005184488764635401,0.0006061254463834347,0.0006061254463834347,0.0017983334201490378,0.0006061254463834347,0.0006061254463834347,0.0006061254463834347
2022-01-09 00:00:00+00:00,-0.0013028800537927259,-0.010629385655628114,0.0010716265933512997,0.0094456092471952,-0.00041096992609924386,-0.00041096992609924386,-0.00688898259767889,-0.00041096992609924386,-0.00041096992609924386,-0.00041096992609924386
2022-01-10 00:00:00+00:00,0.007678991129187163,0.020823559087199017,0.003130272266627331,-0.009138164450532192,0.0012301773166391243,0.0012301773166391243,-0.0070620518721799,0.0012301773166391243,0.0012301773166391243,0.0012301773166391243
2022-01-11 00:00:00+00:00,0.00240753095369418,0.0006423788589827778,0.0011580690758796876,-0.0036651626669215506,0.0012777516512664298,0.0012777516512664298,-0.0017305361993077367,0.0012777516512664298,0.0012777516512664298,0.0012777516512664298
2022-01-12 00:00:00+00:00,-0.00313849198595591,-0.0013256355303913846,-0.0012943527548587744,-0.005221655654715146,-0.0013256355303913846,-0.0013256355303913846,-0.0007153143252058519,-0.0013256355303913846,-0.0013256355303913846,-0.0013256355303913846
2022-01-13 00:00:00+00:00,-0.005136422916313103,0.0008684143666924303,-0.003850536420470454,0.011895039756331082,0.0008684143666924303,0.0008684143666924303,-0.00796306268656722,0.0008684143666924303,0.0008684143666924303,0.0008684143666924303
2022-01-14 00:00:00+00:00,-0.0015447732128651948,4.2156765238392734e-05,-8.332660394808955e-05,-0.006401908419608846,4.2156765238392734e-05,4.2156765238392734e-05,0.0009945000528346624,4.2156765238392734e-05,4.2156765238392734e-05,4.2156765238392734e-05
2022-01-15 00:00:00+00:00,0.0046490826000649774,0.00046700161453116845,0.00029561294817171345,0.0026896866179991165,0.00046700161453116845,0.00046700161453116845,-0.02484459872365406,0.00046700161453116845,0.00046700161453116845,0.00046700161453116845
2022-01-16 00:00:00+00:00,-0.001940403742119663,-0.0009830056059318597,-0.005593227289463406,0.009876798597557128,-0.0009830056059318597,-0.0009830056059318597,-0.022852736729395445,-0.0009830056059318597,-0.0009830056059318597,-0.0009830056059318597
2022-01-17 00:00:00+00:00,0.005477493739802088,-0.0006914058262052892,0.007773979391283272,-0.01567495429252889,-0.0006914058262052892,-0.0006914058262052892,0.0037297368336825206,-0.0006914058262052892,-0.0006914058262052892,-0.0006914058262052892
2022-01-18 00:00:00+00:00,-0.0008004116107752208,0.011741331681808017,0.0022693274311763258,-0.008883329940461026,-0.0010458471317090895,-0.0010458471317090895,-2.2879321459187457e-05,-0.0010458471317090895,-0.0010458471317090895,-0.0010458471317090895
2022-01-19 00:00:00+00:00,0.006590716098413335,-0.001517733613770364,-0.00020921683899747555,-0.002312604206851772,-0.0009017385957745432,-0.0009017385957745432,-0.014198989767417212,-0.0009017385957745432,-0.0009017385957745432,-0.0009017385957745432
2022-01-20 00:00:00+00:00,-0.007615805886323673,-0.0035970148958518575,-0.012085819326518013,0.007640335438212593,-0.0035970148958518575,-0.0035970148958518575,-0.009308334639618682,-0.0035970148958518575,-0.0035970148958518575,-0.0035970148958518575
2022-01-21 00:00:00+00:00,-0.015968236793710067,-0.0024050011850449593,-0.0036125757440367843,-0.000181240864662928,-0.0024050011850449593,-0.0024050011850449593,0.006052524973397071,-0.0024050011850449593,-0.0024050011850449593,-0.0024050011850449593
2022-01-22 00:00:00+00:00,0.015764880210271226,-0.0013384046710784633,0.00577503629437472,0.004699515364892773,-0.0017668431646651668,0.001628269428106934,-0.007830192682128577,0.001628269428106934,0.001628269428106934,0.001628269428106934
2022-01-23 00:00:00+00:00,0.005825495486770945,0.009572846452040134,0.00667344628872524,0.00920008922734256,-0.0014532977891839548,-0.0009313989212944455,-0.0037523718886997392,-0.0009313989212944455,-0.0009313989212944455,-0.0009313989212944455
2022-01-24 00:00:00+00:00,0.014902479586049771,0.0012878579311086738,0.0029358794967858162,-0.0065181029085609925,0.0004137771672933583,0.0004137771672933583,0.0005751914241962093,0.0004137771672933583,0.0004137771672933583,0.0004137771672933583
2022-01-25 00:00:00+00:00,-0.008370275783005093,0.002393242859937311,-0.0018485475268489903,-0.0045050715348271654,-0.00044993361400888325,-0.00044993361400888325,0.004397429579456567,-0.00044993361400888325,-0.00044993361400888325,-0.00044993361400888325
2022-01-26 00:00:00+00:00,-0.005278060739029709,-0.001790194127934705,0.0030784462276818823,0.0027346555411370673,-0.0003988136794814924,-0.0003988136794814924,0.017185902896127755,-0.0003988136794814924,-0.0003988136794814924,-0.0003988136794814924
2022-01-27 00:00:00+00:00,-0.008301937200807215,0.0006120831736271537,-0.002057934764331878,-0.0073421518229078815,0.0006120831736271537,0.0006120831736271537,0.004247673537873842,0.0006120831736271537,0.0006120831736271537,0.0006120831736271537
2022-01-28 00:00:00+00:00,0.0017397946490367543,0.0005869115143881091,0.0011039422605394575,-0.0026351554439037446,0.0005869115143881091,0.0005869115143881091,-0.0038140291790578163,0.0005869115143881091,0.0005869115143881091,0.0005869115143881091
2022-01-29 00:00:00+00:00,-0.010425937427464364,-0.0007162525452875596,-0.002347380463858092,-0.009669909354527865,-0.0007162525452875596,-0.0007162525452875596,-0.006232622446354223,-0.0007162525452875596,-0.0007162525452875596,-0.0007162525452875596
2022-01-30 00:00:00+00:00,0.012011925650655893,0.0007126899034224466,0.0013779272573927136,-0.0016923281372562104,0.0007126899034224466,0.0007126899034224466,-0.007913742923817172,0.0007126899034224466,0.0007126899034224466,0.0007126899034224466
2022-01-31 00:00:00+00:00,3.9398395770197814e-06,0.000978558420988597,0.0008589196395424679,0.003707353596082929,0.000978558420988597,0.000978558420988597,-0.01131628474715761,0.000978558420988597,0.000978558420988597,0.000978558420988597
2022-02-01 00:00:00+00:00,-0.005419012424202962,-0.0020431030712895425,-0.0038753114975176492,-0.0012383764755260402,-0.0020431030712895425,-0.0020431030712895425,0.0015987752246305826,-0.0020431030712895425,-0.0020431030712895425,-0.0020431030712895425
2022-02-02 00:00:00+00:00,-0.00042942507441914255,0.0008439656968385616,0.00040833910098776803,0.001413566523548058,0.0008439656968385616,0.0008439656968385616,-0.005368111555180365,0.0008439656968385616,0.0008439656968385616,0.0008439656968385616
2022-02-03 00:00:00+00:00,0.005059266076019476,0.002748806742729031,0.015114585631181798,0.01624922229504658,0.002748806742729031,0.002748806742729031,-0.005999116328871966,0.002748806742729031,0.002748806742729031,0.002748806742729031
2022-02-04 00:00:00+00:00,0.0038248394037963796,0.00025306919375167223,-0.0012420388943568965,-0.006193110859470533,0.00025306919375167223,0.00025306919375167223,0.0033325605408305336,0.00025306919375167223,0.00025306919375167223,0.00025306919375167223
2022-02-05 00:00:00+00:00,-0.003129254310342347,0.0006888026341802961,0.0018715345288491333,-0.0002095770117349476,0.0006888026341802961,0.0006888026341802961,-0.0009087950834387819,0.0006888026341802961,0.0006888026341802961,0.0006888026341802961
2022-02-06 00:00:00+00:00,-0.0196615068054433,0.0019289864560301934,0.0023973166163606965,0.0038342212886612664,0.0019289864560301934,0.0019289864560301934,0.009855394601391855,0.0019289864560301934,0.0019289864560301934,0.0019289864560301934
2022-02-07 00:00:00+00:00,-0.010579961387233657,-0.000548110387871421,0.003390507614607058,0.012196488574780152,-0.000548110387871421,-0.000548110387871421,-0.014020566020860067,-0.000548110387871421,-0.000548110387871421,-0.000548110387871421
2022-02-08 00:00:00+00:00,0.0020721902237976317,0.00479353849751676,-0.0006028860106570514,-0.0015562227819389926,-0.008102417253457844,0.005360468381574985,-0.0021090808982002682,0.0007805215389212381,0.0007805215389212381,0.0007805215389212381
2022-02-09 00:00:00+00:00,0.005878840356516527,-0.0029128852872379665,0.0018118321919689102,2.5913696619789977e-05,-0.002191971003296823,-0.004400990435896659,0.0032902438165448617,-0.0015483060361339963,-0.0015483060361339963,-0.0015483060361339963
2022-02-10 00:00:00+00:00,0.001713406074006346,0.0093718229214385,0.0031834470240395115,0.00022235816277122383,-0.002557270366428052,-0.003286345293851987,0.002432581671418828,-0.002557270366428052,-0.002557270366428052,-0.002557270366428052
2022-02-11 00:00:00+00:00,-0.008611431925244495,0.0038510892296810574,0.000339727263474904,0.009908376822875783,0.00011372354991369075,0.00011372354991369075,-0.019935331008398092,0.00011372354991369075,0.00011372354991369075,0.00011372354991369075
2022-02-12 00:00:00+00:00,-0.0016635896538510033,-0.0013713673349033538,0.00030254547695985614,-0.0003894890898254296,-0.0007184190746385818,-0.0007184190746385818,-0.002487974460706783,-0.0007184190746385818,-0.0007184190746385818,-0.0007184190746385818
2022-02-13 00:00:00+00:00,0.007318604915866004,0.0005379726091521987,0.0031566342861693575,-0.0018807635599521308,0.0005379726091521987,0.0005379726091521987,-0.0007416081479094056,0.0005379726091521987,0.0005379726091521987,0.0005379726091521987
2022-02-14 00:00:00+00:00,0.009420475454349236,0.0027058351800697106,0.0022012462199206256,0.0032693429834541056,0.0027058351800697106,0.0027058351800697106,-0.0029281143482491785,0.0027058351800697106,0.0027058351800697106,0.0027058351800697106
2022-02-15 00:00:00+00:00,-0.0022849853169312913,-0.0005114757768149803,-0.0014833760198103359,0.00022391245164234418,-0.0005114757768149803,-0.0005114757768149803,-0.002270325586818635,-0.0005114757768149803,-0.0005114757768149803,-0.0005114757768149803
2022-02-16 00:00:00+00:00,-0.002071521740251819,-0.002494512413789789,-0.007070854060031859,-0.006499371398799681,-0.002494512413789789,-0.002494512413789789,0.0003057850344626901,-0.002494512413789789,-0.002494512413789789,-0.002494512413789789
2022-02-17 00:00:00+00:00,-0.010515469433664318,-0.0009089697027507407,-0.00015140812952182782,-0.0005099466519651509,-0.0009089697027507407,-0.0009089697027507407,-0.005356874239427241,-0.0009089697027507407,-0.0009089697027507407,-0.0009089697027507407
2022-02-18 00:00:00+00:00,-0.00443653639629537,0.00035661241349485995,-0.0014285854003589502,0.0011093115710635562,0.00035661241349485995,0.00035661241349485995,-0.0053027972159335164,0.00035661241349485995,0.00035661241349485995,0.00035661241349485995
2022-02-19 00:00:00+00:00,0.0026106182411668078,-0.0017506842556694346,-0.003154367893914819,-0.0052485614454469915,-0.0017506842556694346,-0.0017506842556694346,-0.004838905384684285,-0.0017506842556694346,-0.0017506842556694346,-0.0017506842556694346
2022-02-20 00:00:00+00:00,0.00953806876187079,-0.0024698981166371256,-0.002168128362753813,0.000849413107501692,-0.0024698981166371256,-0.0024698981166371256,0.01755279270279025,-0.0024698981166371256,-0.0024698981166371256,-0.0024698981166371256
2022-02-21 00:00:00+00:00,0.0011051232481870579,-0.00032629804682995206,0.004237058436465648,0.004403582538744294,0.001288090389502747,0.001288090389502747,-0.0020152485401359844,0.001288090389502747,0.001288090389502747,0.001288090389502747
2022-02-22 00:00:00+00:00,0.005160151615858554,-0.002460341661439029,-0.0025666290888516317,-0.0027432466860976435,-0.0007135625972297683,-0.0007135625972297683,0.00032753227090852256,-0.0007135625972297683,-0.0007135625972297683,-0.0007135625972297683
2022-02-23 00:00:00+00:00,0.002685371281325427,-0.0009677054429844483,0.005064870680581775,0.004183637015560356,0.0002563556612821506,0.0002563556612821506,-0.0026740650442915823,0.0002563556612821506,0.0002563556612821506,0.0002563556612821506
2022-02-24 00:00:00+00:00,0.0011723265941533795,0.002100628655068547,-0.001959774533511939,0.0014945124582245992,0.002100628655068547,0.002100628655068547,-0.007710354399844431,0.002100628655068547,0.002100628655068547,0.002100628655068547
2022-02-25 00:00:00+00:00,0.003425010228860889,0.0002877751384688545,-0.0006964274699705927,-0.005266740270796575,0.0002877751384688545,0.0002877751384688545,0.0007223124199297116,0.0002877751384688545,0.0002877751384688545,0.0002877751384688545
2022-02-26 00:00:00+00:00,-0.004422011412669545,-0.0019125385716821297,-0.0028934395918859203,-0.003629151125154733,-0.0019125385716821297,-0.0019125385716821297,-0.0030391154153851345,-0.0019125385716821297,-0.0019125385716821297,-0.0019125385716821297
2022-02-27 00:00:00+00:00,0.006810372833298077,0.0037746920724421686,0.019209943859381517,0.010537046107361106,0.0037746920724421686,0.0037746920724421686,-0.008187761564139811,0.0037746920724421686,0.0037746920724421686,0.0037746920724421686
2022-02-28 00:00:00+00:00,0.0033459231747025022,0.00024704761208931155,0.006751902654999213,0.007220801954637006,0.00024704761208931155,0.00024704761208931155,-0.0006565572691344462,0.00024704761208931155,0.00024704761208931155,0.00024704761208931155
2022-03-01 00:00:00+00:00,0.0071004868868390445,-0.010061527840932075,-0.0012623464448203378,0.0007841350286025926,-0.0009646604810254713,-0.0001944281401152122,-0.00021213971676297197,-0.0001944281401152122,-0.0001944281401152122,-0.0001944281401152122
2022-03-02 00:00:00+00:00,0.00015036019308707843,-0.001544277024735325,-0.004838473263210567,-0.004142906092027924,-0.0013456474483868148,-0.0007925547297053179,-0.00551720950623307,-0.0007925547297053179,-0.0007925547297053179,-0.0007925547297053179
2022-03-03 00:00:00+00:00,0.0036765394978866346,0.010967020780658874,-0.010608591873139867,-0.006122381427826958,-0.002593270034545018,-0.002593270034545018,0.0015243683459214776,-0.002593270034545018,-0.002593270034545018,-0.002593270034545018
2022-03-04 00:00:00+00:00,-0.004545992729391416,0.0026511109207852175,-0.000482659333134209,-0.0011593805289073196,0.0007986831511221617,0.0007986831511221617,-0.0027383756277989386,0.0007986831511221617,0.0007986831511221617,0.0007986831511221617
2022-03-05 00:00:00+00:00,-0.0018749284167755872,-0.002430024063722336,-0.0013167807489697955,-0.00029126369079841814,-0.0016814541687107446,-0.0016814541687107446,-0.004933154578454216,-0.0016814541687107446,-0.0016814541687107446,-0.0016814541687107446
2022-03-06 00:00:00+00:00,0.0024583451944333607,-0.0006857454207991473,0.0020728207289564264,0.011639908248974576,-0.0006857454207991473,-0.0006857454207991473,0.0026599384490434506,-0.0006857454207991473,-0.0006857454207991473,-0.0006857454207991473
2022-03-07 00:00:00+00:00,-0.0026070561894213236,0.0005384576873210502,0.00034916231373659804,-0.005723209867946591,0.0005384576873210502,0.0005384576873210502,-0.0019042909263895017,0.0005384576873210502,0.0005384576873210502,0.0005384576873210502
2022-03-08 00:00:00+00:00,0.0026154106699040544,0.002068752134903926,0.010850490546606254,0.0053070286468100076,0.002068752134903926,0.002068752134903926,-0.0072688530846942625,0.002068752134903926,0.002068752134903926,0.002068752134903926
2022-03-09 00:00:00+00:00,-0.004906483164732154,-0.0018542485512731506,-0.009640707404547703,-0.007373799177223135,-0.0018542485512731506,-0.0018542485512731506,0.002032856297227342,-0.0018542485512731506,-0.0018542485512731506,-0.0018542485512731506
2022-03-10 00:00:00+00:00,-0.017592450137991242,-0.00014050533369514917,-0.0033949145495863345,0.0059333989769254115,-0.00014050533369514917,-0.00014050533369514917,0.0018697221902364309,-0.00014050533369514917,-0.00014050533369514917,-0.00014050533369514917
2022-03-11 00:00:00+00:00,0.00024915803074364057,4.873707630382177e-05,-0.00041880940975734396,-0.0015644688446155377,4.873707630382177e-05,4.873707630382177e-05,-0.00048304023729810717,4.873707630382177e-05,4.873707630382177e-05,4.873707630382177e-05
2022-03-12 00:00:00+00:00,-0.0007071294667346846,-0.0011350323640155204,-0.002865835221799208,-0.006947629346858203,-0.0011350323640155204,-0.0011350323640155204,2.3342318337743083e-05,-0.0011350323640155204,-0.0011350323640155204,-0.0011350323640155204
2022-03-13 00:00:00+00:00,-0.009738340257919028,0.0009792496014639262,0.007995099911632558,0.000669551677938837,0.0009792496014639262,0.0009792496014639262,-0.005036947753616849,0.0009792496014639262,0.0009792496014639262,0.0009792496014639262
2022-03-14 00:00:00+00:00,-0.005498476071367668,0.00018881448180064334,-0.0036801708040842757,-0.006858095579356057,0.00018881448180064334,0.00018881448180064334,0.00406033497431967,0.00018881448180064334,0.00018881448180064334,0.00018881448180064334
2022-03-15 00:00:00+00:00,0.0007366287152387398,0.0019592974620159993,0.004425169019406197,-0.001715809590647996,0.0019592974620159993,0.0019592974620159993,-0.0011198735912016148,0.0019592974620159993,0.0019592974620159993,0.0019592974620159993
2022-03-16 00:00:00+00:00,0.004642115828099271,2.629627120030012e-05,0.0015151847412148377,-0.003302554489268585,2.629627120030012e-05,2.629627120030012e-05,0.005565967662963587,2.629627120030012e-05,2.629627120030012e-05,2.629627120030012e-05
2022-03-17 00:00:00+00:00,0.0023439969647512694,0.000978232576619994,0.0009286948715299994,-0.008314265463256159,0.000978232576619994,0.000978232576619994,0.002039689539556313,0.000978232576619994,0.000978232576619994,0.000978232576619994
2022-03-18 00:00:00+00:00,-0.00836142867644805,0.0007978025633064348,-9.304738925827974e-05,-0.005996872937145343,0.0007978025633064348,0.0007978025633064348,-1.3751579584771775e-05,0.0007978025633064348,0.0007978025633064348,0.0007978025633064348
2022-03-19 00:00:00+00:00,-0.0019704282856557584,-0.0011442372787926819,-0.0019755495417911107,2.4747308908048865e-06,-0.0011442372787926819,-0.0011442372787926819,-0.0045561114335659,-0.0011442372787926819,-0.0011442372787926819,-0.0011442372787926819
2022-03-20 00:00:00+00:00,-0.0019214800723562407,-0.0017735189988560775,-0.0013457711804472055,-0.001966584038453112,0.00046539783175738653,0.00046539783175738653,0.00043964368457530376,0.00046539783175738653,0.00046539783175738653,0.00046539783175738653
2022-03-21 00:00:00+00:00,-0.008312658554671918,0.00011755774663210923,0.0036914897001729223,-0.004321442672717656,0.0008813935034427061,0.0008813935034427061,0.003795678064314696,0.0008813935034427061,0.0008813935034427061,0.0008813935034427061
2022-03-22 00:00:00+00:00,-0.0041864121989453,0.0010308669869594175,0.0029674700314085583,-0.0094325854046266,0.0010308669869594175,0.0010308669869594175,-0.007395212854343355,0.0010308669869594175,0.0010308669869594175,0.0010308669869594175
2022-03-23 00:00:00+00:00,0.005643661056472253,-0.0009388876558031707,0.001961032114872723,-0.004003180437700452,0.0010032496391626721,0.0010032496391626721,-0.0019364398809744003,0.0010032496391626721,0.0010032496391626721,0.0010032496391626721
2022-03-24 00:00:00+00:00,0.0038250399461823136,0.002296245102546608,0.004556077296245041,-0.004222747497869037,-0.0021430248863132384,-0.0009994437920918626,-0.004531545524295146,-0.0009994437920918626,-0.0009994437920918626,-0.0009994437920918626
2022-03-25 00:00:00+00:00,-0.002214696517011062,-0.002914764546174578,0.000555157047355235,0.0020403347430624154,7.020655770165012e-05,0.0007244809782623436,-0.0048973181714647655,0.0007244809782623436,0.0007244809782623436,0.0007244809782623436
2022-03-26 00:00:00+00:00,0.0036893908896022303,0.0002937863699907788,0.006012924270807382,0.00188657278602049,0.0016326873183408015,0.0016326873183408015,0.00752941034733764,0.0016326873183408015,0.0016326873183408015,0.0016326873183408015
2022-03-27 00:00:00+00:00,-0.0009404031131796785,-9.673827526108809e-05,0.00399703412501209,-0.002038612808158701,-0.00035989549745848385,-0.00035989549745848385,0.0023261280754972528,-0.00035989549745848385,-0.00035989549745848385,-0.00035989549745848385
2022-03-28 00:00:00+00:00,0.0007653376960377765,0.00042909636054444533,-0.000600129487994992,0.003712971414158802,0.0007625101968374158,0.0007625101968374158,-0.006204016614165971,0.0007625101968374158,0.0007625101968374158,0.0007625101968374158
2022-03-29 00:00:00+00:00,0.003448621047377386,0.0013968672087313243,-0.0009581001943434997,-0.0037776580895457434,0.00045120689755744466,0.00045120689755744466,0.009282610102802966,0.00045120689755744466,0.00045120689755744466,0.00045120689755744466
2022-03-30 00:00:00+00:00,0.003441496811013074,-0.00809344420034564,-0.005073050014243556,0.000827177990653516,-0.0010092913473686215,-0.0010092913473686215,0.003200616386759866,-0.0010092913473686215,-0.0010092913473686215,-0.0010092913473686215
2022-03-31 00:00:00+00:00,0.006336165162452395,-0.010700555129771088,0.005027411855767788,0.002356048514720542,0.0010647959685978672,0.0010647959685978672,-0.006604845854387746,0.0010647959685978672,0.0010647959685978672,0.0010647959685978672
2022-04-01 00:00:00+00:00,0.0012633313710049277,0.0032435517110332985,-0.0046973570571289995,0.0016484169015080923,5.263162259550497e-05,5.263162259550497e-05,-0.00702138957123673,5.263162259550497e-05,5.263162259550497e-05,5.263162259550497e-05
2022-04-02 00:00:00+00:00,-0.0007175480668661447,-0.002335619145459234,0.002106161862616501,-0.0009510582565442587,0.0009007337270442071,0.0009007337270442071,-0.002853779605997152,0.0009007337270442071,0.0009007337270442071,0.0009007337270442071
2022-04-03 00:00:00+00:00,-0.0036669332848746003,0.0008555011015410818,0.004883022905916051,0.002573600798841675,-0.0006459980689501702,-0.0006459980689501702,-0.0057582664635403066,-0.0006459980689501702,-0.0006459980689501702,-0.0006459980689501702
2022-04-04 00:00:00+00:00,0.00018347602373058482,0.0011503008236911597,-0.00029461223742615716,-0.004457311382724509,-0.0012735769668008514,-0.0012735769668008514,-0.000645576557368062,-0.0012735769668008514,-0.0012735769668008514,-0.0012735769668008514
2022-04-05 00:00:00+00:00,0.0009348001090651479,-0.003845225312453869,-0.003875878046604015,-0.004625801304386357,-0.0030820758063603367,-0.0030820758063603367,-0.003140065100164963,-0.0030820758063603367,-0.0030820758063603367,-0.0030820758063603367
2022-04-06 00:00:00+00:00,0.003293105035849339,0.0011382281153453386,0.0015146657874541495,0.0022284224471085757,0.0011382281153453386,0.0011382281153453386,0.001971086859386459,0.0011382281153453386,0.0011382281153453386,0.0011382281153453386
2022-04-07 00:00:00+00:00,0.0023241946672275743,-0.001897064218833183,-0.0033852817040585215,0.00014956257568008049,-0.0015028152927846316,-0.0015028152927846316,-0.0011749836424264377,-0.0015028152927846316,-0.0015028152927846316,-0.0015028152927846316
2022-04-08 00:00:00+00:00,-8.903670446911337e-05,-4.647622116161706e-05,0.0009807468817715143,0.002100054359999132,0.0005923075809709373,0.0005923075809709373,-0.004258098618134008,0.0005923075809709373,0.0005923075809709373,0.0005923075809709373
2022-04-09 00:00:00+00:00,-0.0006275717154989158,0.0010951495953546932,-0.0015935358121543148,-0.0003351050375709512,-0.0007870526327328447,-0.0007870526327328447,-0.0009580588448379824,-0.0007870526327328447,-0.0007870526327328447,-0.0007870526327328447
2022-04-10 00:00:00+00:00,0.0042043435874986376,-0.0037678246174206137,-0.006400742797281203,-0.0045869486045591245,-0.003129150504889169,-0.003129150504889169,0.003916053273071841,-0.003129150504889169,-0.003129150504889169,-0.003129150504889169
2022-04-11 00:00:00+00:00,0.0006627235780654855,0.001046526420810011,0.0033959318495102968,0.0015280701885527401,0.001046526420810011,0.001046526420810011,-0.0076723884199586,0.001046526420810011,0.001046526420810011,0.001046526420810011
2022-04-12 00:00:00+00:00,-0.004563365405360485,-0.0004699130543337578,0.002704743898300123,-0.00242526467711884,0.0008305884439054817,0.0008305884439054817,-0.0004425481478141863,0.0008305884439054817,0.0008305884439054817,0.0008305884439054817
2022-04-13 00:00:00+00:00,0.0025293429624441872,-0.00177499223848633,-0.0031907566213238794,-0.007970242255458898,-0.0010540461397084285,-0.0010540461397084285,-0.0003369355073988031,-0.0010540461397084285,-0.0010540461397084285,-0.0010540461397084285
2022-04-14 00:00:00+00:00,-0.0022255226606340914,0.0007243477932219436,0.0004487202661003888,-0.008680425880206512,0.0007243477932219436,0.0007243477932219436,0.0034650083493193936,0.0007243477932219436,0.0007243477932219436,0.0007243477932219436
2022-04-15 00:00:00+00:00,0.0010174229953324283,0.00013455034378850745,-0.002692742712466876,-0.004605347557382257,0.00013455034378850745,0.00013455034378850745,0.002052896563861808,0.00013455034378850745,0.00013455034378850745,0.00013455034378850745
2022-04-16 00:00:00+00:00,0.004189012135855449,-0.0011908966882765973,-0.00022200675598437397,0.0027863456977442365,-0.0011908966882765973,-0.0011908966882765973,0.004608034157041849,-0.0011908966882765973,-0.0011908966882765973,-0.0011908966882765973
2022-04-17 00:00:00+00:00,0.001681073090856117,0.0010249850560104512,0.003487479838731415,-0.002592370293666168,0.0010249850560104512,0.0010249850560104512,-0.00033952948194811497,0.0010249850560104512,0.0010249850560104512,0.0010249850560104512
2022-04-18 00:00:00+00:00,-0.0010063651071056104,0.0008106901663449811,0.0011543366621116942,-0.00020506030996017224,0.0008106901663449811,0.0008106901663449811,-0.000604894229250186,0.0008106901663449811,0.0008106901663449811,0.0008106901663449811
2022-04-19 00:00:00+00:00,-0.0004759267737912351,-0.0005056315088777316,-0.0008093223523433596,-0.004207836419359213,-0.0005056315088777316,-0.0005056315088777316,0.001926454603374119,-0.0005056315088777316,-0.0005056315088777316,-0.0005056315088777316
2022-04-20 00:00:00+00:00,-0.00020663899940107588,-0.0012510885864595,-0.002065678131152088,-0.0018065448945483956,-0.0012510885864595,-0.0012510885864595,0.0003969682129705374,-0.0012510885864595,-0.0012510885864595,-0.0012510885864595
2022-04-21 00:00:00+00:00,0.00185195679370226,-0.0002013231929846301,-0.003697822131823812,-0.0031772780831702857,-0.0002013231929846301,-0.0002013231929846301,0.005235673518553259,-0.0002013231929846301,-0.0002013231929846301,-0.0002013231929846301
2022-04-22 00:00:00+00:00,0.004078468303081917,-0.0003056354175494702,-0.0022140213909197714,-0.0005506479982551957,-0.0003056354175494702,-0.0003056354175494702,-0.00210735636395076,-0.0003056354175494702,-0.0003056354175494702,-0.0003056354175494702
2022-04-23 00:00:00+00:00,-0.0038767276873314114,-0.0004936848726634807,0.0012129148656956465,0.0008832006778231237,-0.0004936848726634807,-0.0004936848726634807,-0.0005950403258518338,-0.0004936848726634807,-0.0004936848726634807,-0.0004936848726634807
2022-04-24 00:00:00+00:00,0.005117601266364218,0.0003217298238980772,0.005855854736449717,0.0029489466828301015,0.0003217298238980772,0.0003217298238980772,0.0066269260766147805,0.0003217298238980772,0.0003217298238980772,0.0003217298238980772
2022-04-25 00:00:00+00:00,0.0028670129844364295,-0.002531228089405448,-0.006782986925790582,0.0006200411255080419,-0.002531228089405448,-0.002531228089405448,0.002202539154888542,-0.002531228089405448,-0.002531228089405448,-0.002531228089405448
2022-04-26 00:00:00+00:00,0.0017794992909625988,0.0008375800269839407,0.005003179822380395,0.002118467161194166,0.0008375800269839407,0.0008375800269839407,-0.009183288482101362,0.0008375800269839407,0.0008375800269839407,0.0008375800269839407
2022-04-27 00:00:00+00:00,-0.0024402264056729355,0.0012321368757700606,0.007447308401735686,0.014657793542130948,-0.00014151298248501394,-0.00014151298248501394,0.0009740250755434931,-0.00014151298248501394,-0.00014151298248501394,-0.00014151298248501394
2022-04-28 00:00:00+00:00,-0.0023011459323991883,-0.006338133069141809,-0.002802960245365606,0.0013226313999979058,-0.0018241375387883872,-0.0018241375387883872,-0.0001805937250570031,-0.0018241375387883872,-0.0018241375387883872,-0.0018241375387883872
2022-04-29 00:00:00+00:00,-0.006703244269946929,-0.006648682071276626,0.004042855046661219,0.006202633771462473,-0.002724985670360178,-0.002724985670360178,-0.008447595157635365,-0.002724985670360178,-0.002724985670360178,-0.002724985670360178
2022-04-30 00:00:00+00:00,-0.0016629822396207051,0.0017330328665105571,0.0011537437416887257,-0.0001834958334726244,0.001367868487156399,0.001367868487156399,0.004995009891465254,0.001367868487156399,0.001367868487156399,0.001367868487156399
2022-05-01 00:00:00+00:00,0.0018375659161975666,-0.005158616609862904,0.002763624307954068,0.0032639213383867643,-0.00015386120970120116,-0.00015386120970120116,-7.19446421355908e-05,-0.00015386120970120116,-0.00015386120970120116,-0.00015386120970120116
2022-05-02 00:00:00+00:00,-0.003170575957709565,0.0017338281741383693,-0.0052800969515414894,-0.004397555638794772,-0.00047570382913405347,-0.00047570382913405347,0.0010910564000220695,-0.00047570382913405347,-0.00047570382913405347,-0.00047570382913405347
2022-05-03 00:00:00+00:00,-0.0031678925922276877,0.0023301525442329745,0.0011074206512603365,-0.00726128957074315,0.0032566102118613757,0.0032566102118613757,-0.0006517198096768928,0.0032566102118613757,0.0032566102118613757,0.0032566102118613757
2022-05-04 00:00:00+00:00,0.0033775223434721886,-0.0035514219326867355,-0.00637482050942394,-0.0005661880782813406,-0.0035514219326867355,-0.0035514219326867355,0.0022051593926781677,-0.0035514219326867355,-0.0035514219326867355,-0.0035514219326867355
2022-05-05 00:00:00+00:00,-0.0045804325503980454,-0.0005154922167055974,0.0004041938111357317,-0.0025226883984048104,-0.00013191407124272592,-0.0005154922167055974,-0.0005094041636437967,-0.0005154922167055974,-0.0005154922167055974,-0.0005154922167055974
2022-05-06 00:00:00+00:00,0.002407953997641883,-4.116942006885337e-06,-0.0027791178128388897,0.00032074747545335564,-0.001977763192428042,-0.0013335630116247128,0.001656814189218096,-0.0013335630116247128,-0.0013335630116247128,-0.0013335630116247128
2022-05-07 00:00:00+00:00,-0.012063460977952647,-0.003906234090369668,-0.006875188426899643,-0.005182036409656662,-0.0012995733969141646,-0.0012995733969141646,0.001216094549518432,-0.0012995733969141646,-0.0012995733969141646,-0.0012995733969141646
2022-05-08 00:00:00+00:00,0.009472518590705513,-0.007476709538758349,-0.01209211423029639,-0.00620836896731876,-0.006887621740282289,-0.006887621740282289,-0.009723166723309105,-0.006887621740282289,-0.006887621740282289,-0.006887621740282289
2022-05-09 00:00:00+00:00,0.005622881585404762,0.00031379124220713803,0.004406018562475168,0.0009840740760966075,0.0022437871145349203,0.0022437871145349203,0.0017326026846161127,0.0022437871145349203,0.0022437871145349203,0.0022437871145349203
2022-05-10 00:00:00+00:00,0.006751439200330832,0.023924259596929925,0.009056890755814043,0.025361835100613385,0.006317138439169387,-0.007517471795951366,-0.0036269957139070533,-0.007517471795951366,-0.007517471795951366,-0.007517471795951366
2022-05-11 00:00:00+00:00,-0.010853125038384875,0.012102901105985444,0.00483519780206533,0.005460142926916092,-0.003317856641133373,-0.0022339712751605037,-0.009141419280782777,-0.0022339712751605037,-0.0022339712751605037,-0.0022339712751605037
2022-05-12 00:00:00+00:00,-0.010467348558608097,-0.006786229732696216,-0.009960599992216834,-0.019852491471962157,0.002730837660743565,0.002730837660743565,0.01029603752366881,0.002730837660743565,0.002730837660743565,0.002730837660743565
2022-05-13 00:00:00+00:00,0.014735585482058352,-0.004212690362780985,0.0008097899277214457,-0.00276840917252362,0.001148969050166415,0.001148969050166415,-0.00025108775171953546,0.001148969050166415,0.001148969050166415,0.001148969050166415
2022-05-14 00:00:00+00:00,0.0016612667478541582,0.00176371239527515,0.0035073091007330904,-0.0024857791536212637,0.002504951275473381,0.002504951275473381,-0.00725063433030926,0.002504951275473381,0.002504951275473381,0.002504951275473381
2022-05-15 00:00:00+00:00,-0.008324771968490404,-0.002659979147040608,-0.0009065829028624728,0.000528315329414018,-0.002659979147040608,-0.002659979147040608,-8.108121886946009e-06,-0.002659979147040608,-0.002659979147040608,-0.002659979147040608
2022-05-16 00:00:00+00:00,-0.006411704014201635,0.001473397802324314,-0.003776280921378048,-0.006404576326828821,0.001473397802324314,0.001473397802324314,0.0044710342399240325,0.001473397802324314,0.001473397802324314,0.001473397802324314
2022-05-17 00:00:00+00:00,0.017841671676518435,-0.0038982516089257862,0.0033461974551084795,0.01171730044690653,-0.0038982516089257862,-0.0038982516089257862,-0.0009227873661322842,-0.0038982516089257862,-0.0038982516089257862,-0.0038982516089257862
2022-05-18 00:00:00+00:00,0.0006700349998401496,0.0017574160630740234,0.005513771735607738,0.010436227236444367,0.0017574160630740234,0.0017574160630740234,-0.003957243035580031,0.0017574160630740234,0.0017574160630740234,0.0017574160630740234
2022-05-19 00:00:00+00:00,0.005712897760615598,-0.0010363892381345455,-0.001433387086915849,-0.0002493019280623077,-0.0010363892381345455,-0.0010363892381345455,-0.011757967721545685,-0.0010363892381345455,-0.0010363892381345455,-0.0010363892381345455
2022-05-20 00:00:00+00:00,-0.0002534549566615068,0.0006212323036467426,-0.0005442861315400037,0.0005207771258341168,0.0006212323036467426,0.0006212323036467426,0.004658676122779045,0.0006212323036467426,0.0006212323036467426,0.0006212323036467426
2022-05-21 00:00:00+00:00,0.0017635690777642434,0.0010629371450749684,0.002828247779519977,-0.0009581184664279159,0.0010629371450749684,0.0010629371450749684,-0.002484510461488197,0.0010629371450749684,0.0010629371450749684,0.0010629371450749684
2022-05-22 00:00:00+00:00,-0.001826524733673285,-0.0014451481431896687,-0.0024879787703990957,0.0014777236189183324,-0.0014451481431896687,-0.0014451481431896687,0.006172241139608546,-0.0014451481431896687,-0.0014451481431896687,-0.0014451481431896687
2022-05-23 00:00:00+00:00,-0.002475703650338979,0.0005210273670374386,0.0019402047195332729,0.003615877464010584,0.0005210273670374386,0.0005210273670374386,0.0006282064590663594,0.0005210273670374386,0.0005210273670374386,0.0005210273670374386
2022-05-24 00:00:00+00:00,-0.0005935023564777884,-0.0009192959046642463,0.004054768817968433,0.006966309313964197,-0.0009192959046642463,-0.0009192959046642463,-0.001977103692966045,-0.0009192959046642463,-0.0009192959046642463,-0.0009192959046642463
2022-05-25 00:00:00+00:00,-0.009347602749717016,-0.002652320689245657,0.004831051696534559,0.005018108169005325,-0.002652320689245657,-0.002652320689245657,0.009097623834868656,-0.002652320689245657,-0.002652320689245657,-0.002652320689245657
2022-05-26 00:00:00+00:00,-0.000432225931296979,-0.0010605319376575711,-0.0008899503247436542,0.004952418457131859,-0.0010605319376575711,-0.0010605319376575711,0.007282633436700472,-0.0010605319376575711,-0.0010605319376575711,-0.0010605319376575711
2022-05-27 00:00:00+00:00,7.306716582797626e-06,0.0012336229602877983,-0.0026014645071644436,-0.006968280527554983,0.0012336229602877983,0.0012336229602877983,0.004175034919308374,0.0012336229602877983,0.0012336229602877983,0.0012336229602877983
2022-05-28 00:00:00+00:00,-0.002815187808023901,0.0006963606312003118,-0.0006881866138281931,-0.0046618910908678285,0.0006963606312003118,0.0006963606312003118,-0.0037695913876333448,0.0006963606312003118,0.0006963606312003118,0.0006963606312003118
2022-05-29 00:00:00+00:00,-0.0014386953190483438,0.0026603077794930476,0.009158385439449149,0.0007459231980366196,0.0026603077794930476,0.0026603077794930476,-0.023980091753014528,0.0026603077794930476,0.0026603077794930476,0.0026603077794930476
2022-05-30 00:00:00+00:00,-0.012034744345747627,-9.123098743736575e-05,0.0007958541202312674,0.0038642048600897845,-9.123098743736575e-05,-9.123098743736575e-05,-0.006505340533326494,-9.123098743736575e-05,-9.123098743736575e-05,-9.123098743736575e-05
2022-05-31 00:00:00+00:00,0.004911910754640636,0.0018781384655636765,-0.0027410569180266946,-0.002700525041152244,-0.003104788866568785,-0.003104788866568785,0.004078131220048445,-0.003104788866568785,-0.003104788866568785,-0.003104788866568785
2022-06-01 00:00:00+00:00,-0.0051294470717958545,-0.0045047539092831134,0.00030447597840803175,0.006404375837872807,0.001062872737486394,0.001062872737486394,-0.0008163696730779956,0.001062872737486394,0.001062872737486394,0.001062872737486394
2022-06-02 00:00:00+00:00,-0.0008776090458694438,-0.002294840406637147,-0.0006614598480263795,-0.0009289693452564381,-0.001572080692650344,-0.001572080692650344,-0.0018969383747883036,-0.001572080692650344,-0.001572080692650344,-0.001572080692650344
2022-06-03 00:00:00+00:00,-0.0023615712528627097,0.0007523560696179734,-0.0018612124322844841,-0.0005195928063076882,0.0007523560696179734,0.0007523560696179734,-0.00671484642283489,0.0007523560696179734,0.0007523560696179734,0.0007523560696179734
2022-06-04 00:00:00+00:00,-0.003030448196347848,-5.5292203922579505e-05,0.0009161519805758309,0.003711055934674668,-5.5292203922579505e-05,-5.5292203922579505e-05,-0.0027045762605468994,-5.5292203922579505e-05,-5.5292203922579505e-05,-5.5292203922579505e-05
2022-06-05 00:00:00+00:00,0.0016214760677952366,0.001445835672683897,0.0023521457268490297,-0.002398899439044082,0.001445835672683897,0.001445835672683897,0.0023303223879155375,0.001445835672683897,0.001445835672683897,0.001445835672683897
2022-06-06 00:00:00+00:00,-0.015366177253211362,-0.0005250357239354979,0.00026433329409388006,0.023473939309256047,-0.0005250357239354979,-0.0005250357239354979,-0.009551453584572118,-0.0005250357239354979,-0.0005250357239354979,-0.0005250357239354979
2022-06-07 00:00:00+00:00,-0.007352504448534061,-0.004240480776485266,-0.004487582852025894,0.009105679067777567,-0.00047800843874431256,-0.00047800843874431256,0.011322604788926877,-0.00047800843874431256,-0.00047800843874431256,-0.00047800843874431256
2022-06-08 00:00:00+00:00,-0.004607819496685222,-0.012080328626463563,-0.0027419783404674446,0.005031995328300179,0.0004226729080121027,0.0004226729080121027,-5.814433324255572e-05,0.0004226729080121027,0.0004226729080121027,0.0004226729080121027
2022-06-09 00:00:00+00:00,0.013947108811155214,0.012685352612827442,0.0029838542874354775,-0.0006151859407514306,-0.002498267050918259,-0.002498267050918259,-0.001961188632690574,-0.002498267050918259,-0.002498267050918259,-0.002498267050918259
2022-06-10 00:00:00+00:00,0.0015642240462169167,0.010711411946857534,0.002727206425434205,0.006526831217759871,-0.0026571685051958917,-0.0026571685051958917,-0.004706530529253514,-0.0026571685051958917,-0.0026571685051958917,-0.0026571685051958917
2022-06-11 00:00:00+00:00,-0.0032274313941500184,-0.002889174352783494,-0.0022355097472725686,-0.005694029808291892,-0.002987830494385248,-0.002987830494385248,-0.007849926367467836,-0.002987830494385248,-0.002987830494385248,-0.002987830494385248
2022-06-12 00:00:00+00:00,-0.0448202239897105,-0.008632994023863211,-0.034393134328456774,-0.00963099676476491,-0.0031339030687646554,-0.0031339030687646554,0.025853780784942732,-0.0031339030687646554,-0.0031339030687646554,-0.0031339030687646554
2022-06-13 00:00:00+00:00,-0.023983307141729828,-0.02486454107133871,-0.008576605839062064,-0.0015886486041109056,0.000811668239013233,0.000811668239013233,0.01424113707379914,0.000811668239013233,0.000811668239013233,0.000811668239013233
2022-06-14 00:00:00+00:00,-0.019120412778583822,-0.004091547316011368,-0.006063287491246592,-0.004178706772370866,0.0011101092901989614,0.0030590484188011352,0.008732664276795008,0.0030590484188011352,0.0030590484188011352,0.0030590484188011352
2022-06-15 00:00:00+00:00,-0.005537391196043827,-0.007075568785282789,-0.008453770466649711,0.004885818574086713,-0.004961702553460936,-0.004389311961997029,0.005675795191784746,-0.004389311961997029,-0.004389311961997029,-0.004389311961997029
2022-06-16 00:00:00+00:00,-0.00028536253418391525,-0.005110159999820817,-0.0025370681351837223,-0.002724842704443694,0.0006765156453920327,0.0006765156453920327,-0.0007092135775135281,0.0006765156453920327,0.0006765156453920327,0.0006765156453920327
2022-06-17 00:00:00+00:00,-0.025710805037906254,-0.035262763214118434,-0.012905015182221037,0.00941245451714373,-0.0018776922031467583,-0.0018776922031467583,0.0011669625440941418,-0.0018776922031467583,-0.0018776922031467583,-0.0018776922031467583
2022-06-18 00:00:00+00:00,0.02149328924473336,0.0017467960062310345,0.006063480294097823,-0.008257149830748663,0.0029484948464042608,0.0029484948464042608,-0.011322085108105721,0.0029484948464042608,0.0029484948464042608,0.0029484948464042608
2022-06-19 00:00:00+00:00,-0.005549615198497976,0.0006748996530999198,-0.00421886339568135,-4.679020974791441e-05,0.0006748996530999198,0.0006748996530999198,0.002293988571157958,0.0006748996530999198,0.0006748996530999198,0.0006748996530999198
2022-06-20 00:00:00+00:00,0.0007245247154489652,0.0002581668654248114,0.0026146887712144647,0.002051424894702092,0.0002581668654248114,0.0002581668654248114,-0.003494035047178189,0.0002581668654248114,0.0002581668654248114,0.0002581668654248114
2022-06-21 00:00:00+00:00,0.004444629310328773,-0.0008108949760924165,-0.006592465613870634,0.003845784984044507,-0.0008108949760924165,-0.0008108949760924165,0.0029131068057176583,-0.0008108949760924165,-0.0008108949760924165,-0.0008108949760924165
2022-06-22 00:00:00+00:00,0.020795820378772513,0.0030130648184242626,-0.0022020595346953424,-0.010381273169911914,0.0030130648184242626,0.0030130648184242626,0.01367225247047072,0.0030130648184242626,0.0030130648184242626,0.0030130648184242626
2022-06-23 00:00:00+00:00,0.001398732573936828,0.0017630612310017605,0.0003217737849003917,-0.00481176070231118,0.0017630612310017605,0.0017630612310017605,0.0018798044614451366,0.0017630612310017605,0.0017630612310017605,0.0017630612310017605
2022-06-24 00:00:00+00:00,0.001860953031855339,0.0004561330738101268,-0.0014782387315637733,0.0009090188877812326,0.0004561330738101268,0.0004561330738101268,1.6580768904107357e-05,0.0004561330738101268,0.0004561330738101268,0.0004561330738101268
2022-06-25 00:00:00+00:00,0.001223380692894795,-0.0016338020561437944,0.0021766116028568536,-0.0059621950014754855,-0.0016338020561437944,-0.0016338020561437944,-0.003193343678260252,-0.0016338020561437944,-0.0016338020561437944,-0.0016338020561437944
2022-06-26 00:00:00+00:00,0.004456852761734194,-0.0006353686863004042,-0.00013614863985421768,-0.006327469770886382,-0.0006353686863004042,-0.0006353686863004042,-0.0010337071326446928,-0.0006353686863004042,-0.0006353686863004042,-0.0006353686863004042
2022-06-27 00:00:00+00:00,0.00490690945430982,-0.0015827382064846347,4.3396252089571564e-05,-0.00597512455468945,-0.0015827382064846347,-0.0015827382064846347,-0.005249723181387385,-0.0015827382064846347,-0.0015827382064846347,-0.0015827382064846347
2022-06-28 00:00:00+00:00,-0.0025988366481958366,-0.0005694297992079632,-0.0018584696096569794,0.005349742187371536,-0.0005694297992079632,-0.0005694297992079632,-0.010181409315377282,-0.0005694297992079632,-0.0005694297992079632,-0.0005694297992079632
2022-06-29 00:00:00+00:00,-0.0062924419874120585,-0.0002723460230727232,0.002477257229909614,0.006126219703579252,-0.0002723460230727232,-0.0002723460230727232,-0.005730795093843754,-0.0002723460230727232,-0.0002723460230727232,-0.0002723460230727232
2022-06-30 00:00:00+00:00,0.0033798042452990364,-0.0008079359553330792,-0.0035806170578202663,-0.0037351527103732882,-0.0008079359553330792,-0.0008079359553330792,-0.008405787217975904,-0.0008079359553330792,-0.0008079359553330792,-0.0008079359553330792
2022-07-01 00:00:00+00:00,0.0008175761231992423,0.0004356360257365125,-0.0028737254954270455,-0.0019403122688964433,0.0004356360257365125,0.0004356360257365125,0.002696346314210416,0.0004356360257365125,0.0004356360257365125,0.0004356360257365125
2022-07-02 00:00:00+00:00,-0.0023435343623558814,-3.1554515208197106e-05,0.003406295513574199,-0.001739509564137118,-3.1554515208197106e-05,-3.1554515208197106e-05,-0.0020966952111821104,-3.1554515208197106e-05,-3.1554515208197106e-05,-3.1554515208197106e-05
2022-07-03 00:00:00+00:00,0.005862426341938795,0.0017413361492792927,0.004186625678953665,-0.004465665393469576,0.0017413361492792927,0.0017413361492792927,-0.013602340437866041,0.0017413361492792927,0.0017413361492792927,0.0017413361492792927
2022-07-04 00:00:00+00:00,0.008506215442453571,-0.0003448222651342117,0.0017806736735673876,-0.0018124299872021247,-0.0003448222651342117,-0.0003448222651342117,-8.661942123022715e-05,-0.0003448222651342117,-0.0003448222651342117,-0.0003448222651342117
2022-07-05 00:00:00+00:00,0.005448756631620362,0.0007802748823323158,0.001473798512037162,-0.0024817215702063835,0.0007802748823323158,0.0007802748823323158,0.0007544306297985891,0.0007802748823323158,0.0007802748823323158,0.0007802748823323158
2022-07-06 00:00:00+00:00,-0.0019964910603761897,0.001393309744369298,0.0030786970532649316,-0.007529948360425968,0.001393309744369298,0.001393309744369298,-0.008600179383543986,0.001393309744369298,0.001393309744369298,0.001393309744369298
2022-07-07 00:00:00+00:00,-0.0024520833809438813,-0.0003970351814191995,-0.00020349761367500582,0.009039717298700387,-0.0003970351814191995,-0.0003970351814191995,-0.0019666274390263048,-0.0003970351814191995,-0.0003970351814191995,-0.0003970351814191995
2022-07-08 00:00:00+00:00,0.00047191519638509395,0.0003312945907053255,-0.0009807147982214728,-0.0034477266616415353,0.0003312945907053255,0.0003312945907053255,-0.011152274394942107,0.0003312945907053255,0.0003312945907053255,0.0003312945907053255
2022-07-09 00:00:00+00:00,-0.005386527340930184,-0.0012271087226684884,-0.005271782642216327,0.0050905688030666845,-0.0012271087226684884,-0.0012271087226684884,-0.004302034894336863,-0.0012271087226684884,-0.0012271087226684884,-0.0012271087226684884
2022-07-10 00:00:00+00:00,0.002273583189974726,-0.0018279614832362651,-0.002185332789298586,-0.0018126536087239345,-0.0018279614832362651,-0.0018279614832362651,0.0019495967102384588,-0.0018279614832362651,-0.0018279614832362651,-0.0018279614832362651
2022-07-11 00:00:00+00:00,0.004418952268789582,-0.0010831922044127447,-4.714985800731673e-05,-0.0003452843915981163,-0.0010831922044127447,-0.0010831922044127447,0.0009813474900452496,-0.0010831922044127447,-0.0010831922044127447,-0.0010831922044127447
2022-07-12 00:00:00+00:00,-0.009937941035816005,-0.0006411057363517586,-0.003953383220417351,0.01614997560941073,0.0021824126582468306,0.0021824126582468306,0.0017971133378094305,0.0021824126582468306,0.0021824126582468306,0.0021824126582468306
2022-07-13 00:00:00+00:00,-0.013867564480945786,-0.005744903236028259,-0.004647959051057672,0.011593256306060451,0.0015558747229645403,0.0015558747229645403,-0.005719144151809141,0.0015558747229645403,0.0015558747229645403,0.0015558747229645403
2022-07-14 00:00:00+00:00,-0.0022203762029536812,-0.0005790831100068404,-0.0002538555805612868,-0.003087754612244324,0.00011172713302183656,0.00011172713302183656,-0.0015042174670097047,0.00011172713302183656,0.00011172713302183656,0.00011172713302183656
2022-07-15 00:00:00+00:00,-0.009091051205109977,0.006523425897088663,-0.005570151019146115,-2.2238926398014452e-05,0.0016411930598834788,0.0016411930598834788,-0.014011635153899197,0.0016411930598834788,0.0016411930598834788,0.0016411930598834788
2022-07-16 00:00:00+00:00,-0.005350126364467636,-0.012454718441036666,-0.006404270828573404,0.0025655191979311546,-0.0005522590791759366,-0.0005522590791759366,0.0028050086384897987,-0.0005522590791759366,-0.0005522590791759366,-0.0005522590791759366
2022-07-17 00:00:00+00:00,-0.020643356578642122,-0.018446537775546838,-0.011760233101576081,0.02289705362174398,0.0035766566760446787,0.0035766566760446787,0.00233786425156481,0.0035766566760446787,0.0035766566760446787,0.0035766566760446787
2022-07-18 00:00:00+00:00,0.017202151824532667,0.009809930792500917,0.015720245945988344,-0.010258532041257621,0.0007072730314418057,0.0007072730314418057,-0.0036596704809491926,0.0007072730314418057,0.0007072730314418057,0.0007072730314418057
2022-07-19 00:00:00+00:00,-0.0022187848552359156,-0.009703946250812404,0.0011377357226461213,-0.003011781485150616,0.00040520935285762725,-0.0015612855186170065,0.00041692190847095363,-0.0015612855186170065,-0.0015612855186170065,-0.0015612855186170065
2022-07-20 00:00:00+00:00,-0.009616879200833081,0.0012235808361239675,-0.006602095721658198,0.015428678596635275,0.00048217266276053385,0.0012645154475288177,-0.0025567034471902553,0.0012645154475288177,0.0012645154475288177,0.0012645154475288177
2022-07-21 00:00:00+00:00,0.004296141401896697,-0.0021204525242138057,0.002920022086650321,-0.001441555630786232,-0.0012070874690843611,-0.0012070874690843611,-0.00045021431301144423,-0.0012070874690843611,-0.0012070874690843611,-0.0012070874690843611
2022-07-22 00:00:00+00:00,-0.0038645684089459033,0.01055901321741647,-0.007337715829919512,-0.005506026038560545,8.65932126378292e-05,8.65932126378292e-05,-0.0001470935097439912,8.65932126378292e-05,8.65932126378292e-05,8.65932126378292e-05
2022-07-23 00:00:00+00:00,-0.007903448721388581,-0.0003950583450800582,-0.004642413483391461,0.003439191678092567,0.0003615034325986706,0.0003615034325986706,0.0009075520572487485,0.0003615034325986706,0.0003615034325986706,0.0003615034325986706
2022-07-24 00:00:00+00:00,0.007225388822357927,-0.0030283036428143694,0.0021165773413346295,-0.007153063578037595,-0.0030283036428143694,-0.0030283036428143694,0.000941270786803373,-0.0030283036428143694,-0.0030283036428143694,-0.0030283036428143694
2022-07-25 00:00:00+00:00,0.0012323157771950604,4.8089845964976815e-05,0.0020483176439573003,0.0027915353744959277,4.8089845964976815e-05,4.8089845964976815e-05,-0.005804757530233384,4.8089845964976815e-05,4.8089845964976815e-05,4.8089845964976815e-05
2022-07-26 00:00:00+00:00,-0.004804066122319978,0.00322406013563521,0.0015707874341618188,0.0046823751596055466,0.00322406013563521,0.00322406013563521,-0.0075581126070704985,0.00322406013563521,0.00322406013563521,0.00322406013563521
2022-07-27 00:00:00+00:00,-0.0034521462085529515,0.0012836789781977538,0.000510198553369678,0.005032248987733115,0.0012836789781977538,0.0012836789781977538,0.003630040922630898,0.0012836789781977538,0.0012836789781977538,0.0012836789781977538
2022-07-28 00:00:00+00:00,0.007491372666289016,0.00043812647843592076,0.007022389571600791,-0.008351670136920931,0.00043812647843592076,0.00043812647843592076,-0.00282692640515824,0.00043812647843592076,0.00043812647843592076,0.00043812647843592076
2022-07-29 00:00:00+00:00,0.00425850118855576,0.0019679447183817726,0.0037194212199142835,-0.010058340172325066,-3.498901382592308e-05,-3.498901382592308e-05,-0.005289916235152445,-3.498901382592308e-05,-3.498901382592308e-05,-3.498901382592308e-05
2022-07-30 00:00:00+00:00,-0.010603473444441276,0.0037156762077604323,-0.005234918430308652,0.0012476529685779402,-0.00042691190674069504,-0.00042691190674069504,-0.014443229781126141,-0.00042691190674069504,-0.00042691190674069504,-0.00042691190674069504
2022-07-31 00:00:00+00:00,0.007342240233876556,-0.001237599402184323,0.006235286656343277,-0.004748709425590696,-0.00046300545849287334,-0.00046300545849287334,0.004534222199174589,-0.00046300545849287334,-0.00046300545849287334,-0.00046300545849287334
2022-08-01 00:00:00+00:00,-0.0016438156088937133,-0.0012422068911080281,0.0007496079338246626,0.0004575558096195703,-0.0008710055215393598,-0.0008710055215393598,0.0036763760136817977,-0.0008710055215393598,-0.0008710055215393598,-0.0008710055215393598
2022-08-02 00:00:00+00:00,0.007339231353656992,-0.0004560074526144246,0.004729842055308022,0.0016086760366441953,0.0001809791905083668,0.0001809791905083668,0.006618754574956666,0.0001809791905083668,0.0001809791905083668,0.0001809791905083668
2022-08-03 00:00:00+00:00,0.004636922075467153,0.0003479609586833571,0.0033399513578047835,0.0035105824360183763,0.0003479609586833571,0.0003479609586833571,0.009396095989822228,0.0003479609586833571,0.0003479609586833571,0.0003479609586833571
2022-08-04 00:00:00+00:00,-0.01569922164214324,0.0015598693256114447,-0.007752341422287567,0.006423295434332161,0.0015598693256114447,0.0015598693256114447,-0.007151542031868358,0.0015598693256114447,0.0015598693256114447,0.0015598693256114447
2022-08-05 00:00:00+00:00,-0.0015582743368767389,-0.002902709057453756,-0.0012034279904850754,8.86060857159391e-06,-0.000328732396099095,-0.000328732396099095,0.0071443581782341635,-0.000328732396099095,-0.000328732396099095,-0.000328732396099095
2022-08-06 00:00:00+00:00,-0.0008937874345768464,-0.003258358376923672,0.0013364701829646879,0.0012379132190376493,0.0008175496087966424,0.0008175496087966424,0.0017629637975694118,0.0008175496087966424,0.0008175496087966424,0.0008175496087966424
2022-08-07 00:00:00+00:00,-0.005650672406954417,0.005233169759945892,-6.222251561382452e-06,-0.0017726173078403077,0.0008775417023828418,0.0008775417023828418,-0.006131585902126083,0.0008775417023828418,0.0008775417023828418,0.0008775417023828418
2022-08-08 00:00:00+00:00,0.0036885781414573264,-0.016990769991865468,0.001276740865992112,0.007685986597865288,-0.0009702404863797983,-0.0009702404863797983,0.008119510957477729,-0.0009702404863797983,-0.0009702404863797983,-0.0009702404863797983
2022-08-09 00:00:00+00:00,-0.010620481950703859,-0.004182505048501291,-0.004558908089677005,0.002385055060920186,0.0015635119086220347,0.0015635119086220347,-0.001834202856415193,0.0015635119086220347,0.0015635119086220347,0.0015635119086220347
2022-08-10 00:00:00+00:00,-0.0006611174105013223,-0.001710520105459103,-0.0017388941064506683,-0.004288715466631507,-0.00033117771163254715,-0.00033117771163254715,0.0033723406851339575,-0.00033117771163254715,-0.00033117771163254715,-0.00033117771163254715
2022-08-11 00:00:00+00:00,-0.005710417049997515,-0.002106694018550399,-0.0021321130943445345,9.748757946290501e-05,0.0008367229453557376,0.0008367229453557376,-0.0005886744804935189,0.0008367229453557376,0.0008367229453557376,0.0008367229453557376
2022-08-12 00:00:00+00:00,0.0046882179715110744,-0.0008975909480505835,-0.007658321386132083,-0.0068792581041070425,0.000335224228085499,0.000335224228085499,-0.004104506837599178,0.000335224228085499,0.000335224228085499,0.000335224228085499
2022-08-13 00:00:00+00:00,0.00451060428162765,0.001176839913370722,0.0022540531571278127,-0.009092425420727527,-0.0007227121886236829,-0.0007227121886236829,-0.0010630176875772708,-0.0007227121886236829,-0.0007227121886236829,-0.0007227121886236829
2022-08-14 00:00:00+00:00,0.003965727115646972,0.006733305284769951,0.006185800968854896,0.000987505806391638,-0.0006682604515380041,-0.0006682604515380041,0.0020954275518057647,-0.0006682604515380041,-0.0006682604515380041,-0.0006682604515380041
2022-08-15 00:00:00+00:00,-0.0008191745617097928,-0.004178669721667359,-0.00035412406391124493,-0.0023388626653657266,-0.00023707487448361387,-0.00023707487448361387,-0.004977128706561575,-0.00023707487448361387,-0.00023707487448361387,-0.00023707487448361387
2022-08-16 00:00:00+00:00,0.008093783595778732,-0.0017561879460268356,0.00035797626940377335,-0.00395332198462829,-0.0010094593990439137,-0.0010094593990439137,-0.0035427177114253114,-0.0010094593990439137,-0.0010094593990439137,-0.0010094593990439137
2022-08-17 00:00:00+00:00,0.0015157589304034636,-0.0009582228756707268,-0.002483615467361527,-0.003622196772032729,-0.0009582228756707268,-0.0009582228756707268,-0.005701123944560741,-0.0009582228756707268,-0.0009582228756707268,-0.0009582228756707268
2022-08-18 00:00:00+00:00,-0.005913157907935656,-0.0031641193487451365,-0.009643013699845266,0.002904330633280232,-0.0031641193487451365,-0.0031641193487451365,0.0030229260713221964,-0.0031641193487451365,-0.0031641193487451365,-0.0031641193487451365
2022-08-19 00:00:00+00:00,0.004300115530058611,-0.0001536642937696742,0.007069118617829679,-0.008035530861686865,-0.0001536642937696742,-0.0001536642937696742,0.008747500038049598,-0.0001536642937696742,-0.0001536642937696742,-0.0001536642937696742
2022-08-20 00:00:00+00:00,0.0055160025870463255,-0.004712392196674489,0.005558732228438809,0.004621536239480935,0.0037218535448096573,-0.0015426694108433806,0.006864527527642418,0.0010328946525883934,0.0010328946525883934,0.0010328946525883934
2022-08-21 00:00:00+00:00,-0.004925580219421874,-0.0020055129790666135,-0.003151331021037037,0.00414874166384091,-0.0014738695747938003,-0.0007637325242936958,-0.0029996604126191844,-4.8218763018530566e-05,-4.8218763018530566e-05,-4.8218763018530566e-05
2022-08-22 00:00:00+00:00,-0.009432718670296363,-0.0003368307665791025,-0.005198663944025777,0.0015731205609062506,0.0008101405927963,-0.002599347959018832,-0.004536150458064971,0.0008101405927963,0.0008101405927963,0.0008101405927963
2022-08-23 00:00:00+00:00,-0.0019221688486151544,-0.0001872174145002331,-0.000923859019545575,0.004528474959164667,-0.0001872174145002331,-0.0008805852335755069,-0.007821133501748654,-0.0001872174145002331,-0.0001872174145002331,-0.0001872174145002331
2022-08-24 00:00:00+00:00,0.002127613314407448,0.0001902708921797983,0.001770062344397721,0.0006721526519395853,0.0001902708921797983,0.0001902708921797983,0.0023542618990192144,0.0001902708921797983,0.0001902708921797983,0.0001902708921797983
2022-08-25 00:00:00+00:00,0.007432974380459295,0.003949869866030353,-0.00011304923552827627,-0.01097622365764253,-0.0027626679623529767,-0.0027626679623529767,0.001437783651913612,-0.0027626679623529767,-0.0027626679623529767,-0.0027626679623529767
2022-08-26 00:00:00+00:00,0.0012894895394365417,-0.0006820948042557859,-0.004237684330533614,-0.013476654555686845,2.983449923893178e-05,2.983449923893178e-05,0.0028680739671929564,2.983449923893178e-05,2.983449923893178e-05,2.983449923893178e-05
2022-08-27 00:00:00+00:00,0.006598594149484791,-0.001191899979272932,0.0009662198701208104,-0.0034457202606669873,-0.001191899979272932,-0.001191899979272932,-0.000668061627462457,-0.001191899979272932,-0.001191899979272932,-0.001191899979272932
2022-08-28 00:00:00+00:00,-0.0027292809179126558,0.001741663075546321,-0.001419838650567277,0.005733101292819294,0.001741663075546321,0.001741663075546321,-0.0021258436142334715,0.001741663075546321,0.001741663075546321,0.001741663075546321
2022-08-29 00:00:00+00:00,0.005882475109342636,-0.00038445061629580843,-0.0049077830575504425,-0.0036840264265717904,-0.00038445061629580843,-0.00038445061629580843,-0.00257955447497533,-0.00038445061629580843,-0.00038445061629580843,-0.00038445061629580843
2022-08-30 00:00:00+00:00,-0.0038121968225517493,9.149966695363265e-05,-0.0013385140932426094,0.0026076665109347644,9.149966695363265e-05,9.149966695363265e-05,0.0066276691686438845,9.149966695363265e-05,9.149966695363265e-05,9.149966695363265e-05
2022-08-31 00:00:00+00:00,-0.013487518556281945,0.000986253984321869,-0.007144209782319067,0.013482182675686585,0.000986253984321869,0.000986253984321869,0.011303748427800226,0.000986253984321869,0.000986253984321869,0.000986253984321869
2022-09-01 00:00:00+00:00,-0.009242758900303573,-8.123791858590825e-05,-0.0022100960795534527,0.009456499423932433,-8.123791858590825e-05,-8.123791858590825e-05,-0.0036089144691838788,-8.123791858590825e-05,-8.123791858590825e-05,-8.123791858590825e-05
2022-09-02 00:00:00+00:00,-0.0002737165362614932,9.690058320923789e-05,-0.0012819342843697747,0.001691999124756323,9.690058320923789e-05,9.690058320923789e-05,0.0029601910821704927,9.690058320923789e-05,9.690058320923789e-05,9.690058320923789e-05
2022-09-03 00:00:00+00:00,0.0007380190754351923,0.0006414521757462506,-0.000544954389321972,-0.0034650516625705746,0.0006414521757462506,0.0006414521757462506,-0.00024686535065009227,0.0006414521757462506,0.0006414521757462506,0.0006414521757462506
2022-09-04 00:00:00+00:00,0.005416789291888376,-1.1006484132853326e-05,-0.004386924811218212,-0.011121310697168443,-1.1006484132853326e-05,-1.1006484132853326e-05,-0.005881255707675783,-1.1006484132853326e-05,-1.1006484132853326e-05,-1.1006484132853326e-05
2022-09-05 00:00:00+00:00,0.007212994338980717,-0.0021660414338269735,-0.00394183744457489,-0.007847241491968164,-0.0021660414338269735,-0.0021660414338269735,0.017928645595212792,-0.0021660414338269735,-0.0021660414338269735,-0.0021660414338269735
2022-09-06 00:00:00+00:00,0.0027477893033434043,0.0016590064208223344,0.005620836191255701,0.0010137707810883758,0.0016590064208223344,0.0016590064208223344,0.002569118183216923,0.0016590064208223344,0.0016590064208223344,0.0016590064208223344
2022-09-07 00:00:00+00:00,-0.004024788024263969,-0.0012563867538191627,-0.0009088086943790774,0.00021374990061686326,0.0006252270345128348,0.0006252270345128348,-0.0021592034263408786,0.0006252270345128348,0.0006252270345128348,0.0006252270345128348
2022-09-08 00:00:00+00:00,0.004034622816166507,0.001368871039274589,0.014965899951173206,-0.006432518767355393,0.0019979658797102387,0.0019979658797102387,-0.008459452017283854,0.0019979658797102387,0.0019979658797102387,0.0019979658797102387
2022-09-09 00:00:00+00:00,0.0026948165092003894,0.00040371410343567366,-0.0014696458711521525,0.0036066492506671107,0.00040371410343567366,0.00040371410343567366,-0.004419979070686772,0.00040371410343567366,0.00040371410343567366,0.00040371410343567366
2022-09-10 00:00:00+00:00,0.0030876906504671313,-0.0016361316410196166,0.0025910213630694207,-0.0057271251328594106,0.0019446849907621593,-0.00012777075594114646,-0.00046729986534510375,-0.00012777075594114646,-0.00012777075594114646,-0.00012777075594114646
2022-09-11 00:00:00+00:00,-0.009480332210620635,0.013798282191111946,0.0065632633771877365,-0.016908727079337,-0.00042427544506393644,0.00022619294749958417,0.015791625666532288,0.00022619294749958417,0.00022619294749958417,0.00022619294749958417
2022-09-12 00:00:00+00:00,-0.004990780852108277,0.0016157762349583527,-0.014724327293357096,0.007250537657551458,-0.0029975385814204284,-0.0029975385814204284,0.0012363117486430442,-0.0029975385814204284,-0.0029975385814204284,-0.0029975385814204284
2022-09-13 00:00:00+00:00,-5.0755258335173604e-05,0.0021062912934687785,-0.002249477314433782,-0.00024119670622089746,0.0007776924450945868,0.0007776924450945868,-0.003731474029889334,0.0007776924450945868,0.0007776924450945868,0.0007776924450945868
2022-09-14 00:00:00+00:00,-0.018115865708956236,-0.0017940820389721877,-0.0005363246650197863,-1.792836737943347e-05,-0.006935297009726054,-0.0009906727140225064,-0.007606047367344124,-0.0009906727140225064,-0.0009906727140225064,-0.0009906727140225064
2022-09-15 00:00:00+00:00,0.011751013137932616,0.00038358197517035665,0.01624727422804337,0.0006746551902401077,-0.0002459829650033949,0.00038358197517035665,-0.0035654504590274545,0.00038358197517035665,0.00038358197517035665,0.00038358197517035665
2022-09-16 00:00:00+00:00,0.002351191241887867,0.0008693749209389146,0.006041664368497958,-0.002830519463932242,0.0008693749209389146,0.0008693749209389146,-0.005049152455304828,0.0008693749209389146,0.0008693749209389146,0.0008693749209389146
2022-09-17 00:00:00+00:00,0.0038816129431887216,-0.002672883398659123,0.0081795151090421,0.007028130938131109,-0.002672883398659123,-0.002672883398659123,-0.006465543616490369,-0.002672883398659123,-0.002672883398659123,-0.002672883398659123
2022-09-18 00:00:00+00:00,0.003820403638754716,-0.014209321741725485,0.0057621154402616535,0.007723289106791751,0.0007386177508164319,0.0007386177508164319,-0.010417466053086456,0.0007386177508164319,0.0007386177508164319,0.0007386177508164319
2022-09-19 00:00:00+00:00,0.0030584225758306703,-0.0014930444169171419,0.009691866783054136,-0.0010624462195718172,-0.00109417126950362,-0.00109417126950362,-0.00946695832336366,-0.00109417126950362,-0.00109417126950362,-0.00109417126950362
2022-09-20 00:00:00+00:00,-0.001371121592483548,0.004406439314799384,0.0013525374726161632,-0.003945067364725951,-0.0009202896189621436,-0.0009202896189621436,0.0067369564789942216,-0.0009202896189621436,-0.0009202896189621436,-0.0009202896189621436
2022-09-21 00:00:00+00:00,-0.023857010920142276,-0.03406984071034801,0.012761623390767102,0.025062108904562903,0.0022794703769144203,0.0022794703769144203,-0.009596756453833294,0.0022794703769144203,0.0022794703769144203,0.0022794703769144203
2022-09-22 00:00:00+00:00,-0.011851476990064379,-0.008336207012096425,-0.0007599440980597251,0.0079701677164127,0.0004988505584301624,0.0004988505584301624,-0.004974298025395729,0.0004988505584301624,0.0004988505584301624,0.0004988505584301624
2022-09-23 00:00:00+00:00,-0.003429748898918419,0.001286451750756983,-0.0015050341487942672,0.003337324898118966,-0.0038283508870919107,-0.0006492259929038507,0.0009689478804171198,-0.0006492259929038507,-0.0006492259929038507,-0.0006492259929038507
2022-09-24 00:00:00+00:00,-0.007982296811623246,-0.0033620483446614078,-6.055880605936478e-05,0.007346234139564634,-0.0008233809785491102,-0.0001756504719561911,-0.001332925835526702,-0.0001756504719561911,-0.0001756504719561911,-0.0001756504719561911
2022-09-25 00:00:00+00:00,0.007692171955214577,0.012622669517495551,8.115302056191898e-05,-0.01200901092278582,0.0004926159041896032,0.0004926159041896032,0.007271677577336439,0.0004926159041896032,0.0004926159041896032,0.0004926159041896032
2022-09-26 00:00:00+00:00,0.0027299248462485577,-0.0012101714000541377,-0.0017790215972456184,-0.002738513718592521,-0.000622220964566169,-0.000622220964566169,0.0014128232563132147,-0.000622220964566169,-0.000622220964566169,-0.000622220964566169
2022-09-27 00:00:00+00:00,0.010889917888573603,2.804258949866984e-06,0.010603844498119512,0.0012022899086264046,2.804258949866984e-06,2.804258949866984e-06,-0.0037633838317077247,2.804258949866984e-06,2.804258949866984e-06,2.804258949866984e-06
2022-09-28 00:00:00+00:00,-0.008831491740920053,0.00042354187153083165,0.0029762425756414373,0.010274550066062586,0.00042354187153083165,0.00042354187153083165,-0.00694688125102948,0.00042354187153083165,0.00042354187153083165,0.00042354187153083165
2022-09-29 00:00:00+00:00,0.005631851659030143,-0.00023406464213874412,-0.00046692506670827007,-0.005065476330617336,-0.00023406464213874412,-0.00023406464213874412,-0.0045754865005804704,-0.00023406464213874412,-0.00023406464213874412,-0.00023406464213874412
2022-09-30 00:00:00+00:00,0.0013193056602650555,-0.0004918191434432578,0.001229317589917989,-0.0021646366624975756,-0.0004918191434432578,-0.0004918191434432578,-0.0032630622980189834,-0.0004918191434432578,-0.0004918191434432578,-0.0004918191434432578
2022-10-01 00:00:00+00:00,0.008264672740242614,-0.0008354806750879135,0.005661763815000994,0.003527925509887422,-0.0008354806750879135,-0.0008354806750879135,0.007709266172863415,-0.0008354806750879135,-0.0008354806750879135,-0.0008354806750879135
2022-10-02 00:00:00+00:00,-0.0010186910919183733,0.0011785758892221014,-0.0033881180901814975,-0.006000848747724155,0.0011785758892221014,0.0011785758892221014,-0.010864125092930544,0.0011785758892221014,0.0011785758892221014,0.0011785758892221014
2022-10-03 00:00:00+00:00,0.0021286596299585577,0.0009629181657428634,0.005655186806025235,0.009335641649977114,0.0009629181657428634,0.0009629181657428634,-0.0012915764732009897,0.0009629181657428634,0.0009629181657428634,0.0009629181657428634
2022-10-04 00:00:00+00:00,-0.0016305294918694166,1.557177615661922e-05,-0.003103957627374006,0.004750746528293955,1.557177615661922e-05,1.557177615661922e-05,-0.010304775092540677,1.557177615661922e-05,1.557177615661922e-05,1.557177615661922e-05
2022-10-05 00:00:00+00:00,-0.0018876183031373832,0.003398323904759257,-0.0042925265276252044,-0.005780827035470005,-0.0004455917711734132,-0.0004455917711734132,-0.0057513644445453885,-0.0004455917711734132,-0.0004455917711734132,-0.0004455917711734132
2022-10-06 00:00:00+00:00,-0.012186529340316832,-0.001714030147527537,-0.005074524198004351,7.834055181740805e-05,-0.00013808573186874972,-0.00013808573186874972,-0.011166762686359041,-0.00013808573186874972,-0.00013808573186874972,-0.00013808573186874972
2022-10-07 00:00:00+00:00,-0.004186139071860514,-0.0010392687229270725,-0.003372682065834231,-0.005556239543190343,-0.0002463736284285229,-0.0002463736284285229,-0.007333179042310496,-0.0002463736284285229,-0.0002463736284285229,-0.0002463736284285229
2022-10-08 00:00:00+00:00,-0.0012604014700645866,0.000385949901534874,-0.0005678338508903963,0.0016500897448028405,0.000385949901534874,0.000385949901534874,-0.003233452519441492,0.000385949901534874,0.000385949901534874,0.000385949901534874
2022-10-09 00:00:00+00:00,0.001052060193162235,-0.0012301723414820203,-0.0006122146921367452,0.0034039375961902323,-0.0012301723414820203,-0.0012301723414820203,0.001437684611605212,-0.0012301723414820203,-0.0012301723414820203,-0.0012301723414820203
2022-10-10 00:00:00+00:00,0.001760897724932737,-0.0006201357224042763,0.0025382057468775177,-0.0016805534281153648,-0.0006201357224042763,-0.0006201357224042763,-0.003477677824577631,-0.0006201357224042763,-0.0006201357224042763,-0.0006201357224042763
2022-10-11 00:00:00+00:00,-0.003423971972914793,-0.006277403236436155,0.0005046933154287736,0.00415547294640304,-0.00011704016387066952,-0.00011704016387066952,-0.0027387549701277,-0.00011704016387066952,-0.00011704016387066952,-0.00011704016387066952
2022-10-12 00:00:00+00:00,-0.0012991425477802867,-0.002282910880976274,0.0049351288524310186,0.0029087044933955378,-0.0004848368995242919,-0.0004848368995242919,-0.0001701106628890104,-0.0004848368995242919,-0.0004848368995242919,-0.0004848368995242919
2022-10-13 00:00:00+00:00,0.0003960841789695307,-0.004153916723295072,-0.005313330091188668,0.0003908291311255062,-6.989464296908792e-06,-6.989464296908792e-06,-0.003862818170368896,-6.989464296908792e-06,-6.989464296908792e-06,-6.989464296908792e-06
2022-10-14 00:00:00+00:00,-0.00242933402877549,-0.0040969283293094535,0.0004188300396081721,0.0011038537337826127,-0.00026132665365676065,-0.00026132665365676065,-0.00282227507024369,-0.00026132665365676065,-0.00026132665365676065,-0.00026132665365676065
2022-10-15 00:00:00+00:00,0.0002726141519949897,-0.0006893239951501742,0.0006522469572740185,-0.0017406665750599078,0.0005379874760387492,0.0005379874760387492,0.0012444145737526711,0.0005379874760387492,0.0005379874760387492,0.0005379874760387492
2022-10-16 00:00:00+00:00,-0.002894902437202004,-0.001265189312824029,-0.0026751901982522094,0.002347775118079915,0.0008604758985396978,0.0008604758985396978,-0.004389897167923417,0.0008604758985396978,0.0008604758985396978,0.0008604758985396978
2022-10-17 00:00:00+00:00,-0.0034265994997266795,-0.0015240375175528786,-0.0019550072283772875,0.0032857580387573825,-0.000448096918293544,-0.000448096918293544,-0.005247901478655555,-0.000448096918293544,-0.000448096918293544,-0.000448096918293544
2022-10-18 00:00:00+00:00,-0.0016494772190506503,-0.0010994949137717207,0.005144220082234799,0.007934695274819287,-0.0010994949137717207,-0.0010994949137717207,-0.0001568262941376397,-0.0010994949137717207,-0.0010994949137717207,-0.0010994949137717207
2022-10-19 00:00:00+00:00,0.0009275789843919182,-0.0006018597740281799,-0.00033002617168073037,0.00023780475713866382,-0.0006018597740281799,-0.0006018597740281799,-0.0002491962909820767,-0.0006018597740281799,-0.0006018597740281799,-0.0006018597740281799
2022-10-20 00:00:00+00:00,0.003121867384067249,0.0006016577948073113,-0.003053324781815575,-0.004929362952615788,0.0006016577948073113,0.0006016577948073113,-0.002050755643250115,0.0006016577948073113,0.0006016577948073113,0.0006016577948073113
2022-10-21 00:00:00+00:00,0.000740425685792523,-0.0018769837589058115,-0.0002508404415864417,-0.0008682026277349745,5.9706168473342265e-05,5.9706168473342265e-05,0.00012173099792231533,5.9706168473342265e-05,5.9706168473342265e-05,5.9706168473342265e-05
2022-10-22 00:00:00+00:00,-0.0034104849761681065,-0.0066302214730332085,-0.0017137420040850481,0.0019444648023670566,0.0012187513323949977,0.0012187513323949977,0.00043464352946855794,0.0012187513323949977,0.0012187513323949977,0.0012187513323949977
2022-10-23 00:00:00+00:00,-0.0015487142539438565,-0.0015884933313356523,0.0020911034327891573,-0.001842544526987606,-0.0007467909490530076,-0.0007467909490530076,0.0012585476213595103,-0.0007467909490530076,-0.0007467909490530076,-0.0007467909490530076
2022-10-24 00:00:00+00:00,0.0010538327373466282,0.009886514070162342,0.004080742441414522,-0.01755580560939533,0.0018507849558181727,0.0018507849558181727,0.0024730979875277953,0.0018507849558181727,0.0018507849558181727,0.0018507849558181727
2022-10-25 00:00:00+00:00,0.002738565692504423,-8.535546288903836e-05,0.0009213668480291367,0.0038322599245229215,0.0007073974145961971,0.0007073974145961971,-0.00013648613097855635,0.0007073974145961971,0.0007073974145961971,0.0007073974145961971
2022-10-26 00:00:00+00:00,0.00018690909261918052,0.004507584347779964,-0.001614008159725999,-0.0022767160628774136,-0.0016067137070884233,-0.0006729809796498442,-0.007087781097065587,-0.0006729809796498442,-0.0006729809796498442,-0.0006729809796498442
2022-10-27 00:00:00+00:00,0.001204707995717041,0.0033605954872246756,0.0014084821242765007,-0.005029646782258449,0.00030986442742166574,0.0013608341196238512,-0.0015162453282180968,0.0013608341196238512,0.0013608341196238512,0.0013608341196238512
2022-10-28 00:00:00+00:00,0.0011940751512640817,-0.009081625776424483,0.001443251846509911,-0.00520013206696162,0.0006203606874569937,0.0006203606874569937,0.008612390646599324,0.0006203606874569937,0.0006203606874569937,0.0006203606874569937
2022-10-29 00:00:00+00:00,0.007849777887802476,-0.01024756268965389,0.00590108233053702,-0.0003296171917888599,-0.00013397171666383153,-0.00013397171666383153,0.0020353451135484324,-0.00013397171666383153,-0.00013397171666383153,-0.00013397171666383153
2022-10-30 00:00:00+00:00,0.007436791871539968,-0.01210646308879733,0.005251011765286706,0.006737787310361373,0.00028758971411803005,0.00028758971411803005,-0.0034855437247986515,0.00028758971411803005,0.00028758971411803005,0.00028758971411803005
2022-10-31 00:00:00+00:00,-0.00012992322370800047,-0.0021867694282680164,0.0009510592571626616,-0.0013627763953907124,-0.0004982011552470256,-0.0004982011552470256,0.0005514357827881924,-0.0004982011552470256,-0.0004982011552470256,-0.0004982011552470256
2022-11-01 00:00:00+00:00,0.007219664199847749,0.0017364102999917054,0.0010495374475700083,-0.007335268587092971,-0.0007620531843425418,-0.0007620531843425418,0.01461157627100889,-0.0007620531843425418,-0.0007620531843425418,-0.0007620531843425418
2022-11-02 00:00:00+00:00,0.010523891646378845,-0.0026968657391632333,0.0015804371223091431,0.001286413852369253,0.000743529076283736,0.000743529076283736,-0.000964367261493952,0.000743529076283736,0.000743529076283736,0.000743529076283736
2022-11-03 00:00:00+00:00,0.015374549712145804,0.002888116919982752,-8.217719334202308e-05,-0.00224069572465466,0.0034199472112841534,0.0034199472112841534,0.0016844539579647546,0.0034199472112841534,0.0034199472112841534,0.0034199472112841534
2022-11-04 00:00:00+00:00,-0.009061108799981664,-0.004794570165554768,-0.0028311818714747334,-0.004415863993940795,0.0004100412473490977,0.0004100412473490977,-0.006786161293935283,0.0004100412473490977,0.0004100412473490977,0.0004100412473490977
2022-11-05 00:00:00+00:00,-0.002258548608307514,-0.008253155860873693,0.0005002535139539501,0.0030589644010475016,0.00038517321649350687,-0.0018255569193870113,-0.006594440388424316,-0.0018255569193870113,-0.0018255569193870113,-0.0018255569193870113
2022-11-06 00:00:00+00:00,0.006046486989631164,-0.0027577873695959747,-0.008391391675839343,0.0038523949354497752,-0.0006929029520902183,0.00031473447222193766,-0.0027423040123581615,0.00031473447222193766,0.00031473447222193766,0.00031473447222193766
2022-11-07 00:00:00+00:00,0.004292111294476391,-0.006259088741509791,0.012260086584466623,0.007325400762363312,-0.004763666921964224,-0.004763666921964224,0.012921846971204989,-0.004763666921964224,-0.004763666921964224,-0.004763666921964224
2022-11-08 00:00:00+00:00,-0.05429842825712281,0.008367716592638474,-0.018221096887274305,0.022303839067713997,-0.007680473962533214,-0.007680473962533214,-0.025774793352455354,-0.007680473962533214,-0.007680473962533214,-0.007680473962533214
2022-11-09 00:00:00+00:00,0.0029683361895376298,-0.003529262706918162,-0.0029873563610950398,0.012323439737523909,0.0066621832664730506,-0.004109674675397312,-0.016184257709276666,0.005833204798484556,0.005833204798484556,0.005833204798484556
2022-11-10 00:00:00+00:00,-0.003545603902152796,-0.0060321948770727316,-0.006300377212565043,0.0039703634005936305,0.004392600923031508,-0.00555720218897672,-0.005366883865755995,-0.001254793041212908,-0.001254793041212908,-0.001254793041212908
2022-11-11 00:00:00+00:00,-0.006140700781534865,-0.004058992881685078,0.010829216583111242,-0.003940925661971909,-0.012821659845527428,-0.002704465927006604,-0.006928016286074206,-0.002003191917237796,-0.002003191917237796,-0.002003191917237796
2022-11-12 00:00:00+00:00,-0.010272763146093862,-0.012645855929227977,0.002440008310158366,0.0011346326143016235,-0.0021203522033561733,-0.001350960251176439,0.01153518897886886,-0.001350960251176439,-0.001350960251176439,-0.001350960251176439
2022-11-13 00:00:00+00:00,0.013089186719686,-0.0049728572763288355,-0.0012649181351953624,-0.014032853098717104,0.0008390680618717609,0.0008390680618717609,-0.012963212061927814,0.0008390680618717609,0.0008390680618717609,0.0008390680618717609
2022-11-14 00:00:00+00:00,-0.004396027844135272,-0.00019868421842319638,-0.0005488343050931282,-0.0059349592836408045,0.0005897459272057758,0.0005897459272057758,0.0039177617265729785,0.0005897459272057758,0.0005897459272057758,0.0005897459272057758
2022-11-15 00:00:00+00:00,0.00036804583095488905,-0.0008640882731806784,-0.00011317889256492341,-0.000980511936428743,-0.0008640882731806784,-0.0008640882731806784,0.000985648688476248,-0.0008640882731806784,-0.0008640882731806784,-0.0008640882731806784
2022-11-16 00:00:00+00:00,-0.010449135243193481,-0.00022899877480960822,0.0023517645653773137,0.009810601691324866,-0.00022899877480960822,-0.00022899877480960822,0.0007360463507560819,-0.00022899877480960822,-0.00022899877480960822,-0.00022899877480960822
2022-11-17 00:00:00+00:00,0.00324552367331157,2.6275591278720137e-05,0.0020819672986162946,0.0026786324161101665,2.6275591278720137e-05,2.6275591278720137e-05,-0.0020096079617190963,2.6275591278720137e-05,2.6275591278720137e-05,2.6275591278720137e-05
2022-11-18 00:00:00+00:00,-0.0034365473701876517,-6.970766933223458e-05,0.0006300881585527301,0.001286641633698021,-6.970766933223458e-05,-6.970766933223458e-05,-0.006537043254489236,-6.970766933223458e-05,-6.970766933223458e-05,-6.970766933223458e-05
2022-11-19 00:00:00+00:00,-0.0015991256091056876,-0.0017658759909502883,0.0015684181918703204,0.0012070045180339341,-0.0017658759909502883,-0.0017658759909502883,0.0015550390486282677,-0.0017658759909502883,-0.0017658759909502883,-0.0017658759909502883
2022-11-20 00:00:00+00:00,-0.002389966142675132,-0.0006623737934277359,-0.005806543264673898,-0.0010708015628210436,-0.0006623737934277359,-0.0006623737934277359,0.0055365739431141,-0.0006623737934277359,-0.0006623737934277359,-0.0006623737934277359
2022-11-21 00:00:00+00:00,0.0011420221121792129,0.0016879857554363946,0.0007925612590150589,0.013453401304879266,0.0016879857554363946,0.0016879857554363946,0.00416179765825604,0.0016879857554363946,0.0016879857554363946,0.0016879857554363946
2022-11-22 00:00:00+00:00,0.0090078964342215,0.0017186422011906985,0.00362335050608993,0.0015969613531394199,0.0017186422011906985,0.0017186422011906985,0.007070759625305878,0.0017186422011906985,0.0017186422011906985,0.0017186422011906985
2022-11-23 00:00:00+00:00,0.009053554045894995,0.00020972526424987417,-0.0018994956185915896,-0.003350026178915623,0.00020972526424987417,0.00020972526424987417,-0.011767456094495074,0.00020972526424987417,0.00020972526424987417,0.00020972526424987417
2022-11-24 00:00:00+00:00,0.007160010031894829,0.010204892319779339,0.001377581947186167,-0.0025842017556450573,-0.00041532683430805313,-0.00041532683430805313,-0.003930949260955487,-0.00041532683430805313,-0.00041532683430805313,-0.00041532683430805313
2022-11-25 00:00:00+00:00,0.006935024622405856,-0.004665041150360003,-0.0012769168135322389,0.006471861117660205,0.00027612332736499,0.00027612332736499,0.007982585085005187,0.00027612332736499,0.00027612332736499,0.00027612332736499
2022-11-26 00:00:00+00:00,-0.00297216311153677,-0.0008097298900926246,0.0007563304769382724,-0.005414155553198819,-0.0002109307948248851,-0.0002109307948248851,-0.0032125999072688326,-0.0002109307948248851,-0.0002109307948248851,-0.0002109307948248851
2022-11-27 00:00:00+00:00,-0.004496758405169156,-0.0007274172494846432,-0.002156671834196619,0.0022225476597741876,-0.0007274172494846432,-0.0007274172494846432,-0.004214201057863144,-0.0007274172494846432,-0.0007274172494846432,-0.0007274172494846432
2022-11-28 00:00:00+00:00,-0.00043957227933393955,0.0005755294708551569,0.00017749705203401838,-0.001994567968049165,0.0005755294708551569,0.0005755294708551569,-0.011369263974059967,0.0005755294708551569,0.0005755294708551569,0.0005755294708551569
2022-11-29 00:00:00+00:00,0.0010200780084246572,0.0015169724729744171,1.4714662757289213e-05,-0.0056022667108530716,0.0015169724729744171,0.0015169724729744171,-0.003924994498823135,0.0015169724729744171,0.0015169724729744171,0.0015169724729744171
2022-11-30 00:00:00+00:00,-0.004147336252120051,-0.000646449688993838,-0.00015595976542320922,-0.0015686447177764493,-0.000646449688993838,-0.000646449688993838,-0.0008296222897997315,-0.000646449688993838,-0.000646449688993838,-0.000646449688993838
2022-12-01 00:00:00+00:00,-0.005950287028447227,0.005982613013658494,0.00025402942278851136,-0.010965349911785612,0.000550214364689115,0.000550214364689115,-0.0009910759021975358,0.000550214364689115,0.000550214364689115,0.000550214364689115
2022-12-02 00:00:00+00:00,-0.0026198278102088244,-0.0014511002461796646,0.002914015094731341,-0.0035386716800303096,-0.0008559467892948741,-0.0008559467892948741,0.0009930771433915534,-0.0008559467892948741,-0.0008559467892948741,-0.0008559467892948741
2022-12-03 00:00:00+00:00,-0.004221321956977018,0.0005763073252672668,-0.0006767374381900485,0.001351737140787174,0.0005763073252672668,0.0005763073252672668,0.00035047340473786173,0.0005763073252672668,0.0005763073252672668,0.0005763073252672668
2022-12-04 00:00:00+00:00,0.0015034655758039933,-0.0001247492733358188,-0.002845913731770733,0.0014411128128137868,-0.0001247492733358188,-0.0001247492733358188,-0.006380937116570691,-0.0001247492733358188,-0.0001247492733358188,-0.0001247492733358188
2022-12-05 00:00:00+00:00,0.00023805659744247396,-0.00040867091562171585,0.0004123143325791382,-0.003593944882100334,0.0001238166816647322,0.0001238166816647322,0.003321117654147935,0.0001238166816647322,0.0001238166816647322,0.0001238166816647322
2022-12-06 00:00:00+00:00,0.0008564062978278431,-0.0017969633593151115,0.0011511470497446487,-0.00024078556741427814,-0.0010820668505023663,-0.0010820668505023663,0.0027646975932040766,-0.0010820668505023663,-0.0010820668505023663,-0.0010820668505023663
2022-12-07 00:00:00+00:00,0.003955562969356309,0.000687567154114966,0.0020802040522734863,-0.0005085709335915894,0.000687567154114966,0.000687567154114966,-0.00028605775396322274,0.000687567154114966,0.000687567154114966,0.000687567154114966
2022-12-08 00:00:00+00:00,-0.001826690958640927,-0.0004112953986786032,-0.0005346849322350624,-0.0014415958406189854,-0.0004112953986786032,-0.0004112953986786032,-0.0008181625586969933,-0.0004112953986786032,-0.0004112953986786032,-0.0004112953986786032
2022-12-09 00:00:00+00:00,0.00042932733390104003,5.648348419827916e-05,-0.00019153833508226111,0.00023137207590209514,5.648348419827916e-05,5.648348419827916e-05,-0.001377919072962875,5.648348419827916e-05,5.648348419827916e-05,5.648348419827916e-05
2022-12-10 00:00:00+00:00,-4.190194130676608e-05,-0.00045861547065519255,-0.00021570379846150802,0.0028918087362779727,-0.00045861547065519255,-0.00045861547065519255,0.005132289678702624,-0.00045861547065519255,-0.00045861547065519255,-0.00045861547065519255
2022-12-11 00:00:00+00:00,-0.0017352690418431444,-2.5184349350842673e-05,-0.0004327359753620209,-0.0022142088073506894,-2.5184349350842673e-05,-2.5184349350842673e-05,-0.007831809332652144,-2.5184349350842673e-05,-2.5184349350842673e-05,-2.5184349350842673e-05
2022-12-12 00:00:00+00:00,-0.011561989975962606,0.0008135802285861057,0.0015036892529251365,0.0017188432942725222,0.0008135802285861057,0.0008135802285861057,-0.002407910600840436,0.0008135802285861057,0.0008135802285861057,0.0008135802285861057
2022-12-13 00:00:00+00:00,-0.007587424145469814,-0.0028976718622662164,0.00035317811964407053,0.0012478917986660574,-0.00043183002961668277,-0.00043183002961668277,-0.0057766894873072325,-0.00043183002961668277,-0.00043183002961668277,-0.00043183002961668277
2022-12-14 00:00:00+00:00,-0.006864886222468351,-0.0011103768545303884,-0.002286769292982214,-0.0037399396826934966,-0.0007828791552278769,-0.0007828791552278769,-0.006213567031577432,-0.0007828791552278769,-0.0007828791552278769,-0.0007828791552278769
2022-12-15 00:00:00+00:00,-0.005065169166642925,-0.008440914797251514,-0.0021428109443302184,0.01939811035397365,-0.0032004054150891656,-0.0032004054150891656,-0.00859702833101956,-0.0032004054150891656,-0.0032004054150891656,-0.0032004054150891656
2022-12-16 00:00:00+00:00,0.0034883161154284736,0.0037857024297836234,0.00188336153054248,-0.006668887019578625,0.0004374593219620612,0.0004374593219620612,-0.000879734994628447,0.0004374593219620612,0.0004374593219620612,0.0004374593219620612
2022-12-17 00:00:00+00:00,0.003596483717024389,0.002514393739255343,0.0011813397773625103,-0.006488930039974117,-0.00844037194105178,-0.00011587239314636711,-0.008121867895505206,-0.00011587239314636711,-0.00011587239314636711,-0.00011587239314636711
2022-12-18 00:00:00+00:00,-0.001149609054695512,-0.0070763992957708684,-0.003101672415331283,0.001287213824109664,-0.0016782490707222424,-0.0009759566484758698,-0.0056673365964490545,-0.0009759566484758698,-0.0009759566484758698,-0.0009759566484758698
2022-12-19 00:00:00+00:00,0.0019181507367664003,-0.00440715694919191,0.0023171775224839417,-0.0017672130078333099,0.0010807017660667943,0.0010807017660667943,-0.0027747567482252667,0.0010807017660667943,0.0010807017660667943,0.0010807017660667943
2022-12-20 00:00:00+00:00,-0.002936459753819053,-0.0023438447360574132,-0.0017354932074224716,0.002621465099838982,-0.0003090042193146478,-0.0003090042193146478,0.0008976033296607146,-0.0003090042193146478,-0.0003090042193146478,-0.0003090042193146478
2022-12-21 00:00:00+00:00,0.0005894243478815544,-0.0013975005636667134,0.00079576371823837,-0.0016944036367847835,9.006160632962152e-05,9.006160632962152e-05,-0.007511322998344255,9.006160632962152e-05,9.006160632962152e-05,9.006160632962152e-05
2022-12-22 00:00:00+00:00,0.0012999013584148995,-1.729180534999139e-05,-0.0005610188297771083,-0.0005570276057091603,-1.729180534999139e-05,-1.729180534999139e-05,-0.0009411809490206504,-1.729180534999139e-05,-1.729180534999139e-05,-1.729180534999139e-05
2022-12-23 00:00:00+00:00,-0.0009079572740924084,-0.00013665077822479143,0.0014291362817995435,0.0011291092751633692,-0.00013665077822479143,-0.00013665077822479143,-0.004100931553245358,-0.00013665077822479143,-0.00013665077822479143,-0.00013665077822479143
2022-12-24 00:00:00+00:00,0.0023154172926473553,6.32990958735377e-05,-0.0009539150724112893,-0.0018583372864500217,6.32990958735377e-05,6.32990958735377e-05,-0.0022849973687137396,6.32990958735377e-05,6.32990958735377e-05,6.32990958735377e-05
2022-12-25 00:00:00+00:00,0.0032479755468007797,0.00037608729680004563,0.0009576587204591982,0.0015835964769713327,0.00037608729680004563,0.00037608729680004563,0.0038467413996365026,0.00037608729680004563,0.00037608729680004563,0.00037608729680004563
2022-12-26 00:00:00+00:00,-0.0007385296320149993,-0.00024426967811063647,0.00010105720759643888,0.0006447598214638763,-0.00024426967811063647,-0.00024426967811063647,-0.005935349128895372,-0.00024426967811063647,-0.00024426967811063647,-0.00024426967811063647
2022-12-27 00:00:00+00:00,0.0033279627996368613,-0.0013529729887745662,0.003369750010871688,0.006473029497068694,-0.0013529729887745662,-0.0013529729887745662,-0.005018785991810902,-0.0013529729887745662,-0.0013529729887745662,-0.0013529729887745662
2022-12-28 00:00:00+00:00,-0.0001512942635373823,-0.00016633296011571,0.0006421096857674048,-0.0007117561512431428,-0.00016633296011571,-0.00016633296011571,-0.005766905450258721,-0.00016633296011571,-0.00016633296011571,-0.00016633296011571
2022-12-29 00:00:00+00:00,-0.000499199549793551,0.004687550458615649,-0.0005663939051534656,-0.0015419064573266037,2.3094977428215977e-05,2.3094977428215977e-05,-0.00753914830375446,2.3094977428215977e-05,2.3094977428215977e-05,2.3094977428215977e-05
2022-12-30 00:00:00+00:00,0.0027919444415923944,0.001841634259956549,-0.0016908551343135733,-0.0019455959687606533,8.784822108874568e-05,8.784822108874568e-05,-0.002130382385661347,8.784822108874568e-05,8.784822108874568e-05,8.784822108874568e-05
2022-12-31 00:00:00+00:00,-0.0012335294079003397,-0.0006303623012206775,0.00025670538555913033,-0.0009604801762713472,8.347876735738079e-05,8.347876735738079e-05,-0.0004755947005036919,8.347876735738079e-05,8.347876735738079e-05,8.347876735738079e-05
2023-01-01 00:00:00+00:00,-0.003436221516187459,0.0011729056430233576,-0.0046358774839598185,-0.004077214200404047,0.0011729056430233576,0.0011729056430233576,-0.014706426905535254,0.0011729056430233576,0.0011729056430233576,0.0011729056430233576
2023-01-02 00:00:00+00:00,-0.011759722788432549,0.0007194438368226128,-0.006540410364351447,-0.009069350434138352,0.0007194438368226128,0.0007194438368226128,-0.0002310164525734154,0.0007194438368226128,0.0007194438368226128,0.0007194438368226128
2023-01-03 00:00:00+00:00,0.004202595275132435,0.005426675788178438,0.001127880007626355,-0.012648886080018002,0.0008669326104400563,0.0008669326104400563,0.00977910272720222,0.0008669326104400563,0.0008669326104400563,0.0008669326104400563
2023-01-04 00:00:00+00:00,-0.003329750047697927,0.0004950026284714784,0.0008622447571689936,0.0007072480418705972,-0.000395594917578398,-0.000395594917578398,-0.0022556754428063493,-0.000395594917578398,-0.000395594917578398,-0.000395594917578398
2023-01-05 00:00:00+00:00,0.0035610826711803835,-0.0033857500942923845,0.0006665311163873813,6.759674367855652e-05,0.0003647446389695787,0.0004375173180702813,-0.002574353640481305,0.0004375173180702813,0.0004375173180702813,0.0004375173180702813
2023-01-06 00:00:00+00:00,0.003130332348046516,-0.0018008823408473392,0.0006319187222451123,-0.003485012222494771,-0.0005697337450841915,-2.1550457565459604e-05,-0.006018841064451972,-2.1550457565459604e-05,-2.1550457565459604e-05,-2.1550457565459604e-05
2023-01-07 00:00:00+00:00,-0.0037144053799418137,-0.012185464586639222,-0.0018124208950445375,0.011760651953394671,0.0012363254764755577,0.0012363254764755577,0.009020922347030145,0.0012363254764755577,0.0012363254764755577,0.0012363254764755577
2023-01-08 00:00:00+00:00,-0.012153515750229243,-0.008561984198700936,-0.0054558751815871895,0.011544590864335284,0.0010172193319142949,0.0010172193319142949,-0.011483439389402071,0.0010172193319142949,0.0010172193319142949,0.0010172193319142949
2023-01-09 00:00:00+00:00,-0.002701414305198398,-0.0026839134542373075,0.0019120219666202668,-0.003816884803282166,0.0001743527635730389,0.0004276389107654686,0.0010398058120394264,0.0004276389107654686,0.0004276389107654686,0.0004276389107654686
2023-01-10 00:00:00+00:00,-0.007032554018593462,0.03723046198046509,0.0016297437650360533,-0.012564803274170089,0.0010357996629689588,0.0015994322184569346,-0.013371129596297939,0.0015994322184569346,0.0015994322184569346,0.0015994322184569346
2023-01-11 00:00:00+00:00,-0.00010249596303440691,-0.010240249228660757,0.008203978595511809,-0.0035516954135305302,0.0005229351908626838,0.0005229351908626838,-0.004785167300543384,0.0005229351908626838,0.0005229351908626838,0.0005229351908626838
2023-01-12 00:00:00+00:00,-0.010092613527334508,-0.00797980824547014,0.007998904455449292,-0.007522778189043333,0.001127090492880093,0.001127090492880093,0.01226291591462697,0.001127090492880093,0.001127090492880093,0.001127090492880093
2023-01-13 00:00:00+00:00,-0.01752144665471884,0.0008712339254202282,0.0011452151427064417,0.0028914151330081427,0.0031270844204446795,-0.002586434253000632,0.02049782568774239,0.002451283526883747,0.002451283526883747,0.002451283526883747
2023-01-14 00:00:00+00:00,-0.0013585603342071483,-0.0008008615288006571,0.0003296419386440838,0.0036403276090284627,-0.0003091185942970571,-0.0012167008650250848,-0.0026065705613591682,-0.0010928018467730955,-0.0005365210460428475,-0.0005365210460428475
2023-01-15 00:00:00+00:00,-0.000916355393866618,-0.002733755957759934,0.0006708880771619898,-0.003572228224187996,0.0055887591971135915,6.205495259548645e-05,0.008172579364631342,-0.0008950274386729582,6.205495259548645e-05,6.205495259548645e-05
2023-01-16 00:00:00+00:00,-0.00048603279064999877,-0.0011874341004623492,0.0013578296361021862,-0.003729725448582314,-0.0009093101370059788,-8.17150325999363e-05,-0.0037616931869388134,0.00254804717178413,-8.17150325999363e-05,-8.17150325999363e-05
2023-01-17 00:00:00+00:00,0.002466238145708321,-0.004176878035914923,0.00167265957260434,-0.0028074051548436256,-0.0018980503484416775,-0.0018980503484416775,-0.0022561320614001364,-0.0007417265569468596,-0.0018980503484416775,-0.0018980503484416775
2023-01-18 00:00:00+00:00,0.0012387982226419276,0.00021446853238228213,0.0021899090801342563,-0.0025782917086477723,0.0009387712532337971,0.0009387712532337971,-0.0013213912062481378,0.004609443196346361,0.0009387712532337971,0.0009387712532337971
2023-01-19 00:00:00+00:00,-0.0095486812238066,0.0028795187609793734,0.004274998827188403,0.010252102047029584,0.0028795187609793734,0.0028795187609793734,0.0016845234652810796,0.005870719220034078,0.0028795187609793734,0.0028795187609793734
2023-01-20 00:00:00+00:00,-0.006093167172932263,-0.0006583191168420886,0.004067702826108434,0.003122181801446258,-0.0006583191168420886,-0.0006583191168420886,-0.005320124569970965,0.0029676674811204345,-0.0006583191168420886,-0.0006583191168420886
2023-01-21 00:00:00+00:00,0.000950367260341007,0.002001868655777796,-0.0011665627485876423,0.0005290746036476371,0.00019949903343654957,0.00019949903343654957,0.0025700215838473416,-0.00041182830999768197,0.00019949903343654957,0.00019949903343654957
2023-01-22 00:00:00+00:00,-0.007627761490205759,-7.298341493546147e-05,0.004098876732825139,-0.0027263704529640557,0.0004644627811915475,0.0004644627811915475,-0.009478658790224753,0.007542536904456133,0.0004644627811915475,0.0004644627811915475
2023-01-23 00:00:00+00:00,0.0060124331257028875,-0.0015730415720179314,0.0020043263999289366,-0.0021589853379121527,-0.0015730415720179314,-0.0015730415720179314,0.007401024509195838,0.0010427165397855272,-0.0015730415720179314,-0.0015730415720179314
2023-01-24 00:00:00+00:00,-0.0009998484624158294,0.0015311880292717987,-0.001411016845578899,0.002700314341655393,0.0015311880292717987,0.0015311880292717987,-0.0022888749523622505,-0.0009314311655864576,0.0015311880292717987,0.0015311880292717987
2023-01-25 00:00:00+00:00,-0.003475715845120334,0.0004053167072063675,-0.002832496546062423,0.0010459054171719948,0.0004053167072063675,0.0004053167072063675,6.529459423992834e-05,-0.005156936586750606,0.0004053167072063675,0.0004053167072063675
2023-01-26 00:00:00+00:00,-0.009800684093867636,0.0010870268996871976,-0.003759514684416083,0.008794096438901531,0.0010870268996871976,0.0010870268996871976,-0.006035900343298587,-0.0018413425759378312,0.0010870268996871976,0.0010870268996871976
2023-01-27 00:00:00+00:00,0.005780016045009062,-0.002154687056428865,0.0013853581993456096,-0.0042097837780903065,-0.0005942271564775458,-0.0005942271564775458,0.003356636390614667,0.0007680015746181405,-0.0005942271564775458,-0.0005942271564775458
2023-01-28 00:00:00+00:00,0.002762207999914773,0.006377499654381126,0.001481476011527298,-0.0033460755775963757,0.0014178895852991105,0.0014178895852991105,0.0009746459263138366,0.0034490361767557237,0.0014178895852991105,0.0014178895852991105
2023-01-29 00:00:00+00:00,0.005836251361316849,-0.0032956114624788165,-0.0016994577935877464,-0.007534535860464383,-0.0021423083437342887,-0.0021423083437342887,0.003720904614374812,-0.004494722053995034,-0.0021423083437342887,-0.0021423083437342887
2023-01-30 00:00:00+00:00,0.000890490694614866,-0.0037116105518330117,0.0025872699982190713,-0.00361597820096362,0.0005784606090947574,0.0005784606090947574,-0.0035087386190914226,0.004963420639731819,0.0005784606090947574,0.0005784606090947574
2023-01-31 00:00:00+00:00,0.0029814746127716247,0.0008371242359530291,-0.000879805355791196,0.0025157644706393987,0.001698799196763177,0.001698799196763177,-0.017409351506773536,-0.00030743532943451607,0.001698799196763177,0.001698799196763177
2023-02-01 00:00:00+00:00,-0.0016106482733403739,-0.00028920662641594415,0.0002814057342877285,-0.0027922037135517403,-0.00028920662641594415,-0.00028920662641594415,0.005239372018753742,0.002043000287427413,-0.00028920662641594415,-0.00028920662641594415
2023-02-02 00:00:00+00:00,0.00012500563271278497,-0.0009460715306980623,-0.0009078852890149001,-0.0012521434366391812,0.0008738851879776481,0.0008738851879776481,-0.007927943370622682,0.001750012657197026,0.0008738851879776481,0.0008738851879776481
2023-02-03 00:00:00+00:00,0.0012534791528705856,-0.0002129401246367625,-0.0005495078016384923,-0.002312336097028343,-0.000329985729923293,-0.000329985729923293,0.003330938009109657,-0.0018878198647665962,-0.000329985729923293,-0.000329985729923293
2023-02-04 00:00:00+00:00,0.0017262300389249408,-0.0032842004256071486,-0.0005373078973730779,-0.0025040351141012366,-0.0009696882332964728,-0.0009696882332964728,-0.0017903955398668576,-0.0015639261424037203,-0.0009696882332964728,-0.0009696882332964728
2023-02-05 00:00:00+00:00,-0.0005600125900089252,-0.0018349108832285453,0.0006599817205900696,-0.0013338591399311359,-0.0007440209041550089,-0.0007440209041550089,0.0010868527744324764,-0.0006120287698900304,-0.0007440209041550089,-0.0007440209041550089
2023-02-06 00:00:00+00:00,0.0006179343789806819,0.0017536148477317098,-0.000534076702374523,0.00781029468064702,0.0017536148477317098,0.0017536148477317098,-0.003177770254137929,0.002497566103217279,0.0017536148477317098,0.0017536148477317098
2023-02-07 00:00:00+00:00,0.0036900938144938367,-0.00038978730987036965,-0.0020414757488105154,0.0026516347714584014,-0.00038978730987036965,-0.00038978730987036965,-0.0024396219909957797,-0.004003334798743832,-0.00038978730987036965,-0.00038978730987036965
2023-02-08 00:00:00+00:00,0.0035882113887939736,-0.002883404258024493,-0.0012501715593111321,-0.012871285361577457,-0.002883404258024493,-0.002883404258024493,-0.01043854861856148,-0.0076030259817551965,-0.002883404258024493,-0.002883404258024493
2023-02-09 00:00:00+00:00,0.004645618620930451,-0.00019655636016389574,-8.983364293621243e-05,0.005759193384414797,-0.00019655636016389574,-0.00019655636016389574,-0.004292985453125043,0.000578475309152015,-0.00019655636016389574,-0.00019655636016389574
2023-02-10 00:00:00+00:00,-0.006257892249205743,-0.0008775251538892836,0.0005274098923046056,-0.0039881883872628174,0.0005777378520277118,0.0005777378520277118,-0.0031212124176137114,0.001529005863965332,0.0005777378520277118,0.0005777378520277118
2023-02-11 00:00:00+00:00,-0.003931174539688884,8.674683309403718e-05,-0.0009378668874566113,-0.0009797592569066853,-0.0003073331401472696,-0.0003073331401472696,0.005626752856364668,-0.0011708402691280719,-0.0003073331401472696,-0.0003073331401472696
2023-02-12 00:00:00+00:00,-0.006565600487041515,-0.0017287633871075846,-0.0006926569358497593,-0.006136580036928659,-0.0007999887592087823,-0.0007999887592087823,0.009369529491285486,-0.002991051810963592,-0.0007999887592087823,-0.0007999887592087823
2023-02-13 00:00:00+00:00,-0.0012697260637645718,-0.0005909173310411345,-0.000564007953475119,0.003993984257448523,0.0012970112372356825,0.0012970112372356825,0.0017523175056998474,0.0014859322623182378,0.0012970112372356825,0.0012970112372356825
2023-02-14 00:00:00+00:00,-0.009007738823009485,-0.003408646814612815,0.011942208788640173,-0.007883814078142136,0.002635727857402352,0.002635727857402352,-0.009207574869070177,0.016378171400557324,0.002635727857402352,0.002635727857402352
2023-02-15 00:00:00+00:00,0.002181568476468999,-0.002677376644372006,-0.004040880249975559,-0.0008978458234342408,-0.0015496102598439618,-0.0015496102598439618,0.01346673592471181,-0.009970614113873958,-0.0015496102598439618,-0.0015496102598439618
2023-02-16 00:00:00+00:00,-0.006506425257193064,0.002053645221375833,0.006199832599039358,-0.010605553707359784,0.005019992265891425,0.002053645221375833,-0.011312029083167977,0.010103898697428115,0.002053645221375833,0.002053645221375833
2023-02-17 00:00:00+00:00,0.0006088932871606012,0.007295650369840225,0.0016586328239690063,-0.006304348157255827,-0.0004457997527238258,0.00014084808884175636,0.004041029437425068,0.001140677254622441,0.00014084808884175636,0.00014084808884175636
2023-02-18 00:00:00+00:00,-0.0037468422189711028,-0.009313351621610752,-0.00896951897822569,0.001961352584436856,0.005221395769499589,8.914794922396137e-05,-0.0013484081754233524,-0.007582169338823435,8.914794922396137e-05,8.914794922396137e-05
2023-02-19 00:00:00+00:00,-0.0049531913110721785,0.0036216555970259466,0.0008980104771524884,-0.006957051051634517,8.202087361208114e-05,0.0007195044852106788,-0.0020441715260564115,0.0020916850892873495,0.0007195044852106788,0.0007195044852106788
2023-02-20 00:00:00+00:00,0.0010503967366227755,0.00660623016283531,-5.6681925542491655e-05,-0.014086450526957773,-0.0011813744341279628,-0.0011813744341279628,0.004714415442061017,-0.000583389306356954,-0.0011813744341279628,-0.0011813744341279628
2023-02-21 00:00:00+00:00,0.003954903481229555,-0.0013338192864106539,0.0022399918993516585,-0.003756454078980717,-0.0003145764367790538,-0.0003145764367790538,0.0006104292009379182,0.0013224874120254854,-0.0003145764367790538,-0.0003145764367790538
2023-02-22 00:00:00+00:00,-0.004207048368836321,-0.00034715025963780367,-0.0011676169936010775,-6.511511066219786e-06,-0.00034715025963780367,-0.00034715025963780367,-0.006223593224033085,-0.0030708882840839954,-0.00034715025963780367,-0.00034715025963780367
2023-02-23 00:00:00+00:00,0.0059362474919395945,-0.0017649578158698566,-3.0398428353061913e-05,-0.005458469668784372,-0.0017649578158698566,-0.0017649578158698566,0.008002940862682476,-0.0038108571648946456,-0.0017649578158698566,-0.0017649578158698566
2023-02-24 00:00:00+00:00,0.0015914495712003897,-0.0004454953512632909,0.0035443861111016557,-0.00012168745251568545,-0.0004454953512632909,-0.0004454953512632909,-0.0010472283467503124,0.0028670937138113753,-0.0004454953512632909,-0.0004454953512632909
2023-02-25 00:00:00+00:00,-0.0008368768685122805,0.0008425776232153175,0.0007928325542995855,0.0003031932584490847,0.0008425776232153175,0.0008425776232153175,0.0023666630532827677,0.0012291145277860689,0.0008425776232153175,0.0008425776232153175
2023-02-26 00:00:00+00:00,0.001498299765797565,-0.0006961090578072018,0.0019442265416889472,-0.0010489671038398515,-0.0006961090578072018,-0.0006961090578072018,-0.00247093551452495,0.000873561580328458,-0.0006961090578072018,-0.0006961090578072018
2023-02-27 00:00:00+00:00,0.0031226391081080546,-0.0010113416881279535,0.002659126088088851,0.001352083678750281,-0.0010113416881279535,-0.0010113416881279535,0.0033408233622406343,0.00022223847189494487,-0.0010113416881279535,-0.0010113416881279535
2023-02-28 00:00:00+00:00,-0.0017676662659439394,0.0012500305133916368,-0.0009013409886789034,0.0008618468202159504,0.0012500305133916368,0.0012500305133916368,-0.0019389894715081874,0.00025522506570550076,0.0012500305133916368,0.0012500305133916368
2023-03-01 00:00:00+00:00,0.004138564070384855,-0.0013124937931769175,0.001010841921314006,0.000692800865765564,-0.0008064509617850148,-0.0008064509617850148,0.002244590829260239,-0.0007341621194427213,-0.0008064509617850148,-0.0008064509617850148
2023-03-02 00:00:00+00:00,-0.0029209345894876666,-0.00222775095440778,-0.006625644751061642,-0.005733642823505262,-0.0014805413972068335,-0.0014805413972068335,0.002777263796319394,-0.0075618090462770985,-0.0014805413972068335,-0.0014805413972068335
2023-03-03 00:00:00+00:00,0.0045697344129197156,-0.0006163099066012548,0.0034067380676694905,0.002281229416646948,-0.0006163099066012548,-0.0006163099066012548,-0.00018867048888053213,0.0016058997007525658,-0.0006163099066012548,-0.0006163099066012548
2023-03-04 00:00:00+00:00,-0.0011724008274563583,-0.001658347641797304,-0.0007862063004839597,0.000461039097374629,6.838578359468086e-05,6.838578359468086e-05,-0.0020958995372254313,5.945529221139853e-05,6.838578359468086e-05,6.838578359468086e-05
2023-03-05 00:00:00+00:00,-0.0006747268323751074,-0.0007658236323739518,-0.00020073659599350625,0.00020429483567005778,-0.00021227844927599506,-0.00021227844927599506,-0.004004973546993296,-0.0008981506895129027,-0.00021227844927599506,-0.00021227844927599506
2023-03-06 00:00:00+00:00,0.00281920066357349,-0.0001815586608684346,0.002523895932441192,0.0019553973710144325,-0.0001815586608684346,-0.0001815586608684346,0.0021985665783993847,0.0008212434211762401,-0.0001815586608684346,-0.0001815586608684346
2023-03-07 00:00:00+00:00,0.003254802779574957,-0.0019523920843706737,0.009243017928779317,0.006459366721068573,-0.0019523920843706737,-0.0019523920843706737,0.0034219800865503995,0.0046426266677503224,-0.0019523920843706737,-0.0019523920843706737
2023-03-08 00:00:00+00:00,-0.0032514374137009323,-0.0017789415312513869,-0.0113343018935665,-0.013222822549272642,-0.0017789415312513869,-0.0017789415312513869,0.00044794944420963913,-0.010827969143502324,-0.0017789415312513869,-0.0017789415312513869
2023-03-09 00:00:00+00:00,-0.011738410779235112,-0.012013706019511279,-0.007990386517628413,-0.006131850229243225,0.0004373338755664424,0.0004373338755664424,-0.008373765716767574,-0.005742699680687702,0.0004373338755664424,0.0004373338755664424
2023-03-10 00:00:00+00:00,0.009314305374835904,0.007842776553521518,0.0034051773128254866,0.010448118740066044,-0.00033183204488147885,-0.00033183204488147885,-0.009835117733031222,0.0002155881937353054,-0.00033183204488147885,-0.00033183204488147885
2023-03-11 00:00:00+00:00,-0.00576391427150473,0.00722089056156554,0.0025983909459773445,-0.010976758266998399,0.0030185448542869196,0.0030185448542869196,0.004741285048129842,0.0074944764917872185,0.0030185448542869196,0.0030185448542869196
2023-03-12 00:00:00+00:00,0.004618527404251861,0.0015893836490543155,0.02352077628110896,0.014823015788981006,0.0014156410133683121,0.0014156410133683121,-0.004814795261164726,0.021713894461808582,0.0014156410133683121,0.0014156410133683121
2023-03-13 00:00:00+00:00,0.003949122117443434,0.00025191329188496627,-0.003115793925940064,-0.005752681007310886,0.0009287273630865529,0.0009287273630865529,-0.0077362900039947054,0.00022222777736878515,0.0009287273630865529,0.0009287273630865529
2023-03-14 00:00:00+00:00,0.006472321145202766,-0.002309734836321767,0.012168677631160738,0.019942619517611487,0.002241293710198162,-0.002309734836321767,0.0035128582638650043,0.0033730061622576583,-0.002309734836321767,-0.002309734836321767
2023-03-15 00:00:00+00:00,0.0018059878271203809,0.001010315160090079,0.015178139323333612,0.006390001103304076,0.00045176759294010386,0.001010315160090079,0.0014028554632189876,0.011750412998566639,0.001010315160090079,0.001010315160090079
2023-03-16 00:00:00+00:00,-0.011802501404157353,-0.0038436232869118432,0.007161732152928152,0.0004212525245752721,0.002768805701612302,0.002768805701612302,-0.01057187495118821,0.012999521763942578,0.002768805701612302,0.002768805701612302
2023-03-17 00:00:00+00:00,0.0016901267284308184,-0.001084124220340263,-0.0005427129190218805,-0.0005476808698137071,-0.001338067704407118,-0.001338067704407118,0.0056391583578523745,-0.003238588603326714,-0.001338067704407118,-0.001338067704407118
2023-03-18 00:00:00+00:00,-0.006803478801625023,-0.005538223570441753,0.009100004591582481,0.0037044411904759,0.0007649215195159887,0.0007649215195159887,-0.0036438888814720807,0.008585195580335488,0.0007649215195159887,0.0007649215195159887
2023-03-19 00:00:00+00:00,-7.574636937269739e-05,-0.002294909807115273,0.0016436278714216934,0.0057978617931283795,-0.001330329782938342,-0.001330329782938342,0.013652605787282635,-0.002901637689737394,-0.001330329782938342,-0.001330329782938342
2023-03-20 00:00:00+00:00,-0.012352360518713744,0.004420362050490198,0.01933130761940073,-0.006253446002976473,0.0021111338780330034,0.0021111338780330034,-0.016761710616921964,0.012243678763294208,0.0021111338780330034,0.0021111338780330034
2023-03-21 00:00:00+00:00,0.00588375705523984,-0.002004321567894855,-0.014786927269732908,-0.012703118459126039,-0.0014944692960731213,-0.0014944692960731213,0.008541520865721212,-0.008146877181795336,-0.0014944692960731213,-0.0014944692960731213
2023-03-22 00:00:00+00:00,0.0006234269174103316,-0.0023444945479803303,0.005802263472960646,0.00016794500881733848,0.0033329593366516787,0.0016164261708677403,-0.006745136570383302,0.007491271975816196,0.0016164261708677403,0.0016164261708677403
2023-03-23 00:00:00+00:00,0.004027748700281081,-0.0024707050256127998,-0.0023793914436769066,-0.003062866368589657,-0.0021738753631907067,-0.0015496430376707483,0.000911205067464398,-0.002991419234073067,-0.0015496430376707483,-0.0015496430376707483
2023-03-24 00:00:00+00:00,0.002291072019406393,-0.000902892575943929,0.0029972480070413667,0.005005194292883496,-0.0003117048955784634,-0.0003117048955784634,-0.0007965745068560471,0.0017465946823190302,-0.0003117048955784634,-0.0003117048955784634
2023-03-25 00:00:00+00:00,0.0004553206751133611,-0.0003970758353679057,0.0033518900330576596,0.00019414613284257935,0.0007724685225818344,-0.0015675161413071636,-0.0005829724869087973,0.0032031237900904284,0.0007724685225818344,0.0007724685225818344
2023-03-26 00:00:00+00:00,-0.009145875091201452,-0.0013553505094788735,-0.007819184116242463,0.0004995377136609096,-0.0013553505094788735,-0.001976418134040858,-0.0158809058842546,-0.004329236323667863,-0.0013553505094788735,-0.0013553505094788735
2023-03-27 00:00:00+00:00,-0.003506878874374437,0.0011337468178479722,0.0002723249387453577,-0.0005376083566331274,0.0011337468178479722,0.0011337468178479722,-0.01039976264217853,0.001419125278197616,0.0011337468178479722,0.0011337468178479722
2023-03-28 00:00:00+00:00,-0.0053632963945065126,-0.005737593611470665,0.0034124888253920945,0.0034043182681437697,0.0012272409698632107,0.0012272409698632107,-0.009315061647160783,0.006230373504589619,0.0012272409698632107,0.0012272409698632107
2023-03-29 00:00:00+00:00,0.00014612389044658185,0.0014040466198669548,0.0027173557682748516,0.0004965861479946532,-0.0006319230208399614,-0.0006319230208399614,0.003353876139411082,-2.9820375681712572e-05,-0.0006319230208399614,-0.0006319230208399614
2023-03-30 00:00:00+00:00,-0.014204775239939255,0.0034384556922086983,-0.00013637910551617954,0.004547589341843543,0.0009277832121510729,0.0009277832121510729,-0.006078376666466902,0.001856781196830926,0.0009277832121510729,0.0009277832121510729
2023-03-31 00:00:00+00:00,-0.001269093139146262,-0.0007296746540882036,-0.0032557734630480873,-0.003724502541212921,-0.00010769466824090975,-0.00010769466824090975,0.0008474627099519358,-0.0025951693111085756,-0.00010769466824090975,-0.00010769466824090975
2023-04-01 00:00:00+00:00,0.0076889793800042775,0.0026706482144506225,0.001451750701004359,-0.0014451037705274635,-0.0006686746871359909,-0.0006686746871359909,-0.0010663163296578387,0.0012850270470839231,-0.0006686746871359909,-0.0006686746871359909
2023-04-02 00:00:00+00:00,-0.007869732287445273,-0.0006194006094409234,-0.005668041092232358,-0.005426813729450222,-9.290600685894975e-05,-9.290600685894975e-05,-0.0004412576285953803,-0.004805927968990365,-9.290600685894975e-05,-9.290600685894975e-05
2023-04-03 00:00:00+00:00,0.0011761938117385814,0.000690451748779806,0.0003326183412931327,-0.0017985425660938061,0.000690451748779806,0.000690451748779806,0.00025128256704884237,-0.0013452706067862842,0.000690451748779806,0.000690451748779806
2023-04-04 00:00:00+00:00,0.0019017942731239057,0.00026103425467242496,0.0013344987635770828,-0.0025225030839835317,0.00026103425467242496,0.00026103425467242496,0.0033351152925413783,-0.0006619947251776399,0.00026103425467242496,0.00026103425467242496
2023-04-05 00:00:00+00:00,0.001144404931027087,0.0006814440204274311,5.457708100772806e-05,-0.00020803631803695938,-0.0006021999148454351,-0.0006021999148454351,-0.003364011496301139,-0.00021447633200115355,-0.0006021999148454351,-0.0006021999148454351
2023-04-06 00:00:00+00:00,-0.00019658829354164507,-0.00022217082285942298,0.000424738530275266,0.004573041978983638,-0.00025791541200844743,-0.0007158637181031378,0.00047217558707855333,0.00016979386583193206,-0.00025791541200844743,-0.00025791541200844743
2023-04-07 00:00:00+00:00,-0.0004945113773061076,-0.0009084798444194851,0.0020201765896615117,0.0004549144192673065,-0.0003248195841387347,-0.0009551481705710436,-0.0023713347817327837,0.0015474013735086777,-0.0003248195841387347,-0.0003248195841387347
2023-04-08 00:00:00+00:00,-0.00039072692344904367,0.00023757788100740832,0.0033301962199045365,-0.0008500691896038239,0.00023757788100740832,0.00023757788100740832,-0.0022681955869091946,0.003469733148631896,0.00023757788100740832,0.00023757788100740832
2023-04-09 00:00:00+00:00,0.006173105635422395,0.0009949513759970336,0.008250766830195128,0.001406713167238985,0.0009949513759970336,0.0009949513759970336,-0.0008678694124121732,0.008414155721350174,0.0009949513759970336,0.0009949513759970336
2023-04-10 00:00:00+00:00,-0.0012044986058539556,0.0006662114306706172,-0.0018817444689117617,-0.006286569418673184,0.0006662114306706172,0.0006662114306706172,-0.004652684402219727,0.0007155386649617878,0.0006662114306706172,0.0006662114306706172
2023-04-11 00:00:00+00:00,-0.007043648908796561,0.00260755246520438,-0.004554051166521177,-0.0020862625154409844,3.293340906368717e-05,3.293340906368717e-05,-0.004112445463624276,-0.006355866513500474,3.293340906368717e-05,3.293340906368717e-05
2023-04-12 00:00:00+00:00,-0.0037539303588605987,0.0027595189651622404,0.0024302694105394007,0.0019446248170607774,0.0012402434307756717,0.0012402434307756717,0.003242027552253695,0.0018538889076170528,0.0012402434307756717,0.0012402434307756717
2023-04-13 00:00:00+00:00,-0.003545662957441748,0.004754204387341905,0.0013706700749515474,-0.0007224019556102352,0.0009478762573805747,0.0009478762573805747,-0.007311914839223991,-0.0004483077500249871,0.0009478762573805747,0.0009478762573805747
2023-04-14 00:00:00+00:00,-0.0031402030916954523,0.0018570796301980684,0.0029140828112278866,-0.004179070778841813,0.00013626162724481494,0.00013626162724481494,0.003232513170557957,0.00307969118497389,0.00013626162724481494,0.00013626162724481494
2023-04-15 00:00:00+00:00,-0.0021737497219472515,-0.006242588541990321,0.001431647350375376,-0.008652013636952501,0.0009523141402843514,0.0009523141402843514,-0.007768461268036636,-0.0003733322158031112,0.0009523141402843514,0.0009523141402843514
2023-04-16 00:00:00+00:00,-0.0027116838692893847,0.0021085137561865277,-0.007648446814771834,0.00029280952905036823,-0.000761161595948944,-0.000761161595948944,-0.0039906370335658714,-0.007844022536970283,-0.000761161595948944,-0.000761161595948944
2023-04-17 00:00:00+00:00,0.0031418448219663817,0.0019034066149935746,0.0029414444619144035,-0.005599692158949712,0.001021241786673117,0.001021241786673117,-0.003162795506622729,0.007190552301607815,0.001021241786673117,0.001021241786673117
2023-04-18 00:00:00+00:00,0.0007415636226268444,0.005975773781225107,-0.004904800571689249,-0.0031472188381581464,-0.003514635531564989,-0.003514635531564989,0.0033605961061041233,-0.009828860026471035,-0.003514635531564989,-0.003514635531564989
2023-04-19 00:00:00+00:00,9.329123457476105e-05,-0.0002598959877946436,-0.0004905286447710964,0.0037845506566699127,-0.0009999504114524332,-0.0009999504114524332,0.002765776454825742,-0.004651435557633469,-0.0009999504114524332,-0.0009999504114524332
2023-04-20 00:00:00+00:00,0.0011189521419510354,-0.003346570691781873,0.005229729303670334,-0.006208615294684232,-0.007644806013857335,-0.0019016594546199994,-0.0014501576688475636,-0.0005999602205073326,-0.0019016594546199994,-0.0019016594546199994
2023-04-21 00:00:00+00:00,0.0012523067616732205,0.0031000961119012358,0.007076579570888881,-0.003773153780371381,-0.0004311435889317221,0.0009054056574008999,0.0014650831261304826,0.008038663302259637,0.0009054056574008999,0.0009054056574008999
2023-04-22 00:00:00+00:00,-1.654989569862913e-05,2.6768131618541083e-06,0.0002853497552404484,-0.0004128159253235235,-0.0005489964786222825,-0.0005489964786222825,-0.0030259055726216963,-0.00045744203452962077,-0.0005489964786222825,-0.0005489964786222825
2023-04-23 00:00:00+00:00,0.0007880642180665555,-0.0014531975085382,-0.0006339299122991391,-0.0020010200259824337,-9.591631154044315e-05,-9.591631154044315e-05,-0.004484125568838754,4.2039759580448875e-05,-9.591631154044315e-05,-9.591631154044315e-05
2023-04-24 00:00:00+00:00,0.001463766004514193,0.0009636953741469523,0.0036638227432208327,0.0007407595808007931,0.0009636953741469523,0.0009636953741469523,0.0034752512580028096,0.00601430910741023,0.0009636953741469523,0.0009636953741469523
2023-04-25 00:00:00+00:00,8.472606911447651e-05,-0.0007303048436623801,0.0011488820105523692,0.006374543429452748,-0.0007303048436623801,-0.0007303048436623801,0.0032334339766981177,0.0003784237460067581,-0.0007303048436623801,-0.0007303048436623801
2023-04-26 00:00:00+00:00,0.002929971851637722,0.0011306392657760658,0.0004341664857659048,-0.0013164596997060057,0.0011306392657760658,0.0011306392657760658,0.002647994514108302,0.0025296367766224903,0.0011306392657760658,0.0011306392657760658
2023-04-27 00:00:00+00:00,0.0006067112492558444,8.3232203827946e-05,-0.006944505142168058,-0.0073165272065741985,8.3232203827946e-05,8.3232203827946e-05,-0.0037082891557922606,-0.005347969650442415,8.3232203827946e-05,8.3232203827946e-05
2023-04-28 00:00:00+00:00,-0.001045276280967091,0.00011711880884941732,-0.0018942043657720776,-0.005931799956843807,0.00011711880884941732,0.00011711880884941732,-0.0010893431856204181,-0.0011284912818048138,0.00011711880884941732,0.00011711880884941732
2023-04-29 00:00:00+00:00,0.003041640293136738,-0.000663498715485785,0.013121552825554758,0.0052090603234812,-0.000663498715485785,-0.000663498715485785,0.0008032985165467603,0.007726444814065064,-0.000663498715485785,-0.000663498715485785
2023-04-30 00:00:00+00:00,-0.0025697930380520866,-0.001125556589147691,-0.008592292479005004,-0.0038974085643991062,-0.001125556589147691,-0.001125556589147691,-0.008098232622119023,-0.008633033406909976,-0.001125556589147691,-0.001125556589147691
2023-05-01 00:00:00+00:00,0.0022566452432561776,0.0004166684850266391,-0.0024397739219867683,-0.0035038492028326993,0.0004166684850266391,0.0004166684850266391,0.002850373972780224,-0.00036609776922848827,0.0004166684850266391,0.0004166684850266391
2023-05-02 00:00:00+00:00,0.0010237718567117284,0.00048509016917092735,0.003103038016189398,-0.0003851028533620491,0.00048509016917092735,0.00048509016917092735,0.0006614153408527534,0.002180715341321668,0.00048509016917092735,0.00048509016917092735
2023-05-03 00:00:00+00:00,0.00011433743222032106,-0.0005538787236366536,0.0006055934939224782,-0.002547113017293395,-0.0005538787236366536,-0.0005538787236366536,-0.004055412399794032,0.0006905570015902601,-0.0005538787236366536,-0.0005538787236366536
2023-05-04 00:00:00+00:00,-0.002228882366155214,0.0010207618424056856,0.0016275042235708843,0.005619071509561796,0.0010207618424056856,0.0010207618424056856,0.003985167206993059,0.00013525340894512145,0.0010207618424056856,0.0010207618424056856
2023-05-05 00:00:00+00:00,0.0026214379329560023,-0.0015357414827015196,-0.000620361282955304,-0.0006782141397024756,-0.0015357414827015196,-0.0015357414827015196,0.003509031187114305,-0.002734397504908399,-0.0015357414827015196,-0.0015357414827015196
2023-05-06 00:00:00+00:00,-0.0022565828418808103,-0.00032638624787318505,-0.0018656294857683235,-0.003419850613430956,-0.00032638624787318505,-0.00032638624787318505,-0.0044097503878745715,-0.0021547358027187045,-0.00032638624787318505,-0.00032638624787318505
2023-05-07 00:00:00+00:00,-0.0034053575315985476,-0.001847165990446299,0.0007362048335697221,0.006654330128928174,-0.001847165990446299,-0.001847165990446299,-0.006290935735260564,-0.0035655397069469614,-0.001847165990446299,-0.001847165990446299
2023-05-08 00:00:00+00:00,0.002294378999172052,-0.00020872374186398408,-0.0015793377900119965,0.0002459053436562194,-0.00020872374186398408,-0.00020872374186398408,0.0007118157846144767,0.0001004347511186283,-0.00020872374186398408,-0.00020872374186398408
2023-05-09 00:00:00+00:00,-0.004464943040368552,-3.5200472495033105e-05,-0.000386094771198169,-0.002091041763964958,0.0005666366087495118,0.0005666366087495118,-0.011993205332649975,5.6412006452931235e-05,0.0005666366087495118,0.0005666366087495118
2023-05-10 00:00:00+00:00,-0.001314624853096465,-0.00487009127795573,-0.004004381366117172,0.002113443595741618,-0.0010770656023011888,-0.0010770656023011888,-0.005883790270856762,-0.004260703180794762,-0.0010770656023011888,-0.0010770656023011888
2023-05-11 00:00:00+00:00,-0.00450993666304784,-0.0011910450166935144,-0.00440405368769998,-0.0061045324576662835,0.0007631215491815379,0.0007631215491815379,0.006405753000946543,-0.0034974822923024926,0.0007631215491815379,0.0007631215491815379
2023-05-12 00:00:00+00:00,0.0007858260502046069,0.0010711326213318725,0.0021229663651699264,-0.0004350392696820815,-0.00037299408085080503,-0.00037299408085080503,0.002317696843509764,0.0014003128629455624,-0.00037299408085080503,-0.00037299408085080503
2023-05-13 00:00:00+00:00,0.0004594308437273405,-0.0011853134471981014,0.0002534163485433551,-0.0007652290629111567,0.0003146736523465673,0.0003146736523465673,0.0014515861965426738,0.0015893005806497397,0.0003146736523465673,0.0003146736523465673
2023-05-14 00:00:00+00:00,0.008473281381793239,0.00017954738348773292,0.0011879522545637162,0.0009192652209290718,0.00017954738348773292,0.00017954738348773292,0.002979119437641318,0.00213704289162197,0.00017954738348773292,0.00017954738348773292
2023-05-15 00:00:00+00:00,7.172631817889592e-05,8.224513408092423e-05,-0.00166846446617421,0.0016881470834751908,8.224513408092423e-05,8.224513408092423e-05,-0.006834119888608424,0.001212784112909541,8.224513408092423e-05,8.224513408092423e-05
2023-05-16 00:00:00+00:00,0.0026407799497434412,0.000805726237311813,0.0005079992988980968,-0.006895102172495782,0.000805726237311813,0.000805726237311813,-0.004335444805471608,0.0022077924149265233,0.000805726237311813,0.000805726237311813
2023-05-17 00:00:00+00:00,-0.002102437697500565,-0.0008336678510647911,-0.0018512886061566483,-0.001039261621893418,-0.0008336678510647911,-0.0008336678510647911,-0.0013836962924115544,-0.0022612484274349247,-0.0008336678510647911,-0.0008336678510647911
2023-05-18 00:00:00+00:00,0.00283756874554583,6.389548564108308e-05,-0.0004206172087299207,0.0025306203780627247,6.389548564108308e-05,6.389548564108308e-05,-0.0009032557828531344,0.0004467647342359548,6.389548564108308e-05,6.389548564108308e-05
2023-05-19 00:00:00+00:00,0.0020204281986920553,6.264659861945034e-05,0.002421244312555808,-0.00017665875333264545,6.264659861945034e-05,6.264659861945034e-05,0.00038474624570264816,0.002003089172523814,6.264659861945034e-05,6.264659861945034e-05
2023-05-20 00:00:00+00:00,-0.0028605502782561576,-0.0006257873956997536,-0.001035351289556575,0.00021610337531522046,-0.0006257873956997536,-0.0006257873956997536,-0.006732322205904114,-0.000924998879932618,-0.0006257873956997536,-0.0006257873956997536
2023-05-21 00:00:00+00:00,-3.647834749513315e-05,0.00025582737131609086,0.0008019413909350991,-0.0052159120515504745,0.00025582737131609086,0.00025582737131609086,0.004976553661489103,0.000736270386837701,0.00025582737131609086,0.00025582737131609086
2023-05-22 00:00:00+00:00,0.0021682247933700674,0.0004257825673976389,0.002205401402586361,-0.00015221017581156188,0.0004257825673976389,0.0004257825673976389,0.0036099369781722387,0.0018865871731850372,0.0004257825673976389,0.0004257825673976389
2023-05-23 00:00:00+00:00,-0.006213661812246002,-0.00131244035098406,-0.003188687291066723,-0.003895124158143806,-0.00131244035098406,-0.00131244035098406,-0.003122616168146952,-0.005633783919072237,-0.00131244035098406,-0.00131244035098406
2023-05-24 00:00:00+00:00,0.0033777772847056785,3.9430196948530205e-05,3.0656672922752865e-05,-0.001035865729311172,3.9430196948530205e-05,3.9430196948530205e-05,-0.000932735394134716,-0.00047035637650618133,3.9430196948530205e-05,3.9430196948530205e-05
2023-05-25 00:00:00+00:00,0.0021299000861603004,0.0004941455340312564,0.000663336359730158,-0.00010830681997185397,0.0004941455340312564,0.0004941455340312564,0.004006556858679165,0.0011726030153680928,0.0004941455340312564,0.0004941455340312564
2023-05-26 00:00:00+00:00,-0.0040241497156763735,0.0006140345438321388,-0.0022249918729906454,-0.0033395199790960135,0.0006140345438321388,0.0006140345438321388,-0.0014266162570898194,-0.0021500725119715444,0.0006140345438321388,0.0006140345438321388
2023-05-27 00:00:00+00:00,0.003149642285328403,0.0013474063477837686,0.007691742703383286,-0.0012269839897598985,0.0013474063477837686,0.0013474063477837686,-0.004768929117106085,0.009627808976658046,0.0013474063477837686,0.0013474063477837686
2023-05-28 00:00:00+00:00,-0.0008981705426955457,0.005692321894420786,-0.0005055206386533861,0.0017979539610600245,-0.0003941745609943453,-0.0003941745609943453,-0.0021195135170625845,8.814230482811152e-05,-0.0003941745609943453,-0.0003941745609943453
2023-05-29 00:00:00+00:00,0.003240099216678874,0.0027538425324056554,-0.0020101542498266443,0.0033920513639826818,0.00036364274540963155,0.00036364274540963155,-0.0030656845547817418,-0.0011682425204493432,0.00036364274540963155,0.00036364274540963155
2023-05-30 00:00:00+00:00,0.0017334282496698596,-0.00413751944179504,-0.003404174623092854,-0.0007666262384739474,-0.0008347881813916753,-0.0008347881813916753,0.005770082453252554,-0.003802464328674126,-0.0008347881813916753,-0.0008347881813916753
2023-05-31 00:00:00+00:00,0.005490478113419719,-0.0014690978740580878,-0.004474813294580995,0.0026133461408474577,-0.00038748130620460064,-0.00038748130620460064,-0.0010452216231314048,-0.004021761363372496,-0.00038748130620460064,-0.00038748130620460064
2023-06-01 00:00:00+00:00,0.00024368833407060578,-0.0014275549834346572,-8.606005070568534e-05,0.003934178742037478,0.000912073678525051,0.000912073678525051,0.007231041552508867,0.0014847371551463921,0.000912073678525051,0.000912073678525051
2023-06-02 00:00:00+00:00,-0.0011385033657383384,-0.000872277595373526,-0.0017142281972501335,-0.002891212386859171,-7.410200842217386e-05,-7.410200842217386e-05,-0.0015778976967838342,-0.001787318571549039,-7.410200842217386e-05,-7.410200842217386e-05
2023-06-03 00:00:00+00:00,-0.004813260974096979,0.00024152935410105098,-0.0014577102768537223,-0.0007681922924508323,0.00024152935410105098,0.00024152935410105098,-0.00045303717572164594,-0.0012269755858772388,0.00024152935410105098,0.00024152935410105098
2023-06-04 00:00:00+00:00,0.0002295163916935058,-0.002747581407577861,-0.011367610178752409,0.001434591760167027,-0.002747581407577861,-0.002747581407577861,-0.01006743706034756,-0.013184259274093257,-0.002747581407577861,-0.002747581407577861
2023-06-05 00:00:00+00:00,0.008858650385812638,0.0011069086188745382,0.008166249414923681,-0.002059845932026962,0.0011069086188745382,0.0011069086188745382,0.0049527429348133895,0.01150322283056839,0.0011069086188745382,0.0011069086188745382
2023-06-06 00:00:00+00:00,0.008999887722417553,-0.014700762398940454,-0.00707144344408283,0.008340122591174552,0.017846712732803638,-0.002451323432544831,0.0024546159093907236,-0.008790185311308034,-0.002451323432544831,-0.002451323432544831
2023-06-07 00:00:00+00:00,0.0026921876169788738,0.00198053319716965,0.0015355994538916514,-0.00026125665130173983,-0.0007154042961925917,0.00023445185304055206,0.000692174124522086,0.0011187308030265344,0.00023445185304055206,0.00023445185304055206
2023-06-08 00:00:00+00:00,0.007799809647258391,-0.014111277013901982,0.007298589249611689,0.016974259733506226,0.01396829202758089,-0.0011560352135227406,0.0014117701842612646,0.007242170355954652,-0.0011560352135227406,-0.0011560352135227406
2023-06-09 00:00:00+00:00,0.011781587151697413,-0.006112533278685043,0.004246361851697407,0.010523738986607871,-0.0056372598008055655,-0.004666463952808031,0.005634279176829527,-9.258117570744211e-05,-0.004666463952808031,-0.004666463952808031
2023-06-10 00:00:00+00:00,0.0025327559160263175,0.0007973630880928983,0.0010906448452156878,0.00230120496943071,0.0002446001086706586,0.0002446001086706586,0.0005083182813869273,-9.022653609616492e-05,0.0002446001086706586,0.0002446001086706586
2023-06-11 00:00:00+00:00,-0.0043435563660180355,-0.0033915736316210187,0.0009475076089130647,-0.004221332281520727,-0.00017064846603333434,1.084085852817188e-05,-0.009079485465618745,0.0008406678768156926,1.084085852817188e-05,1.084085852817188e-05
2023-06-12 00:00:00+00:00,-0.005283700154002016,0.004232031577093486,0.0032547147718676593,-0.007269121754495251,-0.0011492237575140933,0.000324147748904165,-0.006711829531993953,0.00502251119163688,0.000324147748904165,0.000324147748904165
2023-06-13 00:00:00+00:00,-0.011501643493541401,0.01133771128008621,-0.003982357654428034,-0.004122499005305626,-0.0016254429420767178,-0.0016254429420767178,-0.0032902705571675028,-0.006234719972154977,-0.0016254429420767178,-0.0016254429420767178
2023-06-14 00:00:00+00:00,0.001779513551049062,-0.0015147303063053083,0.0011612088156539037,0.005441483332257803,-6.284646432739723e-07,-6.284646432739723e-07,0.003848074268839513,0.0013379050247359341,-6.284646432739723e-07,-6.284646432739723e-07
2023-06-15 00:00:00+00:00,0.00742135730394958,0.006569108044296111,0.003462747244556941,0.005460011699705026,0.0005424050769226807,0.0005424050769226807,0.003213255319616707,0.0035441947471889414,0.0005424050769226807,0.0005424050769226807
2023-06-16 00:00:00+00:00,0.0022720167942824644,-0.00034182860675089277,0.00102950352537846,-0.004539749174513139,0.0005828231071549802,0.0005828231071549802,0.0013161374839104553,0.0017758511121964196,0.0005828231071549802,0.0005828231071549802
2023-06-17 00:00:00+00:00,0.0010651143807043552,-0.0004331233514620679,0.0020363564519250547,0.0044195092371045455,-0.0004331233514620679,-0.0004331233514620679,-0.0034483918093797424,0.001914406072157771,-0.0004331233514620679,-0.0004331233514620679
2023-06-18 00:00:00+00:00,0.004326217468170569,0.0005408301082096981,0.0001256538005862582,-0.00025225725141344825,0.0005408301082096981,0.0005408301082096981,0.0016898681335816882,-0.00023750696803207893,0.0005408301082096981,0.0005408301082096981
2023-06-19 00:00:00+00:00,0.008477183610241289,0.001235678582455782,0.006630725899176771,0.0033571556370060843,0.001235678582455782,0.001235678582455782,-0.00034892074186258933,0.007441219290194591,0.001235678582455782,0.001235678582455782
2023-06-20 00:00:00+00:00,0.007268583451512271,0.001843938561986207,0.005035575346675931,0.0007332263361660526,0.001843938561986207,0.001843938561986207,-0.00518533182556155,0.0063035391415628686,0.001843938561986207,0.001843938561986207
2023-06-21 00:00:00+00:00,-0.0032476016020434612,-0.0013270035770304792,-0.00018011336890722912,-0.00017221134310699932,-0.00046644581944810926,-0.00046644581944810926,-0.0056130644914728816,-0.00027123839744626257,-0.00046644581944810926,-0.00046644581944810926
2023-06-22 00:00:00+00:00,-0.003935954960743837,-0.0014975934630468274,6.641240689868663e-05,0.0022224097075642458,0.001423876768428782,0.001423876768428782,0.0024814578593159798,0.0027071760450314434,0.001423876768428782,0.001423876768428782
2023-06-23 00:00:00+00:00,-0.003793977562402028,-0.0010689172455697158,-0.000510415852550057,0.003724501548025219,-0.0007482577318631073,-0.0007482577318631073,-0.005845179621657189,-0.002130222676736539,-0.0007482577318631073,-0.0007482577318631073
2023-06-24 00:00:00+00:00,-0.007131669704786512,0.0024674945196658726,-0.00016435656773812845,0.0008703054150288302,0.0005074522975666882,0.0005074522975666882,0.002302874263523985,-0.0011330040918237276,0.0005074522975666882,0.0005074522975666882
2023-06-25 00:00:00+00:00,0.0016362810375089116,-0.0015387885262625732,0.000865302562195086,0.003366694719782025,-0.0009805571782338196,-0.0009805571782338196,-0.0035845504111963545,0.00024140819650509348,-0.0009805571782338196,-0.0009805571782338196
2023-06-26 00:00:00+00:00,0.00041109611461797506,0.000611831281179663,0.0010045136293077646,0.00021442601494319272,0.000611831281179663,0.000611831281179663,0.0024309192374839623,0.0014414664769019376,0.000611831281179663,0.000611831281179663
2023-06-27 00:00:00+00:00,-0.0049280223914127405,-0.0019503420642857441,0.0040417385662710305,0.006539224935126332,-0.0019503420642857441,-0.0019503420642857441,-0.016111948170085787,-0.0007195337707722766,-0.0019503420642857441,-0.0019503420642857441
2023-06-28 00:00:00+00:00,-8.983892928942586e-05,0.0012527171937646898,-0.006526872004598761,-0.006127861988273615,0.0012527171937646898,0.0012527171937646898,0.00901992199720774,-0.004904616088068344,0.0012527171937646898,0.0012527171937646898
2023-06-29 00:00:00+00:00,0.004642716285871544,0.0023312652465475605,-0.010475859611849752,-0.009412797600928228,0.0023312652465475605,0.0023312652465475605,-0.005281970664904934,-0.0031153888613094406,0.0023312652465475605,0.0023312652465475605
2023-06-30 00:00:00+00:00,-0.011919425513266023,0.0063449999154527,0.005346219525179199,-0.0017528435542971581,0.00042866501255343166,0.00042866501255343166,-0.003973185078647942,0.006174264325484916,0.00042866501255343166,0.00042866501255343166
2023-07-01 00:00:00+00:00,0.00023463897462967928,-0.015489875313988842,-0.003413993377493128,0.003989335506476395,0.010767275262715124,0.0006932105176786467,0.004253256654450799,-0.0021244589053437254,0.0006932105176786467,0.0006932105176786467
2023-07-02 00:00:00+00:00,-0.008007006469082182,-0.001277608235828247,0.004261856759692793,-0.005552855065290798,-0.00040979027891441743,0.00027255137751203324,-0.0017575392374815687,0.0023561667309912157,0.00027255137751203324,0.00027255137751203324
2023-07-03 00:00:00+00:00,-0.0007554669449459194,0.002689033249642177,-0.0020808896850057538,-0.00015997604586619218,-0.0006842080071881158,-0.0006842080071881158,0.0017730879365091662,-0.003187792895727536,-0.0006842080071881158,-0.0006842080071881158
2023-07-04 00:00:00+00:00,0.002578728518504721,0.0013909241509864226,-0.0009738473262026266,0.0004464020673578666,-0.0009463439419443622,-0.0009463439419443622,0.0006820307584951017,-0.0024367165180197237,-0.0009463439419443622,-0.0009463439419443622
2023-07-05 00:00:00+00:00,-0.0071839245173884,-0.0020408519995801263,-0.007907147352176657,2.421473708691087e-05,-0.0009811853103668634,-0.0009811853103668634,0.0007680797684211368,-0.010339637018637896,-0.0009811853103668634,-0.0009811853103668634
2023-07-06 00:00:00+00:00,-0.004829994837758634,0.0011992347054640387,-0.003754654964526026,0.002719876762278336,0.0011992347054640387,0.0011992347054640387,0.004095160115282064,-0.0021950019278652233,0.0011992347054640387,0.0011992347054640387
2023-07-07 00:00:00+00:00,-0.007992792308880609,-0.0021354797080479692,-0.005068653920040444,-0.003974434082747944,0.00043584574072306494,0.00043584574072306494,-4.326367462897983e-05,-0.003984646872554015,0.00043584574072306494,0.00043584574072306494
2023-07-08 00:00:00+00:00,-0.002447487687659641,0.0013772865216541326,0.0005151401742173678,-9.088170654251879e-05,-0.00032311203754492666,-0.00032311203754492666,-0.0015430793094518389,-0.0014147977473901602,-0.00032311203754492666,-0.00032311203754492666
2023-07-09 00:00:00+00:00,0.0006426324295015473,0.00602071574082612,0.0041754539660731555,-0.007591434566724008,0.0006147488617750021,0.0006147488617750021,-0.0004814747919654206,0.006080384337622558,0.0006147488617750021,0.0006147488617750021
2023-07-10 00:00:00+00:00,-0.0007103543155940768,-0.0006386050813975033,-0.0008275633168572565,0.0010922873873659682,0.00028817743582640895,0.00028817743582640895,0.00026951676523910025,0.0002884098018026989,0.00028817743582640895,0.00028817743582640895
2023-07-11 00:00:00+00:00,-0.004466830592889512,0.004805497751442031,-0.0003521182571370352,0.0013767625571806182,-0.0003431808619572553,-0.0003431808619572553,-0.0028392909938211785,-0.0017180843354138939,-0.0003431808619572553,-0.0003431808619572553
2023-07-12 00:00:00+00:00,0.016330367077837655,0.0012125875971918116,0.00297659724760883,-0.016927865207800142,0.006018317242399371,0.006018317242399371,0.013419929038062784,0.016867503554374563,0.006018317242399371,0.006018317242399371
2023-07-13 00:00:00+00:00,-0.022191964507485788,-0.0022640608413046423,-0.012950688358247954,0.01108470373607582,-0.0013928153248629884,-0.0013928153248629884,0.005229745532637548,-0.01548774158982188,-0.0013928153248629884,-0.0013928153248629884
2023-07-14 00:00:00+00:00,-0.0014193544998662845,0.0005623304476297779,-0.001389542109058394,-0.0016589207234210496,-0.0017513992479837438,0.00011234944481548337,-0.0003317991749450642,-0.001161151437445501,0.00011234944481548337,0.00011234944481548337
2023-07-15 00:00:00+00:00,0.006810684391667297,-0.0009451252374988728,0.001831489293926417,-0.004805206211600488,-0.001567221035417669,-0.00065689565605039,-0.004162976657830663,-0.0011046933783085827,-0.00065689565605039,-0.00065689565605039
2023-07-16 00:00:00+00:00,-1.9967658245519256e-06,-0.0008551440972556666,-0.002826514853270092,0.010206913740835814,1.130853355994846e-06,1.130853355994846e-06,0.00886875684075062,-0.0014225690504985067,1.130853355994846e-06,1.130853355994846e-06
2023-07-17 00:00:00+00:00,0.004858311709929214,-0.00173942287036795,0.0038216829432551423,-0.003594420762096627,-0.0007548666222499396,-0.0007548666222499396,-0.00998882314414023,0.0036805930692436215,-0.0007548666222499396,-0.0007548666222499396
2023-07-18 00:00:00+00:00,0.0018009655664156829,0.0005602438673409073,-0.006373868943589954,0.0047774913646890125,0.0005602438673409073,0.0005602438673409073,0.006469605436727314,-0.0020932826767845057,0.0005602438673409073,0.0005602438673409073
2023-07-19 00:00:00+00:00,-0.009136424992020258,0.0006203264511556517,0.0009229738415290016,0.009264216469716972,0.0006203264511556517,0.0006203264511556517,-0.016011012013116586,0.0029648790701485707,0.0006203264511556517,0.0006203264511556517
2023-07-20 00:00:00+00:00,-0.003909264684594723,-6.0286981071647544e-05,0.0016253769805624515,-0.004067188845659304,-6.0286981071647544e-05,-6.0286981071647544e-05,-0.005051510685775014,0.0005938569752221481,-6.0286981071647544e-05,-6.0286981071647544e-05
2023-07-21 00:00:00+00:00,-0.004737558512871999,0.0007152269486393545,0.0027046635600712155,-0.00644894830182924,-0.0013033443276650933,-0.0013033443276650933,0.0005230967898109903,0.0006075581213439786,-0.0013033443276650933,-0.0013033443276650933
2023-07-22 00:00:00+00:00,-5.640697639419819e-06,0.0023086549523879396,0.0018943033276633083,-0.0025309721158635196,0.00046535119282060537,0.00046535119282060537,-0.0011297628275237738,0.0021410377423266517,0.00046535119282060537,0.00046535119282060537
2023-07-23 00:00:00+00:00,-0.0013920867018629034,-0.0026266587900456483,-0.0017734965828366833,-0.0035706925969550716,-0.002010140030997632,-0.002010140030997632,0.003665004061066203,-0.005177330538504956,-0.002010140030997632,-0.002010140030997632
2023-07-24 00:00:00+00:00,0.000876572568815902,-0.0001383350684279794,0.0021725228260472814,-0.007000374669861601,-0.0001383350684279794,-0.0001383350684279794,-0.0015517445128499646,0.0006219040286135858,-0.0001383350684279794,-0.0001383350684279794
2023-07-25 00:00:00+00:00,0.004742078844765992,-0.0011170592140318084,-0.005942811340883595,0.013047925949809346,0.0009684730167237103,0.0009684730167237103,0.0007078106296763826,-0.003097280494188405,0.0009684730167237103,0.0009684730167237103
2023-07-26 00:00:00+00:00,-0.0018503318075778095,-0.000612360217513704,-0.0017305164624034743,0.0031424131308426294,2.3977253518902958e-05,2.3977253518902958e-05,-0.0011553258534711067,-8.28511691516871e-05,2.3977253518902958e-05,2.3977253518902958e-05
2023-07-27 00:00:00+00:00,-0.0008846053631978936,-0.0001368708475662282,0.0033717462295366494,-0.006409456770626117,-0.0001368708475662282,-0.0001368708475662282,0.0013201330921104805,0.0022798742985135575,-0.0001368708475662282,-0.0001368708475662282
2023-07-28 00:00:00+00:00,0.001070329204830376,0.00039837412885588295,-0.0028425499608991656,-0.00019636425579893963,0.00039837412885588295,0.00039837412885588295,0.0012226730993616618,-0.001286383591116902,0.00039837412885588295,0.00039837412885588295
2023-07-29 00:00:00+00:00,-0.005839493538504945,-0.0006188594235844014,0.0027812825389523866,-0.006593556800529111,-0.0006188594235844014,-0.0006188594235844014,-0.0039969669316089786,0.00161634448320144,-0.0006188594235844014,-0.0006188594235844014
2023-07-30 00:00:00+00:00,0.0047056125780684105,-0.0006964134373700759,0.0031436475230482586,-0.000848444787153547,-0.0006964134373700759,-0.0006964134373700759,0.0004606339145752494,0.0018537733470851629,-0.0006964134373700759,-0.0006964134373700759
2023-07-31 00:00:00+00:00,-0.0028371608277676734,0.0007062486348222214,0.003731744109102044,-0.002239268763966638,0.0007062486348222214,0.0007062486348222214,0.00035894916139477727,0.0057762803900991274,0.0007062486348222214,0.0007062486348222214
2023-08-01 00:00:00+00:00,-0.0038158254516508397,-0.0015609108223327095,0.0038106001366443863,0.002506539109587308,-0.0015609108223327095,-0.0015609108223327095,-0.006579979065824731,-0.0021481727703378337,-0.0015609108223327095,-0.0015609108223327095
2023-08-02 00:00:00+00:00,0.0028626000642489307,-0.000980603387239906,0.008001407517479712,-0.001478300916469381,-0.000980603387239906,-0.000980603387239906,-0.0019245532640224457,0.0035336912307992636,-0.000980603387239906,-0.000980603387239906
2023-08-03 00:00:00+00:00,-0.0039508807909985144,-0.0018320071046633774,-0.0010837004125944308,-0.0009169535157155168,-0.0002235754103293211,-0.0002235754103293211,0.0007900031689633869,-0.0018277064217311607,-0.0002235754103293211,-0.0002235754103293211
2023-08-04 00:00:00+00:00,-0.0014973885003776851,-0.0001474255837757278,-0.0003137344783148139,0.0003530337552319512,5.313936218595041e-05,5.313936218595041e-05,0.000728291190752222,0.0005204193883025667,5.313936218595041e-05,5.313936218595041e-05
2023-08-05 00:00:00+00:00,0.00042101734297770547,-1.4354282686770536e-05,-0.0005003917688896775,-0.003748665997380731,-1.7274828564074912e-05,-1.7274828564074912e-05,-0.0012531797399579008,-0.0012971252736764536,-1.7274828564074912e-05,-1.7274828564074912e-05
2023-08-06 00:00:00+00:00,-0.0012122442336462065,-0.001077091751888158,-0.0004235194568588135,0.002084965392081673,7.291479886810548e-05,7.291479886810548e-05,-0.0022429581527125745,0.000320890032271839,7.291479886810548e-05,7.291479886810548e-05
2023-08-07 00:00:00+00:00,0.0016500600814212671,0.0010718474682605448,-0.000381175501631208,-0.00381715529390058,0.0010718474682605448,0.0010718474682605448,0.004953946757325744,0.0021519365215943668,0.0010718474682605448,0.0010718474682605448
2023-08-08 00:00:00+00:00,-0.0022150996659298402,0.0002249217250973131,-0.004488310325014048,0.001396016176817937,0.0002249217250973131,0.0002249217250973131,-0.001071799708397355,-0.0035399980804215352,0.0002249217250973131,0.0002249217250973131
2023-08-09 00:00:00+00:00,0.0013653534069616405,-0.00032902183715269307,8.066681448903087e-05,0.0003471784643997821,-0.00032902183715269307,-0.00032902183715269307,-0.0013917300021104339,-0.0015616808530146808,-0.00032902183715269307,-0.00032902183715269307
2023-08-10 00:00:00+00:00,0.0018889383166519492,-0.00012573104841220937,-0.00041586306226045004,-0.0014203155219593751,-0.00012573104841220937,-0.00012573104841220937,-0.002126687261142529,-0.0013404466944264694,-0.00012573104841220937,-0.00012573104841220937
2023-08-11 00:00:00+00:00,-0.0003928251176576369,-2.436677957042274e-05,0.000564114851797917,0.0006224722913898301,-2.436677957042274e-05,-2.436677957042274e-05,-0.0005518849643032038,0.00047093400270838555,-2.436677957042274e-05,-2.436677957042274e-05
2023-08-12 00:00:00+00:00,-0.0024842773275650745,-0.0004590357027641857,0.001919774675522218,-0.00012448958675033244,-0.0004590357027641857,-0.0004590357027641857,-0.0018415801443481357,0.001040422176505173,-0.0004590357027641857,-0.0004590357027641857
2023-08-13 00:00:00+00:00,0.002347305005530119,0.0004170530403309973,-0.0018551175125155659,0.0006396462862189041,0.0004170530403309973,0.0004170530403309973,0.0006314501289214825,-0.0007740924531261347,0.0004170530403309973,0.0004170530403309973
2023-08-14 00:00:00+00:00,0.014855548569861394,-0.0024834863323217413,-0.002411130532000849,-0.003560949845003449,-0.0024834863323217413,-0.0024834863323217413,0.010041184786591247,-0.0033120624963194766,-0.0024834863323217413,-0.0024834863323217413
2023-08-15 00:00:00+00:00,0.0026912728476547,-0.0018208694608758077,0.0012521661511840359,-0.001769632487135445,-0.0018208694608758077,-0.0018208694608758077,0.002956332074690214,-0.0030108538764072293,-0.0018208694608758077,-0.0018208694608758077
2023-08-16 00:00:00+00:00,-0.0057272652417136695,0.0022335090438387615,-0.012239705059954182,0.0003645519688949045,-0.004456690828291161,-0.004456690828291161,-0.006131056754813489,-0.024600716923604927,-0.004456690828291161,-0.004456690828291161
2023-08-17 00:00:00+00:00,-0.008050543730145633,0.0030681982265778783,-0.008161166684081218,-0.005431115188567019,0.00018605822879428488,0.00018605822879428488,-0.013370584495878477,-0.00810230306189256,0.00018605822879428488,0.00018605822879428488
2023-08-18 00:00:00+00:00,0.0017922297928725487,-0.002311904579427106,-0.0014383880916337196,-0.00018767254963363575,-0.0013222478136095974,0.00043408768894611407,-0.0005006363475830854,-0.0009189842138044972,0.00043408768894611407,0.00043408768894611407
2023-08-19 00:00:00+00:00,0.0014063739130329967,0.0008940853916014252,0.0006004431997821205,-0.0014708023028547758,-0.0008922541001022015,0.00032820708961525614,-1.66526531160875e-05,0.00032820708961525614,0.00032820708961525614,0.00032820708961525614
2023-08-20 00:00:00+00:00,0.005268068603342177,-0.003257004075890012,-0.0016431698103628067,-0.0028361917114397717,-0.0008457541994189296,-0.0008457541994189296,-0.008416609757274622,-0.0008457541994189296,-0.0008457541994189296,-0.0008457541994189296
2023-08-21 00:00:00+00:00,-0.0017172077889722262,-0.0023740151068071566,0.0009464248127408687,-0.0005682996042650047,-0.0008841766077372436,-0.0008841766077372436,0.0035991280392858177,-0.0008841766077372436,-0.0008841766077372436,-0.0008841766077372436
2023-08-22 00:00:00+00:00,0.0027213219238784265,0.002326063511841044,0.0012742271091401055,0.002464497889119443,0.0011801759234032862,0.0011801759234032862,0.004624683041065436,0.0011801759234032862,0.0011801759234032862,0.0011801759234032862
2023-08-23 00:00:00+00:00,-0.004803996569539109,-0.0013018253186430039,0.00409067230084311,-0.0015130477597041273,-0.0007153930705675638,-0.0007153930705675638,-0.001041583709689623,-0.0007153930705675638,-0.0007153930705675638,-0.0007153930705675638
2023-08-24 00:00:00+00:00,9.658216954608006e-05,-0.00040650312181636587,0.0019088909689737917,-0.004657053785347336,-0.00040650312181636587,-0.00040650312181636587,-0.004600955977194007,-0.00040650312181636587,-0.00040650312181636587,-0.00040650312181636587
2023-08-25 00:00:00+00:00,3.980944522034433e-05,-0.00012896117300295072,-0.0014637626492098276,-0.001474694052101388,-0.00012896117300295072,-0.00012896117300295072,-5.8911185133369496e-05,-0.00012896117300295072,-0.00012896117300295072,-0.00012896117300295072
2023-08-26 00:00:00+00:00,-0.00019886665431010497,0.0003683364478744198,-8.911015854939538e-05,0.0006409757921031331,0.0003683364478744198,0.0003683364478744198,0.003206354607173879,0.0003683364478744198,0.0003683364478744198,0.0003683364478744198
2023-08-27 00:00:00+00:00,-0.0017801825452639908,0.0003665651054271575,-6.121883290346395e-05,-0.0011059441014139174,0.0003665651054271575,0.0003665651054271575,-0.009039616562115825,0.0003665651054271575,0.0003665651054271575,0.0003665651054271575
2023-08-28 00:00:00+00:00,0.0052615424970092394,0.002023338695982028,0.010611304477646799,-0.00041197035819676956,0.002023338695982028,0.002023338695982028,0.012896972345306843,0.002023338695982028,0.002023338695982028,0.002023338695982028
2023-08-29 00:00:00+00:00,0.0004450187887003886,-0.0013006215839311479,0.0035741014831135146,0.003224941926315659,-0.0013006215839311479,-0.0013006215839311479,-0.004239644567962898,-0.0013006215839311479,-0.0013006215839311479,-0.0013006215839311479
2023-08-30 00:00:00+00:00,-0.0015253172069898343,-0.0024667617080829153,-0.01581155807988101,-0.008231950453700187,-0.0024667617080829153,-0.0024667617080829153,0.01155050164872562,-0.017605485637087994,-0.0024667617080829153,-0.0024667617080829153
2023-08-31 00:00:00+00:00,-0.000541623998836016,-0.0005311351746662715,-0.0030041215956112975,-0.004834155979132158,-0.0005311351746662715,-0.0005311351746662715,-0.0012020802689390166,-0.0017983979513229893,-0.0005311351746662715,-0.0005311351746662715
2023-09-01 00:00:00+00:00,0.0005179933903073213,0.00022262511845204288,-0.0006585137237178067,-0.0012097334472165491,0.00022262511845204288,0.00022262511845204288,-0.0015979025735430015,0.00022262511845204288,0.00022262511845204288,0.00022262511845204288
2023-09-02 00:00:00+00:00,0.0006812853564345399,0.00012804595038259993,-0.0004444278819713187,-0.0006729803875304562,0.00012804595038259993,0.00012804595038259993,-0.0016979779144099582,0.00012804595038259993,0.00012804595038259993,0.00012804595038259993
2023-09-03 00:00:00+00:00,-0.002738406955777396,0.0001547352030305389,-0.0008735076059441909,-0.0008075589769414433,0.0001547352030305389,0.0001547352030305389,-0.0013173704630284487,0.0001547352030305389,0.0001547352030305389,0.0001547352030305389
2023-09-04 00:00:00+00:00,0.0014921684777539712,0.0003020647240057217,-0.0025808589411696605,-0.00040609086783035723,0.0003020647240057217,0.0003020647240057217,0.0023771042186071997,0.0003020647240057217,0.0003020647240057217,0.0003020647240057217
2023-09-05 00:00:00+00:00,-0.0011856284061845426,-0.0001211415565365889,0.000591115274310004,0.0009382602875386585,-0.0001211415565365889,-0.0001211415565365889,-0.0022937111278945976,-0.0001211415565365889,-0.0001211415565365889,-0.0001211415565365889
2023-09-06 00:00:00+00:00,0.003019277773764696,0.00032092952910068743,0.002604505562991651,-0.0008322644682067146,0.00032092952910068743,0.00032092952910068743,-0.001760713113280889,0.00032092952910068743,0.00032092952910068743,0.00032092952910068743
2023-09-07 00:00:00+00:00,-4.0690678292186116e-05,-0.0005160687658142475,-0.00028988274646500514,-0.003437779967213912,-0.0005160687658142475,-0.0005160687658142475,-0.0038613870947282556,-0.0005160687658142475,-0.0005160687658142475,-0.0005160687658142475
2023-09-08 00:00:00+00:00,-9.608017882652919e-07,-0.0005624105581162356,-0.0001373932734815341,-0.001616283141289737,-7.927695467460664e-05,-7.927695467460664e-05,-0.0009829661801084208,-7.927695467460664e-05,-7.927695467460664e-05,-7.927695467460664e-05
2023-09-09 00:00:00+00:00,-0.0009654245063928809,-0.0021234297584137502,0.005684275564692504,0.0029205337810618674,-0.0015167112432197508,-0.0015167112432197508,-0.002058092681595565,-0.0015167112432197508,-0.0015167112432197508,-0.0015167112432197508
2023-09-10 00:00:00+00:00,0.002840633426043154,-0.002011536263678886,-0.009217795340618427,0.0018583843428727972,-0.002011536263678886,-0.002011536263678886,0.0002549103656481617,-0.002011536263678886,-0.002011536263678886,-0.002011536263678886
2023-09-11 00:00:00+00:00,0.0032708197650682816,-0.006248983474074631,0.006416495794150426,0.009082404343719472,0.0006453726963973609,0.0006453726963973609,0.0036849623224048133,0.0006453726963973609,0.0006453726963973609,0.0006453726963973609
2023-09-12 00:00:00+00:00,-0.00028019905298004816,-0.0020798915840599093,-0.0007671377145102308,0.0007770169110618644,0.0006650312978047348,-0.0017923854050538803,0.0019080148541673486,0.0006650312978047348,0.0006650312978047348,0.0006650312978047348
2023-09-13 00:00:00+00:00,-0.00272586851800715,0.006223652240160502,-0.00015304404597519036,-0.007464264812567855,0.0009349938793016281,0.00027230076101844645,-0.007745610587541345,0.0009349938793016281,0.0009349938793016281,0.0009349938793016281
2023-09-14 00:00:00+00:00,4.813304474209063e-05,-0.0007694723248833922,-0.002112985171224424,0.0020617651170884675,0.0007411809627147734,0.0007411809627147734,-0.0003672374222237774,0.0007411809627147734,0.0007411809627147734,0.0007411809627147734
2023-09-15 00:00:00+00:00,-0.0014917901079796877,-0.0001362528655840904,0.0005211184788255455,-0.0024751336795235707,-0.0001362528655840904,-0.0001362528655840904,-0.00025013460624318104,-0.0001362528655840904,-0.0001362528655840904,-0.0001362528655840904
2023-09-16 00:00:00+00:00,-2.3827816454821944e-05,-0.0004968339712245512,0.0021715700125176504,-0.0014716687819758163,-0.0004968339712245512,-0.0004968339712245512,-0.0015470628800390834,-0.0004968339712245512,-0.0004968339712245512,-0.0004968339712245512
2023-09-17 00:00:00+00:00,-0.004777551033949134,0.0012450564921987054,-0.005486774406193465,0.0008065670420858095,0.0012450564921987054,0.0012450564921987054,-0.009628284868009271,0.0012450564921987054,0.0012450564921987054,0.0012450564921987054
2023-09-18 00:00:00+00:00,-0.0013635759252883354,0.0010166037911421312,-0.0034246194209666563,0.0032064655713010103,0.0010166037911421312,0.0010166037911421312,-0.0011943605031457694,0.0010166037911421312,0.0010166037911421312,0.0010166037911421312
2023-09-19 00:00:00+00:00,0.0029371142501764575,-0.004683445127524208,-0.0034625989030470854,0.0019230646547383412,-0.0002724855668560147,-0.0002724855668560147,-0.004586004306242702,-0.0002724855668560147,-0.0002724855668560147,-0.0002724855668560147
2023-09-20 00:00:00+00:00,0.00046955034178527825,0.00292042788063825,-0.00166397584899781,-0.005912993858330367,-0.00141292527128285,-0.00141292527128285,-0.003295954423330246,-0.00141292527128285,-0.00141292527128285,-0.00141292527128285
2023-09-21 00:00:00+00:00,0.0012554538507661397,-0.009413705229002494,-0.0005732325136171715,0.002217473062527986,0.00026917103204637257,0.00026917103204637257,-0.001072379493862305,0.00026917103204637257,0.00026917103204637257,0.00026917103204637257
2023-09-22 00:00:00+00:00,-0.00020278043488218891,-0.0004207733898258742,-0.002140777444258865,0.001751574854718671,0.00016474320841356515,0.00016474320841356515,-0.0023526549611971852,0.00016474320841356515,0.00016474320841356515,0.00016474320841356515
2023-09-23 00:00:00+00:00,-0.0008921399802243504,-0.0005512600289147888,-0.00020110515128373771,-0.002965172471827495,-0.0005512600289147888,-0.0005512600289147888,-0.004543788803172742,-0.0005512600289147888,-0.0005512600289147888,-0.0005512600289147888
2023-09-24 00:00:00+00:00,0.006647032585815957,-0.013701382696457374,-0.0013528424647691233,0.0035869244772029343,0.0005715948556579097,0.0005715948556579097,-0.0015923131107185872,0.0005715948556579097,0.0005715948556579097,0.0005715948556579097
2023-09-25 00:00:00+00:00,-0.0003784595168206876,-0.0009234707463278922,0.00563453567445058,-0.0034490834029646047,-0.00034213533771298646,-0.00034213533771298646,-0.0019765959106860143,-0.00034213533771298646,-0.00034213533771298646,-0.00034213533771298646
2023-09-26 00:00:00+00:00,0.004350768454074895,-0.008891920439718955,-0.0010241829886943337,0.0025793227765636903,0.000175498419602205,0.000175498419602205,-0.0007337705367654444,0.000175498419602205,0.000175498419602205,0.000175498419602205
2023-09-27 00:00:00+00:00,0.0031029922966160557,0.0006849793390975654,0.0029858106137580264,-0.003130435844217853,0.0012737826887861917,0.0012737826887861917,0.005647488720826075,0.0012737826887861917,0.0012737826887861917,0.0012737826887861917
2023-09-28 00:00:00+00:00,0.0023211775076022747,0.0003838285103430579,-0.0005573103170255457,-0.00040898143623443724,0.0003838285103430579,0.0003838285103430579,0.00031176897823953975,0.0003838285103430579,0.0003838285103430579,0.0003838285103430579
2023-09-29 00:00:00+00:00,0.0030348067549102833,0.0005579735524441957,-0.004789927130934857,0.003113939600143032,0.0005579735524441957,0.0005579735524441957,-0.0003836238238357739,0.0005579735524441957,0.0005579735524441957,0.0005579735524441957
2023-09-30 00:00:00+00:00,-0.009039335108139347,0.0022544063520056304,-0.0015954111371241054,-0.0006107111739651675,0.0022544063520056304,0.0022544063520056304,0.005744870065508703,0.0022544063520056304,0.0022544063520056304,0.0022544063520056304
2023-10-01 00:00:00+00:00,-0.0020880164505064514,-0.005695580608976512,-0.0025639259504939547,-0.0034348591926048485,-0.001917970761278384,-0.001917970761278384,-0.0019064409987002797,-0.001917970761278384,-0.001917970761278384,-0.001917970761278384
2023-10-02 00:00:00+00:00,-0.002526496788345627,-0.0057359735224079625,-0.00403507364923234,-0.0002380268088410753,-0.0005574680375238644,0.000546361881525127,-0.00022057509579140148,0.000546361881525127,0.000546361881525127,0.000546361881525127
2023-10-03 00:00:00+00:00,0.0020020892501047224,0.005889098924877209,-0.0033249148367319723,-0.002419796253802333,-0.0006295431151390361,0.00011129232097422818,0.0037767834063864077,0.00011129232097422818,0.00011129232097422818,0.00011129232097422818
2023-10-04 00:00:00+00:00,-0.0072121578053641715,0.006158318444873216,-0.003171219087319476,-0.00033310036445064037,-0.0006175179421812798,-0.0006175179421812798,-0.009169174825197602,-0.0006175179421812798,-0.0006175179421812798,-0.0006175179421812798
2023-10-05 00:00:00+00:00,0.0014182472383821732,-0.00885478477806128,-6.047150238691725e-05,0.003074590528408853,0.0010729315023336437,0.0010729315023336437,0.0025026269830227626,0.0010729315023336437,0.0010729315023336437,0.0010729315023336437
2023-10-06 00:00:00+00:00,-1.2894027474890068e-05,0.004312504328419893,-0.0006711742502503815,-0.0013926096859512836,-0.0004501860166692698,-0.0004501860166692698,-0.0016877334305467483,-0.0004501860166692698,-0.0004501860166692698,-0.0004501860166692698
2023-10-07 00:00:00+00:00,0.004213591333857597,0.004562875499376242,0.000552465800372346,-0.0009762753557827343,-0.00015859055898662363,-0.00015859055898662363,-0.0039021090990620545,-0.00015859055898662363,-0.00015859055898662363,-0.00015859055898662363
2023-10-08 00:00:00+00:00,0.0006524873589347442,-0.0027014514332948016,-0.0021288981226669592,0.0012540334841189237,-0.0020774124391124468,-0.0020774124391124468,-0.005861131634927144,-0.0020774124391124468,-0.0020774124391124468,-0.0020774124391124468
2023-10-09 00:00:00+00:00,0.003552704210782838,-0.0005111220955870716,0.003347288415536099,0.00026901331246396195,-0.0005111220955870716,-0.0005111220955870716,0.007419021887054508,-0.0005111220955870716,-0.0005111220955870716,-0.0005111220955870716
2023-10-10 00:00:00+00:00,0.003103022583755324,0.0006759796123600012,0.0005362079620495914,-0.002501415083196762,-0.0004868460630515238,-0.0004868460630515238,-0.008528181030819683,-0.0004868460630515238,-0.0004868460630515238,-0.0004868460630515238
2023-10-11 00:00:00+00:00,-0.006756858128918481,-0.009915189637893356,-0.003146526856980709,0.005725389449231236,-0.0010188151091609257,-0.0010188151091609257,0.0039585146043321865,-0.0010188151091609257,-0.0010188151091609257,-0.0010188151091609257
2023-10-12 00:00:00+00:00,0.0020418387224772246,-0.002356491360713763,-0.000778876419320772,0.0004959711591984156,0.00041021517334460165,0.00041021517334460165,0.001290752911528477,0.00041021517334460165,0.00041021517334460165,0.00041021517334460165
2023-10-13 00:00:00+00:00,0.0012783687506260583,-0.0008947839752317932,-0.0001547860012812472,0.0002493957404848709,0.00012750330728736453,0.00012750330728736453,0.00039936374752328277,0.00012750330728736453,0.00012750330728736453,0.00012750330728736453
2023-10-14 00:00:00+00:00,0.0018143318107230256,-0.001077684172567663,0.0034756238874533696,0.0008742165504793933,0.00015285704896864262,0.00015285704896864262,-0.0021867885335680784,0.00015285704896864262,0.00015285704896864262,0.00015285704896864262
2023-10-15 00:00:00+00:00,0.007862597411075674,0.0010907241034001103,0.0023442654985906435,0.004219790152778838,0.0017333998024220867,0.0017333998024220867,0.0007468398246003894,0.0017333998024220867,0.0017333998024220867,0.0017333998024220867
2023-10-16 00:00:00+00:00,0.0014792422318162192,-0.0008820056976639332,-0.0019777841983526735,-0.001643639195220515,-0.0008820056976639332,-0.0008820056976639332,-0.006525102026739304,-0.0008820056976639332,-0.0008820056976639332,-0.0008820056976639332
2023-10-17 00:00:00+00:00,0.0028378290194411553,-0.0006796348790877656,0.003614654731060959,-0.002156128153773934,-0.0005458116433918137,-0.0005458116433918137,-0.00032239813371684836,0.0018185347661630676,-0.0005458116433918137,-0.0005458116433918137
2023-10-18 00:00:00+00:00,0.0022827857586228007,0.0005102268068597994,-0.005879221101969321,0.004385549701710906,0.0011450625657056753,0.0011450625657056753,-0.001030015714623501,-0.0027841325650379356,0.0011450625657056753,0.0011450625657056753
2023-10-19 00:00:00+00:00,0.003852546635842575,0.0012603994606353002,-0.005965753025654704,0.007899372683898087,0.0012603994606353002,0.0012603994606353002,0.010717970955168786,-0.0021119938192483783,0.0012603994606353002,0.0012603994606353002
2023-10-20 00:00:00+00:00,0.007350121629936578,-0.01016395677334281,-0.008839564767269529,-0.002933986891235664,-0.004709747732716637,0.0026257546558538535,0.00027027289421962305,-0.005786297303573811,0.0026257546558538535,0.0026257546558538535
2023-10-21 00:00:00+00:00,0.0009183204382210476,0.003372390251519121,-0.0028587437006151253,-0.0017253157621064925,0.000879138104426214,0.0016252260805454412,0.0011192909044890197,-0.0011990227892809703,0.0016252260805454412,0.0016252260805454412
2023-10-22 00:00:00+00:00,0.005418290562648956,-0.007976938798769442,0.014722151075405318,0.0017780458804065712,-0.004807112180026272,0.0034997091624591717,-0.0028905556477419967,0.024156364992451884,0.0034997091624591717,0.0034997091624591717
2023-10-23 00:00:00+00:00,0.009587182547683877,-0.0026024456346778763,0.0014517059569388608,0.003496609784766199,0.00039143898922659845,-0.0006431092003588421,-0.001112964726821825,0.002016314824695378,-0.0006431092003588421,-0.0006431092003588421
2023-10-24 00:00:00+00:00,0.007815628253528141,-0.0003647169949410828,-0.00881789330810899,0.006597174948545838,-0.0016791993072820975,0.001070453478813129,-0.001728690016007674,-0.004342462084069219,0.001070453478813129,0.001070453478813129
2023-10-25 00:00:00+00:00,-0.01151028335910753,0.002033439168841731,0.0018446749002645074,-0.0076340024856480036,-0.0004954348004270175,0.0003289881104829195,-0.0015789844435547995,-0.0005550233633732683,0.0003289881104829195,0.0003289881104829195
2023-10-26 00:00:00+00:00,0.001356835610500586,-0.010868463006408997,0.004650740826154729,0.002050166118868986,-0.0009744365309821333,-0.0009744365309821333,0.004843893146296384,0.0029292708797081417,-0.0009744365309821333,-0.0009744365309821333
2023-10-27 00:00:00+00:00,-0.006539149860484548,-0.0013275845214787778,-0.0005004757500058921,-0.00421232806524707,0.00031921364679859623,0.00031921364679859623,-0.004665329804699978,-0.0010269125548596349,0.00031921364679859623,0.00031921364679859623
2023-10-28 00:00:00+00:00,-0.0018932891965457246,0.00026170211208133797,-0.0017300866637318425,-0.0024126818343318517,0.0012058066679059838,0.0012058066679059838,-0.0004527700011969996,-0.00032204487073550297,0.0012058066679059838,0.0012058066679059838
2023-10-29 00:00:00+00:00,-0.007985460420652658,0.001846703599015423,0.001270676704194025,-0.014375446837458424,0.001846703599015423,0.001846703599015423,-0.018015202775304766,0.009356399748992444,0.001846703599015423,0.001846703599015423
2023-10-30 00:00:00+00:00,0.010159239485094694,0.00037951825830161655,-0.006067803303083079,0.0031951988542952216,0.00037951825830161655,0.00037951825830161655,-0.0028680566723677664,-0.004382613873643507,0.00037951825830161655,0.00037951825830161655
2023-10-31 00:00:00+00:00,-0.007957658717784949,0.008762609424354174,-0.001864006389083522,0.0016109320168658263,0.0020548674670206723,0.0020548674670206723,-0.004343459917042014,-0.0010362079848568876,0.0020548674670206723,0.0020548674670206723
2023-11-01 00:00:00+00:00,-0.003837676335749146,0.002042853431208434,0.006626778616410055,-0.004725861805028344,-0.0007222543025961272,-0.0007222543025961272,0.002937812720835658,0.001661775144993658,-0.0007222543025961272,-0.0007222543025961272
2023-11-02 00:00:00+00:00,0.004031631876299115,0.002333425568516328,-9.049804815333055e-05,-0.001080513745767499,0.0004315332583702264,0.0004315332583702264,0.006329859212447489,-0.0014753203872726456,0.0004315332583702264,0.0004315332583702264
2023-11-03 00:00:00+00:00,-0.000677994930617536,0.002763136806285587,0.003854577088058927,-0.005054520061815361,0.001064243359006715,0.001064243359006715,-0.0025130255501387673,0.007476221371377248,0.001064243359006715,0.001064243359006715
2023-11-04 00:00:00+00:00,0.0029380086746226193,0.0009234129449349242,0.006833766223201673,-0.005326941901738628,0.001517985844046337,0.001517985844046337,0.00034039268031054424,0.009525307228875877,0.001517985844046337,0.001517985844046337
2023-11-05 00:00:00+00:00,-0.009978666990100091,0.0027237894023601898,0.002358149315080264,-0.00046531249706840587,0.0027237894023601898,0.0027237894023601898,-0.0043273713864480385,0.0048682728007628795,0.0027237894023601898,0.0027237894023601898
2023-11-06 00:00:00+00:00,0.0022614344171272604,0.007087666409602106,-0.008899724047488733,0.0034180216739299165,-0.0007583186344682527,-0.0007583186344682527,-0.001817666823793051,-0.009480497761217007,-0.0007583186344682527,-0.0007583186344682527
2023-11-07 00:00:00+00:00,0.003359686875685725,0.002726178039797921,-0.007604015827355119,0.010859510335122616,0.0015015613292877572,0.0015015613292877572,-0.001652006655296429,-0.0024994574957828385,0.0015015613292877572,0.0015015613292877572
2023-11-08 00:00:00+00:00,-0.01658374284756035,0.0003669034177523475,0.022077210004640645,-0.018168856148076156,0.0013816050173275194,0.0013816050173275194,0.016641831139393774,0.02105242325964719,0.0013816050173275194,0.0013816050173275194
2023-11-09 00:00:00+00:00,0.012849513717251716,0.014869789096530058,-0.014315629981587039,0.01762759081407399,0.0026155522864594475,0.0026155522864594475,-0.014356981855160565,-0.006327539492279137,0.0026155522864594475,0.0026155522864594475
2023-11-10 00:00:00+00:00,-0.007056254047116017,0.006001529043932239,-7.60936162884923e-05,-0.003967576356770407,-0.0006078696778098503,0.0010712698631855813,0.0019211804145427966,0.0026439991501479455,0.0010712698631855813,0.0010712698631855813
2023-11-11 00:00:00+00:00,-0.025163295182008858,-0.007878156953285795,-0.01421945320092931,0.007851400366408473,-0.019663346916373333,0.0011838874458564097,-0.007639715145097612,-0.014150699775503602,0.0011838874458564097,0.0011838874458564097
2023-11-12 00:00:00+00:00,0.0006887903949866211,0.018049551528499,0.001001759165469801,-0.026325075551754656,-0.004134000654397593,-0.003232719380403523,0.017562121984823854,-0.003532294799641044,-0.003232719380403523,-0.003232719380403523
2023-11-13 00:00:00+00:00,-0.0019950648523163967,-0.0030461833795860623,-0.01069982503496183,0.012320316304249996,0.00016681179443983396,0.00016681179443983396,-0.0007792654770283308,-0.01483887351773656,0.00016681179443983396,0.00016681179443983396
2023-11-14 00:00:00+00:00,0.002829945580576529,0.002812541930343629,0.005754206918572614,0.0023446570894659316,0.004113275755592201,0.004113275755592201,-0.00636228233961539,0.016820698784613914,0.004113275755592201,0.004113275755592201
2023-11-15 00:00:00+00:00,-0.009611065534856422,-0.0027395972916464243,-0.006212599416197832,0.00846736042658717,-0.0027395972916464243,-0.0027395972916464243,-0.012965497232209616,-0.011344748518729922,-0.0027395972916464243,-0.0027395972916464243
2023-11-16 00:00:00+00:00,0.005109388218555553,-0.005011847837505046,0.002360659775284487,-0.0035377694091358954,-0.00020330681079893333,-0.00020330681079893333,-0.0029366280885508435,0.0017655154092991788,-0.00020330681079893333,-0.00020330681079893333
2023-11-17 00:00:00+00:00,-0.0005442178048635107,0.0007811195953420962,0.000748523493781865,-1.0487562675131745e-05,7.420524329206518e-05,7.420524329206518e-05,0.0008603275205587354,-0.00036228207274930524,7.420524329206518e-05,7.420524329206518e-05
2023-11-18 00:00:00+00:00,0.003113033132993172,-0.0005967006976791859,-0.0015203324618678698,-0.0012816590706438765,0.0017135629854972837,0.0017135629854972837,0.003440337329774062,0.0036776219745565017,0.0017135629854972837,0.0017135629854972837
2023-11-19 00:00:00+00:00,0.004505783708170334,-0.0027388147236849453,0.014733475232718113,-0.020163401333521257,-0.0018975229928765087,-0.0018975229928765087,0.0049015730982539555,0.011018603294542685,-0.0018975229928765087,-0.0018975229928765087
2023-11-20 00:00:00+00:00,0.005952205265643413,-0.004470903096521624,-0.018948116782000063,0.00957054307653024,-0.004470903096521624,-0.004470903096521624,0.005906352640183318,-0.029384520659455723,-0.004470903096521624,-0.004470903096521624
2023-11-21 00:00:00+00:00,-0.0022760375705020014,0.003755020940196232,0.006797258995333596,0.002916803494045833,0.003755020940196232,0.003755020940196232,-0.00763151469896857,0.019507334510773643,0.003755020940196232,0.003755020940196232
2023-11-22 00:00:00+00:00,0.00150221708940981,-0.001915190964598021,-0.000532799599306532,0.0014706576169925005,6.674892001262612e-05,6.674892001262612e-05,-0.0037900478500691227,-0.002598035349280953,6.674892001262612e-05,6.674892001262612e-05
2023-11-23 00:00:00+00:00,0.0017854990448175367,-0.0004419838736940355,0.0022827195524794896,-0.0020834468932029596,0.00033844575449593,0.00033844575449593,-0.0010956969859665074,0.0037590806625595304,0.00033844575449593,0.00033844575449593
2023-11-24 00:00:00+00:00,-0.003113495266632722,0.0011481248107487688,-0.0015754126762326064,0.0033588826833791637,0.0011481248107487688,0.0011481248107487688,-0.011397723813105805,0.0007742190354664021,0.0011481248107487688,0.0011481248107487688
2023-11-25 00:00:00+00:00,-0.0020101035954729635,-0.0005459997836595537,-0.001160776578551747,-0.0018489001096709803,-0.0005459997836595537,-0.0005459997836595537,-0.008017311792394233,0.0005791360516152794,-0.0005459997836595537,-0.0005459997836595537
2023-11-26 00:00:00+00:00,0.0031857362339720668,-0.0017040272096180314,0.0003822043489891891,-0.004125519000378918,-0.0017040272096180314,-0.0017040272096180314,0.002721937273437693,-0.004700630772435036,-0.0017040272096180314,-0.0017040272096180314
2023-11-27 00:00:00+00:00,0.0022751999496228945,0.0010341542167598302,0.0013750481942469209,-5.566497941536172e-05,0.0010341542167598302,0.0010341542167598302,0.003850221523678859,0.0025657774026632907,0.0010341542167598302,0.0010341542167598302
2023-11-28 00:00:00+00:00,-0.00043351591939377133,8.983373556263498e-05,-0.004333792705827349,0.0025691376165835394,8.983373556263498e-05,8.983373556263498e-05,-0.0012699676776791293,-0.005627496410888652,8.983373556263498e-05,8.983373556263498e-05
2023-11-29 00:00:00+00:00,-0.0014389735515766382,0.0002096657666264186,0.0003121835486393132,-0.0011892038664105898,0.0002096657666264186,0.0002096657666264186,-0.0009410002426711885,0.004057496759251789,0.0002096657666264186,0.0002096657666264186
2023-11-30 00:00:00+00:00,0.001514771267871447,0.0012539717313249047,0.0020501237848635913,0.0013166003897179172,0.0012539717313249047,0.0012539717313249047,-0.007130151854371873,0.0030096185792845356,0.0012539717313249047,0.0012539717313249047
2023-12-01 00:00:00+00:00,0.004478408983277334,0.0016683027737256293,-0.0005711572313353521,0.003538448395368377,0.0016683027737256293,0.0016683027737256293,0.0006907118296266205,0.003165506529708975,0.0016683027737256293,0.0016683027737256293
2023-12-02 00:00:00+00:00,0.0010965969273001586,-0.00026081214981232213,0.003493852167552842,0.0016554559155050174,-0.00026081214981232213,-0.00026081214981232213,0.002266888217903716,0.0033482706295286865,-0.00026081214981232213,-0.00026081214981232213
2023-12-03 00:00:00+00:00,0.004604880400735804,-0.011350298935299402,0.014400898869342288,0.008608506767623435,0.0007522433106754418,0.0007522433106754418,0.0006286919322552393,0.017941701979267588,0.0007522433106754418,0.0007522433106754418
2023-12-04 00:00:00+00:00,0.008517568882696147,-0.011737246039082824,0.00925394025125526,0.015624407630336075,0.001108138943780707,0.001108138943780707,0.008010219470019597,0.011476258717227924,0.001108138943780707,0.001108138943780707
2023-12-05 00:00:00+00:00,0.0019742263347890046,-0.00038346263616197314,-0.005537107936847419,0.005164749451558183,0.0004900258031000252,0.0004900258031000252,-0.002087301709831589,-0.006354391228587133,0.0004900258031000252,0.0004900258031000252
2023-12-06 00:00:00+00:00,-0.008484139390659185,0.0008084794254907049,-0.003619828767068082,-0.004798636838585094,0.0016409045466450082,0.0016409045466450082,0.01235796956531675,0.0011556103582711444,0.0016409045466450082,0.0016409045466450082
2023-12-07 00:00:00+00:00,0.0029418586997291564,-0.018642370728343967,-0.0006210252384466686,0.01222973612532259,0.004650078742781274,0.004650078742781274,0.011077454129717229,0.0015896983732551285,0.004650078742781274,0.004650078742781274
2023-12-08 00:00:00+00:00,-0.004575542164789374,-0.013284708860295981,0.002245593107348469,0.01322726678079657,-0.0002319445273967842,-0.0002319445273967842,-0.010673960635358958,0.0026573059047861436,-0.0002319445273967842,-0.0002319445273967842
2023-12-09 00:00:00+00:00,0.0014789513764149511,-0.005813758809301854,-0.00683222581976318,-3.7206697733588485e-05,0.008824560678128505,0.0019504866204848588,-0.0038357298194209447,-0.002431168150284717,0.0019504866204848588,0.0019504866204848588
2023-12-10 00:00:00+00:00,-0.003691370984866554,0.007876371012717542,-0.00216256817798329,-0.017519118360278425,-0.004518909762186578,-0.0034986071977218523,9.518011644288305e-05,-0.009791437337391549,-0.0034986071977218523,-0.0034986071977218523
2023-12-11 00:00:00+00:00,-0.017981399465724846,-0.00016147159843701983,0.00944924320372326,0.0014451811151369115,-0.013944492830098283,0.0012174421001815265,-0.029848224598187232,0.016213319867720222,0.0012174421001815265,0.0012174421001815265
2023-12-12 00:00:00+00:00,0.001191712877568295,0.00797529290968666,0.00012547137467397042,0.025430602893183465,0.0008084052893656532,0.0017533616105293748,-0.0043664292169352924,0.005375008127688364,0.0017533616105293748,0.0017533616105293748
2023-12-13 00:00:00+00:00,0.0043927156906188956,-0.0006451932361168171,-0.001009563628834247,-0.01704885422438761,-0.0005807448322001634,0.0005628496820569279,0.0007478095981992152,0.0012036637571447484,0.0005628496820569279,0.0005628496820569279
2023-12-14 00:00:00+00:00,0.006691341171496898,0.0048937597762087085,-0.006351155086959715,-0.005201050045981853,-0.003079858377449917,-0.002472763740265498,-0.009011680357490264,-0.013279153146908912,-0.002472763740265498,-0.002472763740265498
2023-12-15 00:00:00+00:00,0.0006737477947972919,0.00013842856741194784,-0.0024262484206915035,0.004534298632054796,0.001319781135100637,0.001319781135100637,-0.011962902086554612,0.002480197416658444,0.001319781135100637,0.001319781135100637
2023-12-16 00:00:00+00:00,0.001436688139637425,-0.0019562070419298348,-0.002922416304711649,-0.007584298513119215,-0.0019562070419298348,-0.0019562070419298348,0.0023899076984606163,-0.008327638263335125,-0.0019562070419298348,-0.0019562070419298348
2023-12-17 00:00:00+00:00,0.0067671105698503264,0.0008798531526768862,0.004527377132725857,0.0033787449118514194,0.0008798531526768862,0.0008798531526768862,-0.0020824752802509304,0.006930510242746007,0.0008798531526768862,0.0008798531526768862
2023-12-18 00:00:00+00:00,-0.006849715351280395,-0.0013648907986760386,0.012782765938425259,-0.01340674445487964,-0.0013648907986760386,-0.0013648907986760386,0.007789124723548969,0.008248099564882002,-0.0013648907986760386,-0.0013648907986760386
2023-12-19 00:00:00+00:00,0.00522267056928738,0.0020729145000918468,0.003391865999856632,0.009238955959549785,0.0020729145000918468,0.0020729145000918468,-0.0024645134192122805,0.009405789495276005,0.0020729145000918468,0.0020729145000918468
2023-12-20 00:00:00+00:00,-0.022434418387764558,0.003684091172871053,-0.003135827985527893,0.03152109405243712,0.003684091172871053,0.003684091172871053,-0.013866712766684292,0.008757272853039899,0.003684091172871053,0.003684091172871053
2023-12-21 00:00:00+00:00,3.9244619048098636e-05,-0.007857333162272825,-0.0031700412466184715,-0.022217524848416003,0.0005639177175671442,0.0005639177175671442,0.025033607480536884,-0.004187094892984691,0.0005639177175671442,0.0005639177175671442
2023-12-22 00:00:00+00:00,0.00030605376540966775,-0.012405177418273175,-0.006786707481941698,0.008528519217285958,0.006785706929559394,0.0008623856724508181,-0.0033377451763542086,-0.0045451241312976995,0.0008623856724508181,0.0008623856724508181
2023-12-23 00:00:00+00:00,-0.0031919307396348073,-0.000395218057998914,-0.007701579248310428,0.0005163097372400518,-0.0010676124844190144,-0.00039008125623463845,-0.0035238368242703055,-0.009924575288893948,-0.00039008125623463845,-0.00039008125623463845
2023-12-24 00:00:00+00:00,-0.004030620758901571,-0.006969458427358918,-0.003837856947230604,0.0045638292157780215,0.0023099711698443197,0.0023099711698443197,-0.004227835321119463,-0.0009235430427975043,0.0023099711698443197,0.0023099711698443197
2023-12-25 00:00:00+00:00,-0.019390695977506388,0.010158017895889075,0.013286596220722344,-0.002930893851751334,-0.0009183954444676002,-0.0009183954444676002,-0.0005659335400478532,0.010708978884752777,-0.0009183954444676002,-0.0009183954444676002
2023-12-26 00:00:00+00:00,-0.002604296250126249,0.012270447474760148,0.01200442166885272,-0.0061478478682410916,0.0011188252326118611,0.0011188252326118611,0.013721515055012741,0.026751461224746868,0.0011188252326118611,0.0011188252326118611
2023-12-27 00:00:00+00:00,-0.003584592058513146,-0.002218497699951133,0.00032646454640241696,0.00039208902054493655,0.0010396886546923884,-0.0017048460251107235,0.0006122536058353243,-0.004767319070990967,-0.0017048460251107235,-0.0017048460251107235
2023-12-28 00:00:00+00:00,0.003988950427731533,0.002770512161850577,-0.004555219249391995,0.002264846309926286,-0.0013458912741044463,-0.0007877884388070742,0.011666023060378505,-0.009062703471863325,-0.0007877884388070742,-0.0007877884388070742
2023-12-29 00:00:00+00:00,-0.0004712840007577168,-0.004026893426701716,0.0037499401133331725,0.000428314345437597,-0.0007910230161193328,-0.0007910230161193328,0.0012615670999214898,0.004791612831680391,-0.0007910230161193328,-0.0007910230161193328
2023-12-30 00:00:00+00:00,0.0017270444631328156,-0.0009947247611911034,-9.374702323326007e-06,-0.003417297770284591,-0.0004425948860164528,-0.0004425948860164528,-0.0018178191211642917,-0.004209173188639136,-0.0004425948860164528,-0.0004425948860164528
2023-12-31 00:00:00+00:00,0.004530550307295843,0.0026940984765306372,0.0037150153966116093,-0.003658085513675703,0.0026940984765306372,0.0026940984765306372,-0.00026765297307944206,0.00962466867848811,0.0026940984765306372,0.0026940984765306372
2024-01-01 00:00:00+00:00,0.004639166813029638,-0.0012405694422256888,0.006076344188304565,-0.0030539656176306025,-0.0012405694422256888,-0.0012405694422256888,0.0006344505964933673,0.006845089052683152,-0.0012405694422256888,-0.0012405694422256888
2024-01-02 00:00:00+00:00,0.0010916278481460332,-0.004752562421214321,-0.00259361847946738,0.013028207060549,-0.004752562421214321,-0.004752562421214321,0.011967728711860397,-0.007679877375368015,-0.004752562421214321,-0.004752562421214321
2024-01-03 00:00:00+00:00,0.0012116075279452602,-0.0018977499538112143,0.0037280942554605546,0.003771669112687682,0.0018126698981653908,0.0018126698981653908,-0.0024706595982471194,0.010093265833967104,0.0018126698981653908,0.0018126698981653908
2024-01-04 00:00:00+00:00,-0.007276703284608963,0.002691100041199583,0.002697602266304407,-0.005566377526886448,-0.0017012185618259128,-0.0017012185618259128,-0.0019429308758819744,0.00028739654816484965,-0.0017012185618259128,-0.0017012185618259128
2024-01-05 00:00:00+00:00,-0.0009387157015861242,0.0037145322922516356,0.0013341233448858484,-0.002560698968971469,-0.001979322389428613,-0.001979322389428613,0.0027764432318707604,-0.005064768603971768,-0.001979322389428613,-0.001979322389428613
2024-01-06 00:00:00+00:00,0.0019672032532132852,-0.006869694343352773,0.0025093510872994606,0.003933934331939646,-0.0017301712089099856,-0.0017301712089099856,0.0039787907474925395,-0.00045134768379987236,-0.0017301712089099856,-0.0017301712089099856
2024-01-07 00:00:00+00:00,0.007754610200090745,0.005062764762216285,0.006767148023690836,0.0015665270005851915,0.0035620914287306273,0.0035620914287306273,-0.012817870825732724,0.013016283028488009,0.0035620914287306273,0.0035620914287306273
2024-01-08 00:00:00+00:00,-0.002089319368386076,-0.004756908539972282,-0.001517991723932858,0.0017554865320651026,-0.001349483258579894,0.004131373881929438,0.005276822126984012,-0.0030629385288971395,-0.001349483258579894,-0.001349483258579894
2024-01-09 00:00:00+00:00,-0.006668838113165813,0.00948062907767816,-0.003954943489023485,-0.012590035534540208,0.0040837629034242585,0.016501918459877245,0.014894877948187763,0.010002980625184666,0.0040837629034242585,0.0040837629034242585
2024-01-10 00:00:00+00:00,-0.005291235225276807,4.145916743104872e-05,-0.0017931431524675257,-0.006460993618341103,0.0006115846296051213,-0.00012810015389075704,0.001408152299020087,-9.253977924438342e-06,0.0006115846296051213,0.0006115846296051213
2024-01-11 00:00:00+00:00,-0.011053664708600015,-0.004612754563258426,-0.012824626207698801,-0.0008735835995665306,-0.0033079999465453337,-0.0033079999465453337,-0.00047461527474680913,-0.021818401338161875,-0.0033079999465453337,-0.0033079999465453337
2024-01-12 00:00:00+00:00,-0.0016617039902556687,-0.0034925057233516125,0.0006216804108251783,0.004299091229090492,0.0007728346477145864,-0.00461826960918016,-0.0022732740523635445,0.0048038746009498885,0.0007728346477145864,0.0007728346477145864
2024-01-13 00:00:00+00:00,0.0017535313920623138,-0.0018289892918725184,-0.004889600892160005,-0.00783390087112062,-0.001267050486370927,0.002428974116107565,-0.001707261055138675,-0.008649647966547394,-0.001267050486370927,-0.001267050486370927
2024-01-14 00:00:00+00:00,-0.006566673058864843,0.0007260139134014473,0.011026040631920322,0.00849148271496212,0.0007260139134014473,-1.440868788281347e-05,-0.00043241610713845916,0.017186979357211342,0.0007260139134014473,0.0007260139134014473
2024-01-15 00:00:00+00:00,0.006804170910695594,0.0004756462544461815,0.001793570534126498,0.002869573152415486,0.0004756462544461815,0.0004756462544461815,-0.001829657328173454,0.003389813160274403,0.0004756462544461815,0.0004756462544461815
2024-01-16 00:00:00+00:00,0.009036926946133653,-0.00011283878160435611,-0.005218737485321561,-0.0011194938418088985,-0.00011283878160435611,-0.00011283878160435611,-0.0015032818256191034,-0.007724223542528872,-0.00011283878160435611,-0.00011283878160435611
2024-01-17 00:00:00+00:00,-0.010445379081416432,-0.002479128859200189,0.0001018139079958177,0.00045345454354241615,-0.002479128859200189,-0.002479128859200189,-0.00303715714930387,-0.0031975484197400163,-0.002479128859200189,-0.002479128859200189
2024-01-18 00:00:00+00:00,0.007039090611575155,0.00027941647362009746,0.0024390021999152454,0.00551521031477195,0.00027941647362009746,0.00027941647362009746,-0.0018475603416091473,0.0025216487449041996,0.00027941647362009746,0.00027941647362009746
2024-01-19 00:00:00+00:00,-0.0050824535056731585,0.0003093531877465168,-0.0011227839878383957,-0.006467018873088831,0.0003093531877465168,0.0003093531877465168,-0.003658408850235544,-0.0010262973738649347,0.0003093531877465168,0.0003093531877465168
2024-01-20 00:00:00+00:00,-0.00254402780886321,-0.0006732456951533444,0.002161612265864421,-0.0012073289348352558,-0.0006732456951533444,-0.0006732456951533444,0.0009925537081087944,0.0007594624133425022,-0.0006732456951533444,-0.0006732456951533444
2024-01-21 00:00:00+00:00,-0.0009056187210335569,-0.0032936460778079063,-0.010955141164587455,-0.005253556109038067,-0.0032936460778079063,-0.0032936460778079063,9.08787413775844e-05,-0.01994113968937485,-0.0032936460778079063,-0.0032936460778079063
2024-01-22 00:00:00+00:00,0.006503138970227964,-0.00035124083446412286,-0.001490213348404265,-0.006531257445659806,-0.00035124083446412286,-0.00035124083446412286,-0.0025117061585810735,-0.0032585834486581018,-0.00035124083446412286,-0.00035124083446412286
2024-01-23 00:00:00+00:00,0.0014630780543088517,0.0034247178676717104,-0.0034639489601512347,-0.005772382202862796,0.0005942546368937094,0.0005942546368937094,-0.007907180654880957,-0.004872186317452186,0.0005942546368937094,0.0005942546368937094
2024-01-24 00:00:00+00:00,-0.0007746426269617291,8.577524115232723e-05,0.001341505333588829,-0.0021992420649665245,-0.0007919933267428838,-0.0007919933267428838,-0.0035324472237575942,0.0001497321700907413,-0.0007919933267428838,-0.0007919933267428838
2024-01-25 00:00:00+00:00,0.003419084925670372,0.0009597700863144881,0.00932451743317918,-0.0015856263060640672,0.0021512623791886394,0.0021512623791886394,-0.0049478687707977115,0.013935825893124424,0.0021512623791886394,0.0021512623791886394
2024-01-26 00:00:00+00:00,-0.0001649700202195836,0.000681139484772215,7.43580723934626e-05,-0.004269678513876202,0.000681139484772215,0.000681139484772215,0.0027384045954441357,0.00013200075250279804,0.000681139484772215,0.000681139484772215
2024-01-27 00:00:00+00:00,0.002016355867948118,0.0004165334536259254,-0.002414646457878858,-0.0028915904552387277,0.0004165334536259254,0.0004165334536259254,0.0004258866521082371,-0.002192451464483198,0.0004165334536259254,0.0004165334536259254
2024-01-28 00:00:00+00:00,0.003552651597795092,0.0017783835344704708,0.0014458716555813917,-0.0014639882632864645,0.0017783835344704708,0.0017783835344704708,0.007529263110763643,0.006337189195516271,0.0017783835344704708,0.0017783835344704708
2024-01-29 00:00:00+00:00,0.0020576661300597955,-0.000760801760695917,-0.002712656619183398,0.003751571450539353,-0.000760801760695917,-0.000760801760695917,0.005975296853563364,-0.0031874880509172,-0.000760801760695917,-0.000760801760695917
2024-01-30 00:00:00+00:00,0.0026575517995784965,-0.001410355868422984,-0.002768441584732395,-0.004278014624423701,-0.001410355868422984,-0.001410355868422984,-0.0033525549953257955,-0.00731498580069347,-0.001410355868422984,-0.001410355868422984
2024-01-31 00:00:00+00:00,0.005760879402977846,0.0012326692895458125,-0.0025524512056902867,0.0026667536535976734,0.0012326692895458125,0.0012326692895458125,8.87727603249022e-05,-0.0011381737579207645,0.0012326692895458125,0.0012326692895458125
2024-02-01 00:00:00+00:00,0.0028993115647588602,0.0010469207879616374,0.00014951899745013398,-0.0010493054090629232,0.0010469207879616374,0.0010469207879616374,-0.0016821967372121628,0.0017351887334401059,0.0010469207879616374,0.0010469207879616374
2024-02-02 00:00:00+00:00,-0.001286802804397528,-0.0008722163754767065,0.001035136672937031,-0.0017431580236203746,-0.00044696850819273974,-0.00044696850819273974,-0.004166189096525216,-0.00045471294404768385,-0.00044696850819273974,-0.00044696850819273974
2024-02-03 00:00:00+00:00,-0.0008882882058172634,-0.009311044208009564,0.0020307711283715207,0.00013579405264433318,-0.0008086540038524166,-0.0008086540038524166,-0.0014488438605572565,0.002405807763433725,-0.0008086540038524166,-0.0008086540038524166
2024-02-04 00:00:00+00:00,0.003362243956826898,-0.00941609572877378,-0.002082712923317387,0.0014934258450490666,0.0003799566031634694,0.0003799566031634694,-0.0010444573722173524,-0.00259449702533237,0.0003799566031634694,0.0003799566031634694
2024-02-05 00:00:00+00:00,-0.003342533092185092,0.012899787634686565,0.0025255662309507172,-0.005851320864582197,0.0001814537460672747,0.0001814537460672747,0.005268458370002237,0.004200502539027101,0.0001814537460672747,0.0001814537460672747
2024-02-06 00:00:00+00:00,0.0018293518335059254,-0.0012852502322468627,0.00506309301181293,0.0004017762658680611,0.0014193699896188853,0.0014193699896188853,-0.0057783464501627805,0.008491891516966282,0.0014193699896188853,0.0014193699896188853
2024-02-07 00:00:00+00:00,-0.0024190200451210155,-7.316460929163973e-05,0.005518638028540211,0.00299860536589571,0.0005516456861940888,0.0005516456861940888,-0.0006861145821134931,0.008355049232198299,0.0005516456861940888,0.0005516456861940888
2024-02-08 00:00:00+00:00,0.00487353166369116,0.0015656584694132192,0.007941683241734864,0.0007804574303626188,0.0015656584694132192,0.0015656584694132192,-0.0062022900814415055,0.012356564676967361,0.0015656584694132192,0.0015656584694132192
2024-02-09 00:00:00+00:00,0.005009264012358039,-0.0014301267980331614,0.00014215755203424656,0.0013690771610180147,0.0006967676368838405,0.0006967676368838405,0.0006190395622662028,0.0011416662040747512,0.0006967676368838405,0.0006967676368838405
2024-02-10 00:00:00+00:00,0.005413713425926592,-0.0005505451235760817,0.0031713968845900053,0.003405615527703211,-0.00010797398214109709,-0.00010797398214109709,-1.3045032384990788e-05,0.0018868198247316518,-0.00010797398214109709,-0.00010797398214109709
2024-02-11 00:00:00+00:00,0.0007360401304827399,-0.012067941818899952,0.007176471073104777,-0.0024038007631381063,0.0015909397257712172,0.0015909397257712172,0.006861832292698986,0.01234881337014982,0.0015909397257712172,0.0015909397257712172
2024-02-12 00:00:00+00:00,1.83710338551505e-05,0.00045849245447356253,-0.0010196645127710977,-0.0035086990843387765,-0.0007531860363517211,-0.0007531860363517211,-0.00948128240720143,0.0005918132283342574,-0.0007531860363517211,-0.0007531860363517211
2024-02-13 00:00:00+00:00,0.005886607143644358,-0.013684833073802834,0.00723858247362557,0.005760173340555752,0.0018635491427690914,0.0018635491427690914,0.010275851275592761,0.012448291654899267,0.0018635491427690914,0.0018635491427690914
2024-02-14 00:00:00+00:00,-0.001410000194752197,-0.0055049206627962675,0.0074826338356741625,-0.012728042756869366,0.0004721832871002066,0.0004721832871002066,0.0008038772106188599,0.012652478485453202,0.0004721832871002066,0.0004721832871002066
2024-02-15 00:00:00+00:00,-0.00289264788511535,-0.002991514833355338,0.0015755483608868774,-0.004674477067976681,-0.00021373007583286538,-0.00021373007583286538,0.0028103110133329227,2.180628643994143e-06,-0.00021373007583286538,-0.00021373007583286538
2024-02-16 00:00:00+00:00,0.0007134208440931076,-0.001530923221839433,-0.0049643426515369625,0.004788637426515013,-0.00029306973592175043,-0.00029306973592175043,-0.009866416776297595,-0.005378097817455123,-0.00029306973592175043,-0.00029306973592175043
2024-02-17 00:00:00+00:00,-0.00696822002367932,-0.0032077257677685387,-0.003316143816544222,0.0006779430603101814,0.0012243547998505083,0.0012243547998505083,-0.000691268750805821,-0.0018918001479687565,0.0012243547998505083,0.0012243547998505083
2024-02-18 00:00:00+00:00,-0.0017157661508959612,-0.000981575529138519,-0.00021691213407972734,-0.0004251107247559262,0.00015031116739620611,0.00015031116739620611,-0.003327592700777005,0.001501594112320369,0.00015031116739620611,0.00015031116739620611
2024-02-19 00:00:00+00:00,0.00025792199152187994,-0.007050066104570205,0.002864317672905971,0.011598059370515718,-0.0007517171630764451,-0.0007517171630764451,0.003767148820323727,0.003126238279935482,-0.0007517171630764451,-0.0007517171630764451
2024-02-20 00:00:00+00:00,0.005644253919501599,0.012890327624692607,0.011785268272697725,-0.007856805010839716,-0.0015041758712176256,-0.0015041758712176256,0.011303081608557888,0.01589862194126499,-0.0015041758712176256,-0.0015041758712176256
2024-02-21 00:00:00+00:00,-0.004042729869072701,-0.010087754149049435,-0.002173254719661453,0.00246164424586643,-0.0005486495027024819,-0.0005486495027024819,0.00417370665466983,-0.001944232596730202,-0.0005486495027024819,-0.0005486495027024819
2024-02-22 00:00:00+00:00,-0.00554893985076293,0.002340977543168809,-0.0032405254879385257,-0.005976212382863183,-0.00046179611985539535,-0.00046179611985539535,-0.00575435969304674,-0.00537013422928531,-0.00046179611985539535,-0.00046179611985539535
2024-02-23 00:00:00+00:00,-0.004198371411718326,0.0009261509523754647,0.004317084220292671,-4.007124605551811e-05,0.0014886047100814916,0.0014886047100814916,-0.007827563641804668,0.007987728682009363,0.0014886047100814916,0.0014886047100814916
2024-02-24 00:00:00+00:00,-0.0008999994011918502,0.000300163651503152,0.003439230523734753,0.008511167790849936,0.000300163651503152,0.000300163651503152,0.009506953586139118,0.007595646120726339,0.000300163651503152,0.000300163651503152
2024-02-25 00:00:00+00:00,-0.002596137657555272,0.002240248525970987,0.008452746933169808,0.002022577465849422,0.002240248525970987,0.002240248525970987,0.002229974673028657,0.013658335475254529,0.002240248525970987,0.002240248525970987
2024-02-26 00:00:00+00:00,-0.007323268445733072,0.0005786523712571303,0.012975714899384039,-0.0030923636330315706,0.0005786523712571303,0.0005786523712571303,0.0013234173725691744,0.012207217565791172,0.0005786523712571303,0.0005786523712571303
2024-02-27 00:00:00+00:00,-0.0002391918220090338,-0.00165240110109307,0.021992186726221573,0.009756922554254095,0.0013392073212570533,0.0013392073212570533,0.007337391967386723,0.028951114463195867,0.0013392073212570533,0.0013392073212570533
2024-02-28 00:00:00+00:00,0.0057278298453201214,-1.4471242361478384e-05,-0.012523571153794955,-0.017279383963664675,0.0006776050129439939,0.0006776050129439939,-0.0046570509467352425,-0.015872519759409544,0.0006776050129439939,0.0006776050129439939
2024-02-29 00:00:00+00:00,0.007569090913078082,-0.0014439767282902372,0.0035062760005695913,-0.002112420114228629,-0.001211658470131943,0.002216522595253329,-0.010711295378457344,0.00782650581302819,0.002216522595253329,0.002216522595253329
2024-03-01 00:00:00+00:00,-0.020222640754362937,-0.005891633194171887,0.0016481343711512997,-0.023262226915122218,0.001964883720564213,0.00258908851757422,-0.010230439793128378,0.003361068777984382,0.00258908851757422,0.00258908851757422
2024-03-02 00:00:00+00:00,-0.0008445374804546015,-0.00039261987532768173,0.006433962381139096,0.01563795600029991,-0.0006447168620628332,-0.0006447168620628332,-0.003720010152574548,0.0069901142867904685,-0.0006447168620628332,-0.0006447168620628332
2024-03-03 00:00:00+00:00,0.0023619731806121874,0.019939003866524523,0.00947558290603517,0.003720759421075222,-0.009140429821421353,0.0013753621943965305,0.012368303541277702,0.015224184844088133,0.0013753621943965305,0.0013753621943965305
2024-03-04 00:00:00+00:00,0.003095276856389316,0.00375195071725475,-0.011462240970415519,0.004596452367994927,-0.004749564117522561,-0.004155054628588242,0.003304373018933833,-0.01995570160666578,-0.004155054628588242,-0.004155054628588242
2024-03-05 00:00:00+00:00,-0.010528084808288148,0.013813205003447186,0.024513618403420066,-0.004307551623223989,0.0038725719294526346,0.0038725719294526346,-0.036432129312896154,0.03378739479648131,0.0038725719294526346,0.0038725719294526346
2024-03-06 00:00:00+00:00,0.004722323679238289,0.00041211223119765007,0.01765205741243745,-0.008074011311871736,0.0014823550885146029,0.0014823550885146029,0.01699202429336759,0.018782345715225437,0.0014823550885146029,0.0014823550885146029
2024-03-07 00:00:00+00:00,-0.0013684777867201544,-0.0017653932076176384,0.013648613137892262,0.006721063438011127,-0.008696685906264027,-0.00040373762349791854,-0.00761177705291676,0.01153080552085824,-0.00040373762349791854,-0.00040373762349791854
2024-03-08 00:00:00+00:00,0.0007529052501783059,-0.0016895073668071357,-0.0013744975767243175,-0.004981763177710443,-0.00017828080065461483,0.00041422729178358707,-0.002109535171430906,0.0003438468473499877,0.00041422729178358707,0.00041422729178358707
2024-03-09 00:00:00+00:00,0.002968318335208191,-0.014300858846751571,0.004376486293067477,-0.0037893400311194017,0.0003046485093497555,0.0003046485093497555,0.006591898091313209,0.009479754236622832,0.0003046485093497555,0.0003046485093497555
2024-03-10 00:00:00+00:00,-0.024067751095419358,0.007279455815989895,0.030784972265199915,-0.0015143288766245825,0.003839796100387977,0.003839796100387977,-0.036456969085949656,0.031630030754523746,0.003839796100387977,0.003839796100387977
2024-03-11 00:00:00+00:00,0.011225753849587565,-0.007876901698403719,0.002711267456198249,-0.003989536620762876,-0.0005440924035334269,-0.0005440924035334269,7.019278835340226e-05,0.0027099744121943602,-0.0005440924035334269,-0.0005440924035334269
2024-03-12 00:00:00+00:00,-0.004163398713540547,-0.018196721896760953,0.02120904749245786,0.022759785721195143,0.0019558388808194457,0.0019558388808194457,0.009775725949414818,0.02975196246432664,0.0019558388808194457,0.0019558388808194457
2024-03-13 00:00:00+00:00,0.007817408584695451,0.00841395715295686,-0.015984109852369175,0.004857157349418491,-0.0005440206462746358,-0.0005440206462746358,-6.377681764181166e-05,-0.02007955109097961,-0.0005440206462746358,-0.0005440206462746358
2024-03-14 00:00:00+00:00,0.015979355513264782,-0.02482237764035968,-0.004827512057028242,0.017685304035458833,0.01572005014161623,-0.0013284318624542243,0.012090879731845024,-0.0034333737225133287,-0.0013284318624542243,-0.0013284318624542243
2024-03-15 00:00:00+00:00,-0.002245757931933868,-0.019190049757840277,-0.01783499713811723,-0.006953485636011571,-0.0044706802550604045,-0.003924619026037343,0.0036678404048461526,-0.036093708140308815,-0.003924619026037343,-0.003924619026037343
2024-03-16 00:00:00+00:00,0.0013787860917606962,-0.0021082885398759636,0.007180867884278739,0.0016353116986577367,0.0024194343033560792,0.0024194343033560792,-0.0006486454032587043,0.009195277636945108,0.0024194343033560792,0.0024194343033560792
2024-03-17 00:00:00+00:00,-0.005071609878130734,-0.0006065774269381704,-0.004689981394597308,0.0056510361251132825,-0.0007465122541486447,-0.0007465122541486447,0.004571048121882492,-0.005078505279759762,-0.0007465122541486447,-0.0007465122541486447
2024-03-18 00:00:00+00:00,-0.0038959950479751865,0.0030998879210455805,-0.025460692775355228,-0.013842084753561714,-0.005775666278934182,-0.005775666278934182,-0.009097214713223606,-0.044790490023527814,-0.005775666278934182,-0.005775666278934182
2024-03-19 00:00:00+00:00,0.005501268505999718,0.003581002220446112,0.029754258895436092,0.003608042408115749,0.004376876288158721,0.004376876288158721,-0.015046789995040565,0.04174285495673783,0.004376876288158721,0.004376876288158721
2024-03-20 00:00:00+00:00,-0.005043232445587592,0.0011281381034746688,-0.003910695636676487,-0.00226629314548161,-0.0008284717164946831,-0.0008284717164946831,-0.00906702850613902,-0.0038871280502242485,-0.0008284717164946831,-0.0008284717164946831
2024-03-21 00:00:00+00:00,0.001676237244867674,-0.0024304663471656613,-0.009752738293737054,0.0011950233115515096,-0.0012202349892181503,-0.0012202349892181503,-0.005494662930419331,-0.012185236939570824,-0.0012202349892181503,-0.0012202349892181503
2024-03-22 00:00:00+00:00,-0.0027823018037120067,1.2312944596181012e-05,-0.00044596739700134843,-0.0036284158850648706,1.2312944596181012e-05,1.2312944596181012e-05,-0.0019169964128315266,0.00018685964058031063,1.2312944596181012e-05,1.2312944596181012e-05
2024-03-23 00:00:00+00:00,0.003088218124022894,0.00211209469264373,0.010864411311416425,0.0019544807040023913,0.00211209469264373,0.00211209469264373,-0.001532650501947409,0.017317113098759235,0.00211209469264373,0.00211209469264373
2024-03-24 00:00:00+00:00,0.00341910708353298,0.0017377388563847677,0.01262095778462824,0.004863408438706265,0.0017377388563847677,0.0017377388563847677,-0.0006181794904399746,0.0181329446235363,0.0017377388563847677,0.0017377388563847677
2024-03-25 00:00:00+00:00,-0.002536857793217776,0.00019454768490688055,-0.0022674573399425624,-5.1432406958769545e-06,0.00019454768490688055,0.00019454768490688055,0.005724393954272644,-0.00197276029780606,0.00019454768490688055,0.00019454768490688055
2024-03-26 00:00:00+00:00,-0.0013806779087920558,-0.0011466349327834172,-0.0018222106479626262,0.001411118630011675,-0.0011466349327834172,-0.0011466349327834172,-0.008461657864212529,-0.004407519794257717,-0.0011466349327834172,-0.0011466349327834172
2024-03-27 00:00:00+00:00,0.0027380706434684066,0.0003060230233324221,0.006830832662746822,0.005518194386336868,0.0003060230233324221,0.0003060230233324221,0.0027433006387359744,0.008925813006715968,0.0003060230233324221,0.0003060230233324221
2024-03-28 00:00:00+00:00,-0.0127970251122866,0.0007493183086416048,-0.002329115502396455,0.020884281297543546,0.0007493183086416048,0.0007493183086416048,0.0016130885232959443,0.011429238330438183,0.0007493183086416048,0.0007493183086416048
2024-03-29 00:00:00+00:00,0.003317963768531731,-0.0007591970435690912,-0.0014166586550548447,-0.00361275399569582,-0.0007591970435690912,-0.0007591970435690912,0.004712071426714636,-0.0062491469469010035,-0.0007591970435690912,-0.0007591970435690912
2024-03-30 00:00:00+00:00,0.0007569160509274817,-0.0014825392626402253,0.007037032927139739,-0.0022976321426896196,0.000671042505769905,0.0011215941718056963,0.0002633713639575328,0.009206670541763983,0.0011215941718056963,0.0011215941718056963
2024-03-31 00:00:00+00:00,0.0030670124307027153,-0.0032189381436350606,-0.007455719136941876,-0.004504182926380782,-0.003218625272568054,-0.0025911528198596235,-0.0021539709142163357,-0.017343936844778904,-0.0025911528198596235,-0.0025911528198596235
2024-04-01 00:00:00+00:00,-0.013944383448947115,-0.0026222973026739276,-0.021222569794521293,0.014880856938478636,-0.0026222973026739276,-0.0026222973026739276,-0.0033398895415499,-0.022817209962733943,-0.0026222973026739276,-0.0026222973026739276
2024-04-02 00:00:00+00:00,0.0027426900256386495,-0.0006535085338063928,0.003900203202617308,-0.003108175007807792,-0.0006535085338063928,-0.0006535085338063928,-0.0015604531154539167,-0.0002897437396327399,-0.0006535085338063928,-0.0006535085338063928
2024-04-03 00:00:00+00:00,0.003301535493932672,-0.0015735190169157494,0.012055060166495475,0.0041099086789036805,0.0007717661584046331,0.0007717661584046331,-0.004290021362132711,0.01721397163202455,0.0007717661584046331,0.0007717661584046331
2024-04-04 00:00:00+00:00,-0.003681654005751826,-0.0017281388473903145,-6.068796057150317e-06,-0.0034114118320494533,-0.001073467676069769,-0.001073467676069769,-0.00028378269667171706,-0.001974971518140502,-0.001073467676069769,-0.001073467676069769
2024-04-05 00:00:00+00:00,-8.937775478038085e-05,0.0003082942034297513,0.0025413097040277942,0.0019823620051277954,0.0012133468237803013,0.0012133468237803013,-0.00368825621361864,0.008056792418510232,0.0012133468237803013,0.0012133468237803013
2024-04-06 00:00:00+00:00,0.0027600293378497506,0.00060705340752724,0.003444461759163481,-0.006375256636203421,0.00060705340752724,0.00060705340752724,0.005205515349457747,0.0025374485912155018,0.00060705340752724,0.00060705340752724
2024-04-07 00:00:00+00:00,-0.003727185671139339,0.0013727239353408802,0.012146375879385584,-0.005447562470943544,0.0013727239353408802,0.0013727239353408802,0.0023208468472716848,0.01364536331214192,0.0013727239353408802,0.0013727239353408802
2024-04-08 00:00:00+00:00,-0.00043115783868232665,-0.00232857388843752,-0.006144029272534409,-0.00646783659743268,-0.00232857388843752,-0.00232857388843752,0.0023414638104654784,-0.011587883700080357,-0.00232857388843752,-0.00232857388843752
2024-04-09 00:00:00+00:00,0.0018733807252027193,0.00016113472568643199,0.010481896583049507,0.006094287570232275,0.00016113472568643199,0.00016113472568643199,0.0026526488144953814,0.016118145155975042,0.00016113472568643199,0.00016113472568643199
2024-04-10 00:00:00+00:00,0.0002322747266546743,-0.00031418676880764064,-0.0034544655955333747,0.003171225174047987,-0.00031418676880764064,-0.00031418676880764064,-0.002160600492161588,-0.0040589727555152225,-0.00031418676880764064,-0.00031418676880764064
2024-04-11 00:00:00+00:00,0.009594832789696065,-0.006552546831948834,-0.0069817891627727375,0.01231286927182442,-0.006552546831948834,-0.006552546831948834,0.0017455439022086273,-0.020713314217820473,-0.006552546831948834,-0.006552546831948834
2024-04-12 00:00:00+00:00,0.01023097760691894,-0.006199054570853447,-0.014571852543032487,0.010457386597188291,-0.006199054570853447,-0.006199054570853447,-0.001848754065434965,-0.0308937048053033,-0.006199054570853447,-0.006199054570853447
2024-04-13 00:00:00+00:00,0.0016224707594938545,0.006529072048526961,0.0022208166513002854,-0.008670047778933793,-0.0011192030866919956,0.002970173091165277,0.0035489807236573972,0.007347071394815162,0.002970173091165277,0.002970173091165277
2024-04-14 00:00:00+00:00,-0.007964729935576783,-0.006308756818864395,-0.006283998526447134,-0.00988430536113844,-0.0031087482217302276,-0.0016138580984595824,0.002132451659610713,-0.010914609145709391,-0.0016138580984595824,-0.0016138580984595824
2024-04-15 00:00:00+00:00,-0.0014830319952568707,-0.0014178148733699888,-3.38200831631729e-05,0.00047602357448026404,-0.0002474388258902963,-0.0002474388258902963,-0.006724929302237356,-0.0012928452840202625,-0.0002474388258902963,-0.0002474388258902963
2024-04-16 00:00:00+00:00,-0.0043154780452144235,-0.005461313113523473,-0.005514993380385181,-0.00025911505458481256,-0.001248148980886457,-0.001248148980886457,0.0008849995829021976,-0.005685621821873911,-0.001248148980886457,-0.001248148980886457
2024-04-17 00:00:00+00:00,0.007343089858673328,0.0018225431446258168,0.007519375084450527,0.0064001339566378355,0.001653926739018031,0.001653926739018031,0.0013559812743016036,0.011489098264882374,0.001653926739018031,0.001653926739018031
2024-04-18 00:00:00+00:00,0.0017122428505056066,-0.00039195037051926833,0.0008284982218972008,-0.0008477872267341777,1.824296729299831e-05,1.824296729299831e-05,-0.0020826943750608903,0.0006279715719004297,1.824296729299831e-05,1.824296729299831e-05
2024-04-19 00:00:00+00:00,-0.004393421642111999,0.002560206183089349,-0.0008465699824255472,-0.011024816655360418,0.003225626363649919,0.003225626363649919,0.002542030176883182,0.00568168290859106,0.003225626363649919,0.003225626363649919
2024-04-20 00:00:00+00:00,0.0021922183719756596,-0.0004893931637926957,0.004624765983419657,0.007862366150450537,-0.0004893931637926957,-0.0004893931637926957,-0.009137830083634337,0.005480982020472369,-0.0004893931637926957,-0.0004893931637926957
2024-04-21 00:00:00+00:00,0.002199691755426226,0.001811272667132461,0.006263615896366801,0.0070750901026700045,0.001811272667132461,0.001811272667132461,0.008557345365543896,0.012466370164675687,0.001811272667132461,0.001811272667132461
2024-04-22 00:00:00+00:00,0.0009940091272962089,-0.0008275801505768412,0.0012095843752126325,0.0040051532631971394,-0.0008275801505768412,-0.0008275801505768412,-0.002004327695789022,0.0009924264559786036,-0.0008275801505768412,-0.0008275801505768412
2024-04-23 00:00:00+00:00,-0.0008707149842218662,-0.0018106219974919058,-0.003802603755391065,-0.0021537819646034865,-0.0018106219974919058,-0.0018106219974919058,0.0026068267262141557,-0.005394294040857885,-0.0018106219974919058,-0.0018106219974919058
2024-04-24 00:00:00+00:00,-0.00400197986948457,-0.0001831572095593256,0.0014282870301440772,-0.00017845597905761417,-0.0001831572095593256,-0.0001831572095593256,0.0008686955626723922,0.0017200250495628647,-0.0001831572095593256,-0.0001831572095593256
2024-04-25 00:00:00+00:00,-0.008845396881056494,-0.0006448228552238652,-0.00045381227036700694,0.0003437874666529254,-0.0006448228552238652,-0.0006448228552238652,-0.0037041126513192215,0.0009570871486411866,-0.0006448228552238652,-0.0006448228552238652
2024-04-26 00:00:00+00:00,0.0021023763524302833,0.00019381958072832965,-0.003331632750295471,-0.003245288299946719,0.00019381958072832965,0.00019381958072832965,-0.00474161353918499,-0.00772957857668384,0.00019381958072832965,0.00019381958072832965
2024-04-27 00:00:00+00:00,-0.00020621911284562163,-0.0006008479283002262,0.0009684256454915137,0.0022834050754296596,-0.0006008479283002262,-0.0006008479283002262,-0.00235372318916473,0.0014390249422728107,-0.0006008479283002262,-0.0006008479283002262
2024-04-28 00:00:00+00:00,0.0035242692840936293,-0.00011077357161342609,0.0027700049029340166,0.0017453004291409658,-0.00011077357161342609,-0.00011077357161342609,0.00818342097143249,0.002434111605193379,-0.00011077357161342609,-0.00011077357161342609
2024-04-29 00:00:00+00:00,-0.007068625631515913,-0.002298204011368352,-0.01053026438841767,-0.017713068616727858,-0.002298204011368352,-0.002298204011368352,-0.014893183791005854,-0.015808232004639485,-0.002298204011368352,-0.002298204011368352
2024-04-30 00:00:00+00:00,-0.013040806551785307,0.0011465598010100093,-0.014880598187551032,-0.021239383204624603,0.0011465598010100093,0.0011465598010100093,-0.0008973017973360635,-0.0159764347181022,0.0011465598010100093,0.0011465598010100093
2024-05-01 00:00:00+00:00,0.0030668472120948804,0.0007402264871132647,-0.002194782693545013,-0.00422592397158329,0.0007402264871132647,0.0007402264871132647,0.0057620221492330195,-0.004199166619186132,0.0007402264871132647,0.0007402264871132647
2024-05-02 00:00:00+00:00,0.009458727850807879,0.004674978002327131,0.015105795685687293,0.0038482319242469382,0.0015522344672425257,0.0015522344672425257,0.00093076195969574,0.024360042428810586,0.0015522344672425257,0.0015522344672425257
2024-05-03 00:00:00+00:00,0.0013440970528541076,0.0018207770097896107,0.0026213788998876732,-0.009435675115658678,0.00034497218851544184,0.00034497218851544184,-0.0048293079414306,0.00320495545679228,0.00034497218851544184,0.00034497218851544184
2024-05-04 00:00:00+00:00,-0.003825914305539575,-0.0002882765117401511,0.0022102058010341776,0.003719557133760622,0.0004036383686508797,0.0004036383686508797,-0.013932129278415483,0.004616971874252976,0.0004036383686508797,0.0004036383686508797
2024-05-05 00:00:00+00:00,-0.00189025859623968,-0.00019049777495933008,-0.0021686256217404638,0.002894740151569805,-0.00019049777495933008,-0.00019049777495933008,0.0006640270138503301,-0.002119426592059678,-0.00019049777495933008,-0.00019049777495933008
2024-05-06 00:00:00+00:00,0.0005796996338085262,0.0017282334188743194,-0.003344749979404142,-0.0033815110721787836,-0.0013200669165225548,-0.0013200669165225548,-0.0008262499667486307,-0.007404634016384489,-0.0013200669165225548,-0.0013200669165225548
2024-05-07 00:00:00+00:00,-0.0007642980738353694,-0.0010111751796404497,-0.001478944850457774,0.000541946197439927,-0.0004098718061589923,-0.0004098718061589923,-0.003283463584551066,-0.0007239285201058991,-0.0004098718061589923,-0.0004098718061589923
2024-05-08 00:00:00+00:00,0.00467989697566909,0.0012220867876411039,0.0034806509710460297,-0.003118232707610595,0.0012220867876411039,0.0012220867876411039,0.003504907197925345,0.006413272937387863,0.0012220867876411039,0.0012220867876411039
2024-05-09 00:00:00+00:00,0.000432776405313539,-0.0019929037891480254,-0.00793373012016448,-0.0025089748326861195,-0.0019929037891480254,-0.0019929037891480254,0.006913492702330466,-0.015109833322080652,-0.0019929037891480254,-0.0019929037891480254
2024-05-10 00:00:00+00:00,-0.003302413458400782,-0.0001561953170506502,0.0018104005000378971,0.002651324121915281,-0.0001561953170506502,-0.0001561953170506502,-0.002196616144831865,0.005061348410137623,-0.0001561953170506502,-0.0001561953170506502
2024-05-11 00:00:00+00:00,0.0032230099489560277,-0.00010475114678897457,0.003225251280236836,-0.0025808660794264947,-0.00010475114678897457,-0.00010475114678897457,-0.0018731025801639392,0.0031836732196638177,-0.00010475114678897457,-0.00010475114678897457
2024-05-12 00:00:00+00:00,0.004974045884980293,-8.351469262518633e-05,0.0043543739699588285,-0.0011960646750629488,-8.351469262518633e-05,-8.351469262518633e-05,-0.0019133178056957823,0.004301264066615161,-8.351469262518633e-05,-8.351469262518633e-05
2024-05-13 00:00:00+00:00,-0.003371886812261814,-0.0013504935468496891,-0.00584439056668894,-0.008663620158203487,-0.0013504935468496891,-0.0013504935468496891,0.0009329015629904772,-0.012209487803427024,-0.0013504935468496891,-0.0013504935468496891
2024-05-14 00:00:00+00:00,0.00853304654974463,0.003149959678851316,0.01023371718377109,0.001406102223177916,0.003149959678851316,0.003149959678851316,-0.003533550333771101,0.018107287208965064,0.003149959678851316,0.003149959678851316
2024-05-15 00:00:00+00:00,-0.0022112873610354022,0.0018141891857826335,-0.00585806856823238,-0.0032166900784197515,0.0005174011715949106,0.0005174011715949106,-0.00668998749505098,-0.010481450900842263,0.0005174011715949106,0.0005174011715949106
2024-05-16 00:00:00+00:00,0.002672329964048823,-0.0007959892213451787,0.003359295206640124,-0.00520725632981279,0.0017865867384321019,0.0017865867384321019,0.0038821185534212155,0.007827807902778918,0.0017865867384321019,0.0017865867384321019
2024-05-17 00:00:00+00:00,0.00058352119341263,-0.0013748778708934934,-0.001610382984154849,-0.003061868583275137,7.845892903279275e-05,0.000159911248261146,0.0038505008331245977,-0.0010141669565602947,0.000159911248261146,0.000159911248261146
2024-05-18 00:00:00+00:00,0.0005721999187513384,-0.005216278671173575,-0.00028170191501260093,0.002610306701801089,-0.0015712558632180321,-0.0009656980979042929,-0.004889806179342643,-0.0023020440736193845,-0.0009656980979042929,-0.0009656980979042929
2024-05-19 00:00:00+00:00,-0.0009446178808509856,0.012577934008474094,0.012754709743113716,-0.022013340007621625,0.004031450492973637,0.004031450492973637,0.004095210790610411,0.029257713099651,0.004031450492973637,0.004031450492973637
2024-05-20 00:00:00+00:00,0.01012995350063345,0.0025028097572537228,0.002990146411324573,-0.01627169628579798,-0.00035726647941341485,-0.00035726647941341485,0.007170894690561201,0.004101769775643934,-0.00035726647941341485,-0.00035726647941341485
2024-05-21 00:00:00+00:00,0.001379227857393993,0.001283003647427211,-0.0031797882493904703,0.00013351448279776352,-0.0032102849077660107,-0.0009058973774143191,0.001902013644415466,-0.0065789047983039394,-0.0009058973774143191,-0.0009058973774143191
2024-05-22 00:00:00+00:00,-0.011210990635570697,-0.0023914942370922643,-0.004974653616017865,0.0013884737302362947,-0.0019344697784013064,-0.0005505314125729579,0.006377693552447461,-0.005439371311721585,-0.0005505314125729579,-0.0005505314125729579
2024-05-23 00:00:00+00:00,-0.0005383555036270733,0.0025248946342200243,0.008300742615092453,-0.003908857995634498,-0.0002588064164438064,-0.0002588064164438064,-0.013442178200334784,0.00809819762724314,-0.0002588064164438064,-0.0002588064164438064
2024-05-24 00:00:00+00:00,0.00036633272331491087,0.0006855496296637348,0.0023360760775234988,-0.002696863726984826,0.0003712814587057689,0.0003712814587057689,-0.0028396827715178163,0.002727181605985329,0.0003712814587057689,0.0003712814587057689
2024-05-25 00:00:00+00:00,-0.001104215631975508,-0.001281490717413522,-0.0039075275653631366,0.005128591810519232,-0.0006421951518304318,-0.0006421951518304318,0.00031044876667426905,-0.0037056258637433947,-0.0006421951518304318,-0.0006421951518304318
2024-05-26 00:00:00+00:00,0.0037094358934910885,0.0015317962995870305,-0.0002899622343226192,0.004973413166861947,0.0015317962995870305,0.0015317962995870305,0.004628555176451813,0.0033047455015727035,0.0015317962995870305,0.0015317962995870305
2024-05-27 00:00:00+00:00,-0.001207121253505885,-0.0008225458734142503,-0.0006973597821979672,-0.005686455424017482,-0.0008225458734142503,-0.0008225458734142503,-0.0015248962965615479,-0.0025545293920001045,-0.0008225458734142503,-0.0008225458734142503
2024-05-28 00:00:00+00:00,-0.0005255140299976031,-0.0006337488131291355,-0.001017700283004338,-0.003562242753973683,-0.0006337488131291355,-0.0006337488131291355,-0.0012224330252850219,-0.0023010647784769897,-0.0006337488131291355,-0.0006337488131291355
2024-05-29 00:00:00+00:00,0.001996159508269921,-0.000521145765577306,0.0032008258702933465,-0.0038890089538375183,-0.000521145765577306,-0.000521145765577306,-0.0002441135643282918,0.003505803050217539,-0.000521145765577306,-0.000521145765577306
2024-05-30 00:00:00+00:00,-0.0017334054143621227,-1.9715153320808035e-05,-0.0027801549846492176,0.001410371344794243,-1.9715153320808035e-05,-1.9715153320808035e-05,0.001403053158631908,-0.0030862964172075906,-1.9715153320808035e-05,-1.9715153320808035e-05
2024-05-31 00:00:00+00:00,0.0008058646313818355,0.00020720865887123368,0.001356850266751278,0.0005093385589685761,0.00020720865887123368,0.00020720865887123368,0.001369468835746708,0.0026016678461239953,0.00020720865887123368,0.00020720865887123368
2024-06-01 00:00:00+00:00,0.000749258959122267,-0.000524218861843531,0.0019002117234072206,-0.003863423725120653,-0.000524218861843531,-0.000524218861843531,-0.001852393313262985,0.0007050242737865386,-0.000524218861843531,-0.000524218861843531
2024-06-02 00:00:00+00:00,0.006285923062498129,0.00023532956336669853,0.0067281457424247055,-0.006001828205800723,0.00023532956336669853,0.00023532956336669853,0.001604884872720629,0.005102585521715946,0.00023532956336669853,0.00023532956336669853
2024-06-03 00:00:00+00:00,0.012499756053644352,0.001071747948796526,0.014792512179131277,-0.005882523338776043,0.001071747948796526,0.001071747948796526,0.001135438234491789,0.017515013754570704,0.001071747948796526,0.001071747948796526
2024-06-04 00:00:00+00:00,-0.0015071570700964938,-0.002463148902043847,0.003687193949057805,-0.0031291785445319185,0.0006205534283581866,0.0006205534283581866,-0.0035021128930895398,0.00665665380992673,0.0006205534283581866,0.0006205534283581866
2024-06-05 00:00:00+00:00,0.0011046415384161692,-0.00393448486173087,0.0016365861439857857,-0.0016763987692812931,0.0031346268041759114,-0.0005512907541852058,-0.00026824480529259254,-6.687977539015319e-05,-0.0005512907541852058,-0.0005512907541852058
2024-06-06 00:00:00+00:00,0.004074889170275033,0.0023460766995058824,-0.00475496263548219,-0.004940355796856148,-0.0031099440543201507,-0.002537996707120788,0.009474280943579869,-0.01281400435102934,-0.002537996707120788,-0.002537996707120788
2024-06-07 00:00:00+00:00,0.002062499836978656,-0.0011205520452591356,0.0021510981839011176,0.006386372741820933,-0.0011364752938368044,-0.0011364752938368044,0.0051402577985678365,0.0015959585431695135,-0.0011364752938368044,-0.0011364752938368044
2024-06-08 00:00:00+00:00,-0.001544303435497852,-0.0010382230656738015,-0.0018942828540036867,-0.003885673105174301,0.000718428466481483,0.000718428466481483,-0.002061697497759981,-0.0010944232995375959,0.000718428466481483,0.000718428466481483
2024-06-09 00:00:00+00:00,-0.0050010389890052685,0.003388456092325339,-0.006110308747539253,-0.009516326415321403,-0.0007656085139619345,-0.0007656085139619345,-0.00865631044861191,-0.011050811752044771,-0.0007656085139619345,-0.0007656085139619345
2024-06-10 00:00:00+00:00,0.0021968118354517155,-0.005132433879853516,-0.006165883356254506,-0.012357814939814344,-0.0020053299853635,-0.0020053299853635,-0.004821176396735581,-0.014256160229709745,-0.0020053299853635,-0.0020053299853635
2024-06-11 00:00:00+00:00,0.0009560800490145847,0.0012109005617272094,0.00068376396333091,-0.002835850353856215,0.0018508016960336608,0.0018508016960336608,-0.009311101259147796,0.005113888167954126,0.0018508016960336608,0.0018508016960336608
2024-06-12 00:00:00+00:00,-0.00101600131085575,0.0005214590585670294,-0.00028992068330504345,0.0023190457346385623,-0.0021343165063586102,-0.0021343165063586102,0.004423426472056274,-0.004885291638303882,-0.0021343165063586102,-0.0021343165063586102
2024-06-13 00:00:00+00:00,0.0011321674614500868,-0.00236711389855528,-0.00043816519055314945,0.0008960950935799006,-0.001001114935684428,-0.001001114935684428,0.0002286054117013889,-0.0009710138433764795,-0.001001114935684428,-0.001001114935684428
2024-06-14 00:00:00+00:00,-0.007194185175712041,0.002886957551776692,0.0009169207573577026,-0.004101587042156073,0.0006197666092519201,0.0006197666092519201,0.001914247278174085,0.004521463535645288,0.0006197666092519201,0.0006197666092519201
2024-06-15 00:00:00+00:00,0.002762485766405276,-0.002745239741801712,-0.001813908546901646,-8.230870564795946e-06,0.0005369728303946309,0.0005369728303946309,-0.0037359659213741453,-0.0006279342501363241,0.0005369728303946309,0.0005369728303946309
2024-06-16 00:00:00+00:00,-0.002624594498227874,-0.0030922030420248835,0.011413291894432116,0.005954580802776118,-0.0016597892411209072,-0.0016597892411209072,-0.002423635589089873,0.007204115088224765,-0.0016597892411209072,-0.0016597892411209072
2024-06-17 00:00:00+00:00,0.00037812347450484894,-0.0020152360163733524,-0.005604026796631426,0.002155649012672076,-0.0020152360163733524,-0.0020152360163733524,-0.002028763428279802,-0.008105334784998785,-0.0020152360163733524,-0.0020152360163733524
2024-06-18 00:00:00+00:00,-0.004887261635632203,-0.0027187934065406477,0.00023007828959820058,-0.00675772315857079,0.0006034217761889912,0.0006034217761889912,-0.005677323816426229,0.003987690289377287,0.0006034217761889912,0.0006034217761889912
2024-06-19 00:00:00+00:00,-0.00033928042700684315,0.0023121846994270763,-0.0007761622549970702,-0.005825827533570875,-0.00025782522783255685,-0.00025782522783255685,0.0040540342668543925,-0.0027499675993024747,-0.00025782522783255685,-0.00025782522783255685
2024-06-20 00:00:00+00:00,-0.00275324959682264,-0.0018176399295461324,-0.0017186572296590758,8.24549318809301e-05,-0.00032557983313919055,-0.00032557983313919055,-0.004851469643522639,-0.0016706486760405235,-0.00032557983313919055,-0.00032557983313919055
2024-06-21 00:00:00+00:00,0.0009233639182240481,-0.0003025319870149222,0.002155222791245211,0.008374725760856211,-0.0003025319870149222,-0.0003025319870149222,0.0049699531944078675,-0.0005698453435651104,-0.0003025319870149222,-0.0003025319870149222
2024-06-22 00:00:00+00:00,-0.0013063103002183478,-0.0008313967318236892,-0.0034805202788192463,-0.00543077159151536,-0.0008313967318236892,-0.0008313967318236892,-0.004285214597840045,-0.007214623696854184,-0.0008313967318236892,-0.0008313967318236892
2024-06-23 00:00:00+00:00,-0.006245053620455733,-0.00028130483139188244,-0.014094603629972136,-0.013828882144067509,-0.00028130483139188244,-0.00028130483139188244,-0.0022250713259782577,-0.01674134242806939,-0.00028130483139188244,-0.00028130483139188244
2024-06-24 00:00:00+00:00,0.00607454333947254,0.0010393836376018232,0.0033302266944760933,-0.0007601145767233001,0.0010393836376018232,0.0010393836376018232,0.0026679055971766353,0.0057340379300090385,0.0010393836376018232,0.0010393836376018232
2024-06-25 00:00:00+00:00,-0.00037387132348357376,-0.002594794288491194,-0.004574483098295108,-0.0013683106609545075,-0.00037493563390531486,-0.00037493563390531486,-0.003221065120400782,-0.00415853942035204,-0.00037493563390531486,-0.00037493563390531486
2024-06-26 00:00:00+00:00,0.005372817074104638,0.0010487368895883804,-0.006598744304140438,-0.0055924929658407434,0.0019322378037868566,0.0019322378037868566,-0.001107894670368209,0.0007403402482022071,0.0019322378037868566,0.0019322378037868566
2024-06-27 00:00:00+00:00,-0.0033830308616588623,-0.00104100142162244,-0.0024725027123810176,-0.003121129112717989,-0.00104100142162244,-0.00104100142162244,-0.009109631143123431,-0.006182614679417874,-0.00104100142162244,-0.00104100142162244
2024-06-28 00:00:00+00:00,-0.003268784840067333,-2.5363451163083412e-05,0.004312858996695394,0.00014825147880406244,-2.5363451163083412e-05,-2.5363451163083412e-05,-0.004466141179855679,0.005259839751568596,-2.5363451163083412e-05,-2.5363451163083412e-05
2024-06-29 00:00:00+00:00,0.0022034811906044985,0.0012380682322107612,0.0020811485873964294,-0.007957983226617124,0.0012380682322107612,0.0012380682322107612,0.005361608389619759,0.006548372874398126,0.0012380682322107612,0.0012380682322107612
2024-06-30 00:00:00+00:00,0.0001342188307182691,3.580994395990193e-05,-0.0012596016164153887,0.0009255304654983768,3.580994395990193e-05,3.580994395990193e-05,0.002483364618684652,-0.0032403562092589025,3.580994395990193e-05,3.580994395990193e-05
2024-07-01 00:00:00+00:00,-0.003701155525562322,0.0007709893824322455,-0.0015262879981184168,0.002115425729628566,0.0007709893824322455,0.0007709893824322455,-0.002713037860826657,-0.003907317809538381,0.0007709893824322455,0.0007709893824322455
2024-07-02 00:00:00+00:00,0.0012041977348739028,-0.0028955812079581485,-0.005499549302281197,-0.0007752500513452127,-0.0028955812079581485,-0.0028955812079581485,0.0012906306682293014,-0.012444864288450878,-0.0028955812079581485,-0.0028955812079581485
2024-07-03 00:00:00+00:00,-0.004799964975396941,-0.004032264420447646,-0.015843580982532707,-0.009146237962899323,-0.004032264420447646,-0.004032264420447646,0.002366529596459741,-0.023521924160141476,-0.004032264420447646,-0.004032264420447646
2024-07-04 00:00:00+00:00,0.006008971550087968,-0.008450983098015301,-0.009152854845418636,0.005949755837959988,-0.0006031074767654421,-0.0006031074767654421,0.007870379932003636,-0.01017312375617236,-0.0006031074767654421,-0.0006031074767654421
2024-07-05 00:00:00+00:00,0.0021948582061301547,-0.005777851092459239,0.002780423645935791,0.00423206256262004,-0.0008374282489499031,0.0028086006366126993,0.013714072880674276,0.0017315519756769524,0.0028086006366126993,0.0028086006366126993
2024-07-06 00:00:00+00:00,-0.0046271085129318545,-0.006392288531190198,-0.008063690803640878,-0.007367979194761228,-0.004010461198050694,-0.002698436613860417,-0.007478118028277941,-0.002698436613860417,-0.002698436613860417,-0.002698436613860417
2024-07-07 00:00:00+00:00,0.0004590530706886136,-0.0012563524562652366,0.002255163110235072,-0.005892234456469004,0.001548843285231013,0.001548843285231013,0.0022776845085395697,0.001548843285231013,0.001548843285231013,0.001548843285231013
2024-07-08 00:00:00+00:00,0.0025601725960742155,-0.003324414432593288,0.0025835998360417725,0.0024181121815690914,0.0006109164752283112,0.0006109164752283112,0.00012034964882874102,0.0006109164752283112,0.0006109164752283112,0.0006109164752283112
2024-07-09 00:00:00+00:00,0.0007626676599111433,-0.0009812828795447372,-0.001587802175691302,0.0009485439602017816,0.0002736495586732905,0.0002736495586732905,0.001364012262262328,0.0002736495586732905,0.0002736495586732905,0.0002736495586732905
2024-07-10 00:00:00+00:00,0.00011195664731608239,-0.0006162079489813934,0.004514471639214104,-0.009148819583851527,-0.0006162079489813934,-0.0006162079489813934,-0.010462724011556807,-0.0006162079489813934,-0.0006162079489813934,-0.0006162079489813934
2024-07-11 00:00:00+00:00,-0.00037809264797540387,0.0012598287695995821,0.0023405614683905036,0.010087988691864802,0.0012598287695995821,0.0012598287695995821,-0.0009338197052374956,0.0012598287695995821,0.0012598287695995821,0.0012598287695995821
2024-07-12 00:00:00+00:00,-0.009520928229430917,0.0011534304917167843,0.008308058991287825,0.012824752411993916,0.0011534304917167843,0.0011534304917167843,0.003748533885487959,0.0011534304917167843,0.0011534304917167843,0.0011534304917167843
2024-07-13 00:00:00+00:00,0.003046781990356383,0.0005929674837939809,0.0032453682828978603,-0.006627774387995899,0.0005929674837939809,0.0005929674837939809,-0.002117017378715385,0.0005929674837939809,0.0005929674837939809,0.0005929674837939809
2024-07-14 00:00:00+00:00,0.008681948373689283,0.0005252034260798109,0.007208193950340119,-0.006894932932414666,0.0022021400381036075,0.0022021400381036075,0.0035532865321774047,0.018863003996472012,0.0022021400381036075,0.0022021400381036075
2024-07-15 00:00:00+00:00,-0.020779118405768713,-0.0006568403892052223,0.016474464101015246,-0.019016865996274807,0.0005014091958400121,0.0005014091958400121,-0.034432401398760595,0.018594753128769126,0.0005014091958400121,0.0005014091958400121
2024-07-16 00:00:00+00:00,-0.007750664709900085,-0.011756978275046298,0.0025586064641148834,0.01462961875991567,-0.0005464572232167007,-0.0005464572232167007,-0.019382348063228666,0.00381290273690463,-0.0005464572232167007,-0.0005464572232167007
2024-07-17 00:00:00+00:00,0.010049580187857543,0.012620461355021933,-0.001975728247550262,-0.016718897287247313,-0.0006084460955229069,-0.0006084460955229069,0.004714006542154711,-0.004890377972083044,-0.0006084460955229069,-0.0006084460955229069
2024-07-18 00:00:00+00:00,0.0007764229889905172,0.002960383872471549,0.004549722500305323,0.0009251017485083848,0.0015304635764536655,0.0015304635764536655,0.010679950907826436,0.008034366508538504,0.0015304635764536655,0.0015304635764536655
2024-07-19 00:00:00+00:00,-0.00510115926624229,-0.00010815335305657437,-0.0004696996153609174,0.0037044221377126887,0.0005359738132220836,0.0005359738132220836,-0.005604888757328847,0.002601788243798234,0.0005359738132220836,0.0005359738132220836
2024-07-20 00:00:00+00:00,0.0034352118201716924,-0.0007604596930737414,-0.001546673265741578,-0.001204887425082385,0.0014868120520510721,0.0014868120520510721,0.00024254445930047745,4.22763390737734e-06,0.0014868120520510721,0.0014868120520510721
2024-07-21 00:00:00+00:00,-0.00019207859686626788,-0.0016728817924657714,-0.0004845985819483879,0.009596729429060615,-0.0016191773651709459,-0.0016191773651709459,0.001573841517193804,-0.002498301669709162,-0.0016191773651709459,-0.0016191773651709459
2024-07-22 00:00:00+00:00,-0.0014261749759202557,0.005122791962083149,-0.0010634791253414737,-0.011844035072785131,-0.0008438054567058312,-0.0008438054567058312,-0.005269780710997062,-0.0004287986266180065,-0.0008438054567058312,-0.0008438054567058312
2024-07-23 00:00:00+00:00,-0.002491553500402775,0.011498982505969459,-0.0016005160123754843,0.014432948220006434,-0.0007470456073604829,-0.0007470456073604829,-0.018143634030886324,0.0002761917819606059,-0.0007470456073604829,-0.0007470456073604829
2024-07-24 00:00:00+00:00,0.00453902944365114,-0.002253020108117276,0.0013838617484328557,-0.006497488925997906,-0.001467001499421464,-0.001467001499421464,0.010053246695474067,-0.003295065374844827,-0.001467001499421464,-0.001467001499421464
2024-07-25 00:00:00+00:00,0.006438457148836143,0.0016803628380252626,0.0013761803550373115,0.0026172131364279425,0.0016803628380252626,0.0016803628380252626,0.006353069133315321,0.0025675120311618653,0.0016803628380252626,0.0016803628380252626
2024-07-26 00:00:00+00:00,0.0011779540764570327,-0.0001730460478706551,-9.265623501777213e-05,0.0005069511156785564,-0.0001730460478706551,-0.0001730460478706551,-0.00016391653516489163,-0.0014174852603183647,-0.0001730460478706551,-0.0001730460478706551
2024-07-27 00:00:00+00:00,0.0004653879175300807,-0.00013729723228582334,0.0025896596084384,0.0005188785951343828,-0.00013729723228582334,-0.00013729723228582334,-0.0014995233207560753,0.005128322220346392,-0.00013729723228582334,-0.00013729723228582334
2024-07-28 00:00:00+00:00,-0.003668338014073477,-0.00031980507535379747,-0.0015687404862650034,7.438004018504738e-05,-0.00031980507535379747,-0.00031980507535379747,-0.0013922913889616543,-0.0008012916979910598,-0.00031980507535379747,-0.00031980507535379747
2024-07-29 00:00:00+00:00,-0.005961951765638185,-0.000469114935422782,3.698781142673568e-05,0.012555936763746655,-0.000469114935422782,-0.000469114935422782,-0.0007276220507916676,0.005527085949853071,-0.000469114935422782,-0.000469114935422782
2024-07-30 00:00:00+00:00,-0.005619194058205308,-0.0010917282646582974,-0.0020996432461627638,-0.004265856466993658,-0.0010917282646582974,-0.0010917282646582974,-0.0040127777856290205,-0.004200402619487158,-0.0010917282646582974,-0.0010917282646582974
2024-07-31 00:00:00+00:00,0.0038519314950663354,-0.00032851796332363355,0.0017055756709737772,-0.008754033550949879,-0.00032851796332363355,-0.00032851796332363355,0.00119698827781963,-0.0036455333549227516,-0.00032851796332363355,-0.00032851796332363355
2024-08-01 00:00:00+00:00,-0.0033607900126545044,-0.0035175231091268866,-0.010104446084465302,-0.01165007888388872,-0.0035175231091268866,-0.0035175231091268866,0.012400394795532411,-0.024476540036684712,-0.0035175231091268866,-0.0035175231091268866
2024-08-02 00:00:00+00:00,-0.003915599360135195,-0.0011178711565414776,0.0004058103545620951,-0.005352943160423979,-0.0011178711565414776,-0.0011178711565414776,-0.00696778900363634,-0.003287355897794183,-0.0011178711565414776,-0.0011178711565414776
2024-08-03 00:00:00+00:00,0.002281098798795659,-0.010086458068747287,-0.007368038098533075,0.00032196227199394437,-0.0029132283065664327,-0.0029132283065664327,-0.00279806824005266,-0.01884159587739398,-0.0029132283065664327,-0.0029132283065664327
2024-08-04 00:00:00+00:00,-0.0030936924447545113,-0.01554662257984582,-0.012630560969483019,0.00024760244492980457,-0.0044733289807949534,-0.0044733289807949534,0.003113208982329693,-0.005659479195911078,-0.0044733289807949534,-0.0044733289807949534
2024-08-05 00:00:00+00:00,0.003110115964992814,0.00501532186625879,0.000844856876166312,-0.00034070771351567167,0.0025290511169641003,0.0025290511169641003,0.009232538226023651,0.0025290511169641003,0.0025290511169641003,0.0025290511169641003
2024-08-06 00:00:00+00:00,-0.019808231945169813,0.011079336121352142,0.002482028355276241,0.025318352534635106,-0.0005558189672215688,-0.0005558189672215688,-0.018821215468466906,-0.0005558189672215688,-0.0005558189672215688,-0.0005558189672215688
2024-08-07 00:00:00+00:00,0.012225626308549576,0.02867850639394682,0.015765454131730427,0.0001387438741247615,0.004750492684865157,0.004750492684865157,-0.007448274749410248,0.004750492684865157,0.004750492684865157,0.004750492684865157
2024-08-08 00:00:00+00:00,-0.006899918404995672,-0.004016474717455448,0.00028716665995099,-0.00047206189756644767,-0.001173691072573037,-0.001173691072573037,0.0025458587503411033,-0.001173691072573037,-0.001173691072573037,-0.001173691072573037
2024-08-09 00:00:00+00:00,0.00040120706620400636,-0.0009691804836753672,0.002783500568031276,-9.780536597607043e-05,2.2523379769910853e-05,2.2523379769910853e-05,-0.0019675401846370325,2.2523379769910853e-05,2.2523379769910853e-05,2.2523379769910853e-05
2024-08-10 00:00:00+00:00,0.002150157531462771,-0.001914762475006651,-0.0015336062334116395,-0.005839071479337,-0.001914762475006651,-0.001914762475006651,0.004339221565920591,-0.001914762475006651,-0.001914762475006651,-0.001914762475006651
2024-08-11 00:00:00+00:00,-0.002270586844080337,0.0015134779195106465,-0.0030328359783521964,-0.005942702834596809,0.0015134779195106465,0.0015134779195106465,0.008860590705037927,0.0015134779195106465,0.0015134779195106465,0.0015134779195106465
2024-08-12 00:00:00+00:00,0.003140434968202873,0.0002491248294064308,0.006133385082004083,0.006579844037678406,0.0002491248294064308,0.0002491248294064308,-0.004500022217295615,0.0002491248294064308,0.0002491248294064308,0.0002491248294064308
2024-08-13 00:00:00+00:00,-0.00842136611978183,-0.0008552145873248133,-0.005745888971653193,-0.0027940740254841015,-0.0008552145873248133,-0.0008552145873248133,0.005131677638995654,-0.0008552145873248133,-0.0008552145873248133,-0.0008552145873248133
2024-08-14 00:00:00+00:00,0.011704013920992426,-0.0014802382129676089,-0.0025818664362309133,0.007513184078463227,-0.0014802382129676089,-0.0014802382129676089,0.00744447287807349,-0.0014802382129676089,-0.0014802382129676089,-0.0014802382129676089
2024-08-15 00:00:00+00:00,-0.0004985643072793457,0.00019055392512186555,0.005073014502526292,0.004039042030233703,0.00019055392512186555,0.00019055392512186555,-0.007477217881399843,0.00019055392512186555,0.00019055392512186555,0.00019055392512186555
2024-08-16 00:00:00+00:00,0.0028443896369198234,0.0005389870101220781,0.0023048518124969817,0.0038180144218103135,0.0005389870101220781,0.0005389870101220781,-0.0033437399318480563,0.0005389870101220781,0.0005389870101220781,0.0005389870101220781
2024-08-17 00:00:00+00:00,-0.004436795272919289,-0.00013194476547937536,-0.005581642751203576,-0.008957231386874494,-0.00013194476547937536,-0.00013194476547937536,0.000858409752846855,-0.00013194476547937536,-0.00013194476547937536,-0.00013194476547937536
2024-08-18 00:00:00+00:00,0.003851978360138653,0.00087362315378199,0.004031384408835561,0.00889277481343444,0.00087362315378199,0.00087362315378199,-0.004302739341385976,0.00087362315378199,0.00087362315378199,0.00087362315378199
2024-08-19 00:00:00+00:00,-0.022983693421763172,0.000400710419614501,-0.004799992340715839,0.001132296643676044,0.000400710419614501,0.000400710419614501,-0.005298370843201222,0.000400710419614501,0.000400710419614501,0.000400710419614501
2024-08-20 00:00:00+00:00,-0.014279101715496033,0.002156731195064586,0.000654816815915986,0.002145561427548042,0.002156731195064586,0.002156731195064586,-0.004250731094939762,0.002156731195064586,0.002156731195064586,0.002156731195064586
2024-08-21 00:00:00+00:00,-0.014845662889777116,0.0007602023233938671,-0.004965942446473146,-0.002310676018269713,0.0007602023233938671,0.0007602023233938671,-0.0004687936249179051,0.0007602023233938671,0.0007602023233938671,0.0007602023233938671
2024-08-22 00:00:00+00:00,0.006330815606680937,0.006263064058920892,0.009525888898393262,-0.009785630332077914,0.002112168513261249,0.002112168513261249,-0.006848051075568363,0.002112168513261249,0.002112168513261249,0.002112168513261249
2024-08-23 00:00:00+00:00,-0.006660081863327938,-0.004321868698982736,-0.0028909535358222415,-4.599789703891384e-05,0.0009979760121375295,0.0009979760121375295,-0.0016674677663337518,0.0009979760121375295,0.0009979760121375295,0.0009979760121375295
2024-08-24 00:00:00+00:00,0.007683099131048377,-0.00035731717050859423,-0.0003507855158670787,-0.004731812630659136,-0.0012358692832493093,-0.0012358692832493093,0.0015626563789593031,-0.003017776778879281,-0.0012358692832493093,-0.0012358692832493093
2024-08-25 00:00:00+00:00,0.0032121924551054026,0.0012189510123309102,-0.00468489442523513,-0.00017457415209453172,-0.0015955566360697756,-0.0015955566360697756,-0.0036894925383716866,-0.006829682525830596,-0.0015955566360697756,-0.0015955566360697756
2024-08-26 00:00:00+00:00,-0.003846084709796829,-0.004115831386185038,-0.00539775338997241,0.004695763337327087,-0.0027273569366015296,-0.0027273569366015296,-0.0006534106532617753,-0.01201666189905165,-0.0027273569366015296,-0.0027273569366015296
2024-08-27 00:00:00+00:00,0.007709585475856686,-0.0004329367226036717,0.001930047893225753,-0.010997193929620744,-0.0004329367226036717,-0.0004329367226036717,0.0034565215566926743,-0.0014872585449886393,-0.0004329367226036717,-0.0004329367226036717
2024-08-28 00:00:00+00:00,-0.0015925448906294476,-0.0006815873851891603,0.0030000785460631628,-0.0014827664517048028,-0.0003765208264021903,-0.0003765208264021903,-0.004982079841567457,-0.0003765208264021903,-0.0003765208264021903,-0.0003765208264021903
2024-08-29 00:00:00+00:00,0.005060338784712409,-0.0006014303152037183,0.003020814435423778,0.002411907411261232,9.209423972536951e-05,9.209423972536951e-05,-0.011056398558124103,9.209423972536951e-05,9.209423972536951e-05,9.209423972536951e-05
2024-08-30 00:00:00+00:00,3.281464778215026e-05,-0.00025684468829632336,0.0010001392362975455,-0.0014229354149847993,-0.00025684468829632336,-0.00025684468829632336,-0.003237331528126942,-0.00025684468829632336,-0.00025684468829632336,-0.00025684468829632336
2024-08-31 00:00:00+00:00,-0.0031814024575845955,-0.0020143005814071717,-0.0014685509825602572,-0.00505979315843083,-0.0020143005814071717,-0.0020143005814071717,-0.00356491157080589,-0.0020143005814071717,-0.0020143005814071717,-0.0020143005814071717
2024-09-01 00:00:00+00:00,0.007130367366295976,0.001355345266595931,0.002693275922920351,0.0026148924124467566,0.001355345266595931,0.001355345266595931,0.00362524241810808,0.001355345266595931,0.001355345266595931,0.001355345266595931
2024-09-02 00:00:00+00:00,0.0022572322608482276,-0.004796187408313153,0.0020662150732258517,-0.0031544606029766022,-0.0014806800924376912,-0.0014806800924376912,-0.013523948890067257,-0.0014806800924376912,-0.0014806800924376912,-0.0014806800924376912
2024-09-03 00:00:00+00:00,0.014102179323342038,-0.0008681146691549642,-0.0037869867479993886,0.0034366029571838035,-0.00013188634491926603,-0.00013188634491926603,0.014385164916473275,-0.00013188634491926603,-0.00013188634491926603,-0.00013188634491926603
2024-09-04 00:00:00+00:00,-0.004179004968049229,-0.0009981065962542644,-0.0030330318868235853,0.0018916280474541758,-0.0009981065962542644,-0.0009981065962542644,-0.001908149476020104,-0.0009981065962542644,-0.0009981065962542644,-0.0009981065962542644
2024-09-05 00:00:00+00:00,-0.016437253191381368,-0.004428029592090727,-0.008555023230457658,0.000949596605801321,-0.0017202428848533667,-0.0017202428848533667,0.005699901359112209,-0.0017202428848533667,-0.0017202428848533667,-0.0017202428848533667
2024-09-06 00:00:00+00:00,0.005017228183824941,-0.0011450736045510574,-0.004114828072316736,0.006252954177300111,0.0006849785345539618,0.0006849785345539618,0.005353612314634902,0.0006849785345539618,0.0006849785345539618,0.0006849785345539618
2024-09-07 00:00:00+00:00,-0.00362076438134991,-0.003135620161515533,-0.0035073228710746445,0.005749237282571569,0.0010398640854102782,0.0010398640854102782,0.002588265015208848,0.0010398640854102782,0.0010398640854102782,0.0010398640854102782
2024-09-08 00:00:00+00:00,-0.003733461326083985,1.1367591373893406e-06,0.009557239658921813,-0.011036843193628557,0.001530753810757288,0.001530753810757288,-0.018322184867420422,0.001530753810757288,0.001530753810757288,0.001530753810757288
2024-09-09 00:00:00+00:00,-0.000986487569041657,0.00026285402104759225,4.9908006038651333e-05,-0.0011457016118412672,0.00026285402104759225,0.00026285402104759225,-0.00021552114663761957,0.00026285402104759225,0.00026285402104759225,0.00026285402104759225
2024-09-10 00:00:00+00:00,0.0040707646298330695,-0.00037619396431118915,0.004382218503183834,-0.0031822294597565583,-0.00037619396431118915,-0.00037619396431118915,0.009062063448797978,-0.00037619396431118915,-0.00037619396431118915,-0.00037619396431118915
2024-09-11 00:00:00+00:00,0.00625943467212324,0.0008774565430429886,0.0025009577697463164,-0.0040844538236705094,0.0008774565430429886,0.0008774565430429886,-0.0004774532413039384,0.0008774565430429886,0.0008774565430429886,0.0008774565430429886
2024-09-12 00:00:00+00:00,0.0023133650730390457,0.0013859837483630327,0.009044566806570207,0.0014013416828565568,0.0013859837483630327,0.0013859837483630327,-0.012928592285469808,0.0013859837483630327,0.0013859837483630327,0.0013859837483630327
2024-09-13 00:00:00+00:00,0.0007552462134900298,1.48454726435418e-06,0.0002674263802324696,0.0015808176143914773,1.48454726435418e-06,1.48454726435418e-06,-0.0047374779142187965,1.48454726435418e-06,1.48454726435418e-06,1.48454726435418e-06
2024-09-14 00:00:00+00:00,-0.009220156825909317,-0.0014538627566280159,0.0024002788900133474,-0.000904044685517763,-0.0014538627566280159,-0.0014538627566280159,-0.0009511979872034805,-0.0014538627566280159,-0.0014538627566280159,-0.0014538627566280159
2024-09-15 00:00:00+00:00,0.002236932050345512,-0.000607776385474762,-0.0060991495203452884,-0.005384147127128948,-0.000607776385474762,-0.000607776385474762,-0.0007075229857879176,-0.000607776385474762,-0.000607776385474762,-0.000607776385474762
2024-09-16 00:00:00+00:00,0.007718569287150235,0.00041624893168297494,0.00784096839496609,0.00426697363753795,0.00041624893168297494,0.00041624893168297494,-0.002782042570070229,0.00041624893168297494,0.00041624893168297494,0.00041624893168297494
2024-09-17 00:00:00+00:00,-0.00048541361113165686,0.000990250721046792,0.003454952283246399,0.0006309535701389092,0.000990250721046792,0.000990250721046792,-0.0009669801289691941,0.000990250721046792,0.000990250721046792,0.000990250721046792
2024-09-18 00:00:00+00:00,0.003972981460481864,0.0014191146195012925,-0.0030810415670509796,-0.0038643384718348105,0.0014191146195012925,0.0014191146195012925,-0.0041116849715698706,0.0014191146195012925,0.0014191146195012925,0.0014191146195012925
2024-09-19 00:00:00+00:00,0.0005417617619347886,0.0006892009516862006,-0.003915007480560735,-0.004144500107562173,0.0006892009516862006,0.0006892009516862006,-0.0056558424782819335,0.0006892009516862006,0.0006892009516862006,0.0006892009516862006
2024-09-20 00:00:00+00:00,0.005485775271438253,0.0033035338921553496,0.0030362138244708213,-0.002482687181959579,0.000703863405385201,0.000703863405385201,-0.0029857841937180173,0.000703863405385201,0.000703863405385201,0.000703863405385201
2024-09-21 00:00:00+00:00,-0.0018947071197395813,0.002157986152783038,0.004702994979761943,-0.005179835387194821,-0.0005724857807941693,-0.0005724857807941693,0.003545408546323824,-0.0005724857807941693,-0.0005724857807941693,-0.0005724857807941693
2024-09-22 00:00:00+00:00,-0.003239123868527985,-0.003080945558004675,-0.0025827424272545003,0.00415633056141566,0.00046673671376292614,0.00046673671376292614,-0.0017967190342985826,0.00046673671376292614,0.00046673671376292614,0.00046673671376292614
2024-09-23 00:00:00+00:00,-0.0013757037236222765,0.0069446447002544775,-0.001876594170495533,-0.0005651333545710813,0.0014980420560818041,0.0014980420560818041,-0.003982992581911528,0.0014980420560818041,0.0014980420560818041,0.0014980420560818041
2024-09-24 00:00:00+00:00,-0.006349301351264022,0.00032336503186154134,-0.0010093279366480397,-0.007291958835127909,-0.0008330344245538287,-0.0008330344245538287,-0.004914390368671586,-0.0008330344245538287,-0.0008330344245538287,-0.0008330344245538287
2024-09-25 00:00:00+00:00,-0.0009902967367305168,-0.007668806721493477,0.0023864963754006933,0.008904942472402389,0.0017342720336132984,0.0017342720336132984,-0.006326272582619208,0.0035908856249401424,0.0017342720336132984,0.0017342720336132984
2024-09-26 00:00:00+00:00,-0.004872447763373407,-0.0004146645411657779,0.0016232673388079453,0.0007263138977001247,0.0008181919762700791,0.0008181919762700791,-0.004036007438340037,-0.0001603851913934474,0.0008181919762700791,0.0008181919762700791
2024-09-27 00:00:00+00:00,0.00977849076359615,-0.002795317014925049,0.0017585740633586583,-0.0015561218845534387,-0.0001900982807530916,-0.0001900982807530916,0.0007297483094101363,0.0036193367728601573,-0.0001900982807530916,-0.0001900982807530916
2024-09-28 00:00:00+00:00,0.006343258187116376,0.009098789595672818,-0.00018259915208020865,-0.0067549419847059014,-0.00016459212387673092,-0.00016459212387673092,0.001100517425669783,0.0007461748846615451,-0.00016459212387673092,-0.00016459212387673092
2024-09-29 00:00:00+00:00,-0.0012921176785940537,0.0020538292168560592,-0.00844711309972506,-0.01849704281538349,-0.002276555931808439,-0.002276555931808439,0.018485953601739824,-0.01394080790881236,-0.002276555931808439,-0.002276555931808439
2024-09-30 00:00:00+00:00,0.0026978267357834432,-0.0024773981287528174,-0.004687047775514947,-0.007592910669737453,-0.0025365939571825188,-0.0025365939571825188,0.0023955596207359893,-0.010293487378917648,-0.0025365939571825188,-0.0025365939571825188
2024-10-01 00:00:00+00:00,-0.007121439030764442,-0.0019000959004992096,0.0010420886018337157,-0.01220613587494534,-0.0011822607437052771,-0.0011822607437052771,0.008938190309553132,-0.0021427735544279577,-0.0011822607437052771,-0.0011822607437052771
2024-10-02 00:00:00+00:00,-0.004292858779882456,-0.00034810905177464245,0.002477813876199989,-0.011360615620961087,-0.00034810905177464245,-0.00034810905177464245,0.005361045044812702,-0.00034810905177464245,-0.00034810905177464245,-0.00034810905177464245
2024-10-03 00:00:00+00:00,0.0039035189382318775,0.0017144962557439857,0.0008132524369312895,-0.0010863100810686577,0.0013047789855616867,0.0013047789855616867,-0.0008559893060481636,0.0013047789855616867,0.0013047789855616867,0.0013047789855616867
2024-10-04 00:00:00+00:00,0.00032169110097766984,-0.001540211977097212,0.002906348544169667,-0.0017051922417432057,1.7662400635369523e-05,1.7662400635369523e-05,-0.0062278166692781994,1.7662400635369523e-05,1.7662400635369523e-05,1.7662400635369523e-05
2024-10-05 00:00:00+00:00,0.000642514940674083,-7.378475753769449e-05,-2.801887925876527e-05,0.004095910550099788,0.0006658428053346366,0.0006658428053346366,-0.0019246072767346847,0.0006658428053346366,0.0006658428053346366,0.0006658428053346366
2024-10-06 00:00:00+00:00,-0.0020711902182191633,-0.000577868185643833,-0.002730796454266875,-0.00263010997705282,-0.000577868185643833,-0.000577868185643833,-0.0019246808375237789,-0.000577868185643833,-0.000577868185643833,-0.000577868185643833
2024-10-07 00:00:00+00:00,0.0007801747007571097,-0.0001088446730775346,0.0038625015379582677,-0.005093151302420414,-0.0001088446730775346,-0.0001088446730775346,-0.005622117556295447,-0.0001088446730775346,-0.0001088446730775346,-0.0001088446730775346
2024-10-08 00:00:00+00:00,-0.0046121893855192615,-0.0009064258334189653,-0.003375425446360745,-0.00014597663858337544,-0.0009064258334189653,-0.0009064258334189653,0.00034714832706037903,-0.0009064258334189653,-0.0009064258334189653,-0.0009064258334189653
2024-10-09 00:00:00+00:00,-0.001792925809869356,7.049770831965632e-05,-0.002416184052431353,-0.0031335116741143644,7.049770831965632e-05,7.049770831965632e-05,-0.0003241971621974985,7.049770831965632e-05,7.049770831965632e-05,7.049770831965632e-05
2024-10-10 00:00:00+00:00,0.004958608988780257,0.0012400463333525316,0.0026119196315103304,-0.0020606306992175232,0.0012400463333525316,0.0012400463333525316,0.002574766933473372,0.0012400463333525316,0.0012400463333525316,0.0012400463333525316
2024-10-11 00:00:00+00:00,-0.0006696852409425868,0.00046572325979309055,-0.0002409029109940071,-0.0023064765766162257,0.00046572325979309055,0.00046572325979309055,-0.0019193039914618736,0.00046572325979309055,0.00046572325979309055,0.00046572325979309055
2024-10-12 00:00:00+00:00,-0.000920486553891894,-0.00023407382573821165,-0.0035564356779260726,0.0003602921445909139,-0.00023407382573821165,-0.00023407382573821165,-0.0012226091092796718,-0.00023407382573821165,-0.00023407382573821165,-0.00023407382573821165
2024-10-13 00:00:00+00:00,0.004810688079499648,0.0017872745707563245,0.008020426713568146,-0.012409656447220545,0.0017872745707563245,0.0017872745707563245,0.009795073360558623,0.0017872745707563245,0.0017872745707563245,0.0017872745707563245
2024-10-14 00:00:00+00:00,0.00018275826544538135,7.836290401221409e-05,0.009672904600977928,0.003095449984337203,7.836290401221409e-05,7.836290401221409e-05,-0.003235280122516326,7.836290401221409e-05,7.836290401221409e-05,7.836290401221409e-05
2024-10-15 00:00:00+00:00,0.00518498015970595,-0.00024010069583905509,0.0039006289592584133,0.0016372103648431325,-0.00024010069583905509,-0.00024010069583905509,-0.001909304405225591,0.003326132207741377,-0.00024010069583905509,-0.00024010069583905509
2024-10-16 00:00:00+00:00,2.8950877175389208e-05,-0.0005186991415538952,0.0039449032395233105,0.007113349666713124,-0.0005186991415538952,-0.0005186991415538952,-0.003491789067037494,0.002993616737902209,-0.0005186991415538952,-0.0005186991415538952
2024-10-17 00:00:00+00:00,-2.4421161257129695e-07,0.0007385576138497955,0.0001761321151660888,-0.002252745609792441,0.0007385576138497955,0.0007385576138497955,0.006128401456037629,-0.0003476758491733603,0.0007385576138497955,0.0007385576138497955
2024-10-18 00:00:00+00:00,-0.0005646953140045813,-0.005769381825393745,-0.0005608769185233912,0.0005640577508258732,0.00033704884771447837,0.00033704884771447837,-0.005344801722819282,-0.0010156178150676428,0.00033704884771447837,0.00033704884771447837
2024-10-19 00:00:00+00:00,-0.0026448457577614133,0.007077981245221835,-0.004266104511882179,-0.009617815253182543,0.0011303425358321186,0.0011303425358321186,0.0034829829666660995,-0.002283674896301986,0.0011303425358321186,0.0011303425358321186
2024-10-20 00:00:00+00:00,-0.0019216477139401362,0.008215286306402309,-0.003757566460775418,-0.011994255225351316,-0.0005873456945976542,-0.0005873456945976542,-0.0268855495166118,-0.00030420027021599424,-0.0005873456945976542,-0.0005873456945976542
2024-10-21 00:00:00+00:00,0.00030902311929785064,-0.002948549430370518,-0.00183276543699006,-0.0008810274588838963,-0.00020051782892500675,-0.00020051782892500675,0.0028484757779263124,-0.00340440519460065,-0.00020051782892500675,-0.00020051782892500675
2024-10-22 00:00:00+00:00,0.007285952093673511,0.0009462523220569354,0.001229914303157741,0.009952127987793439,-0.0010631141965267274,-0.0010631141965267274,0.004753408018099337,-0.0027245683666897525,-0.0010631141965267274,-0.0010631141965267274
2024-10-23 00:00:00+00:00,0.00600160430110509,0.0002287701910195826,0.00564517641034329,0.011256888884325992,0.0005320917650690522,0.0005320917650690522,-0.004856935831846499,0.0067625505027607636,0.0005320917650690522,0.0005320917650690522
2024-10-24 00:00:00+00:00,-0.0036986916242597047,-0.0028870519312279254,0.0024996224728831705,-0.00015540865538893691,-0.0023118538754312826,-0.0023118538754312826,0.0048864952679770314,-0.0051847466583455504,-0.0023118538754312826,-0.0023118538754312826
2024-10-25 00:00:00+00:00,0.005461550257794985,-0.005434017647481016,-0.0014173702315243575,-0.0038353403417385095,0.0005668500892610434,0.0005668500892610434,0.003745026859549419,-0.0002950417483512035,0.0005668500892610434,0.0005668500892610434
2024-10-26 00:00:00+00:00,0.0037413545622879715,-0.0027753919112081284,0.0014607840802134762,0.0035159247436233874,0.0007026865173711227,0.0007026865173711227,-0.002392289127834917,0.002459505270217509,0.0007026865173711227,0.0007026865173711227
2024-10-27 00:00:00+00:00,0.004003783016783034,-0.000523608899205076,0.003119065531797484,0.0009101116911301094,0.0005291998386221647,0.0005291998386221647,0.001736782649214953,0.005382028165788736,0.0005291998386221647,0.0005291998386221647
2024-10-28 00:00:00+00:00,0.0014663079748530683,0.001232622065890771,0.00262786790924635,-0.0020446538736503105,0.001232622065890771,0.001232622065890771,-0.002373356753060228,0.009163774359632965,0.001232622065890771,0.001232622065890771
2024-10-29 00:00:00+00:00,-0.008477942252728188,-0.0002756079372854464,-0.0037750806079670874,-0.002886473528118046,-0.0002756079372854464,-0.0002756079372854464,-0.00037477534574630066,-0.002454576166951616,-0.0002756079372854464,-0.0002756079372854464
2024-10-30 00:00:00+00:00,0.002952543175999101,-0.002793600286808827,0.005356017801495561,-0.0059363306454578045,-0.0018601479605460899,-0.0018601479605460899,0.0034556992637925126,-0.00560735405278314,-0.0018601479605460899,-0.0018601479605460899
2024-10-31 00:00:00+00:00,0.0013899508071302654,0.0032914902798239255,-0.0030287395916036757,-0.0032639312750056457,-4.9173850774782626e-05,-4.9173850774782626e-05,0.0005209077192154514,-0.0032197916848298947,-4.9173850774782626e-05,-4.9173850774782626e-05
2024-11-01 00:00:00+00:00,-0.0007107509605036299,-0.001066999185396488,0.002199840124147068,0.004148444012024548,-0.0004196431194245075,-0.0004196431194245075,-0.005732919048298364,0.0006041139594332329,-0.0004196431194245075,-0.0004196431194245075
2024-11-02 00:00:00+00:00,0.00046533709341728597,-0.0010836925876167634,0.0052903107316501444,0.0013516646182639722,-0.0010836925876167634,-0.0010836925876167634,0.004556362832061627,-0.0013793032634577638,-0.0010836925876167634,-0.0010836925876167634
2024-11-03 00:00:00+00:00,0.0010409099775389565,-0.000350837962758457,0.004884522611844744,-0.0009915541528724278,-0.0009317049263378265,-0.0009317049263378265,-0.0026124615668078315,-5.520475260033513e-06,-0.0009317049263378265,-0.0009317049263378265
2024-11-04 00:00:00+00:00,0.002460276489175246,0.0011189011884294214,-0.005179215047275302,-0.001326821033583903,0.001265831535799703,0.001265831535799703,0.0016790180581329854,0.001662794484426824,0.001265831535799703,0.001265831535799703
2024-11-05 00:00:00+00:00,0.007830297133632563,0.007749422813245121,-0.009936176710466081,-0.007503747101036371,0.0037894029782053282,0.0037894029782053282,0.009725822542176939,0.011176766989961671,0.0037894029782053282,0.0037894029782053282
2024-11-06 00:00:00+00:00,-0.01678383426003563,-9.567238428563368e-05,-0.012738623658688372,-0.0033552588368140797,0.0014336464823179265,0.0014336464823179265,-0.0016005741189446302,-0.006573696737463468,0.0014336464823179265,0.0014336464823179265
2024-11-07 00:00:00+00:00,-0.009005925650017448,0.0032178367184131614,-0.01189191863789415,0.004652678705845721,-0.005623393583841698,0.0016188818528097729,-0.007373036598115099,-0.004377660761082499,0.0016188818528097729,0.0016188818528097729
2024-11-08 00:00:00+00:00,-0.020567665715122977,-0.011853774072745142,-0.010623381101156711,-0.003958546126262086,0.014557326864090997,0.0016136566557331121,0.013101168399923606,-0.0035530247318538264,0.0016136566557331121,0.0016136566557331121
2024-11-09 00:00:00+00:00,-0.007566571211087105,-0.022144549789543697,-0.01427251213654918,0.01974988623850895,0.0022225299036981584,0.0028810935007763335,-0.038223629386409025,0.005767403191339291,0.0028810935007763335,0.0028810935007763335
2024-11-10 00:00:00+00:00,0.01848968381531268,0.0007426457842624086,-0.00727584678772588,-0.004411354804868386,0.002968564387976182,0.002968564387976182,-0.011366440866593155,0.02063850638928736,0.002968564387976182,0.002968564387976182
2024-11-11 00:00:00+00:00,0.018321832002123697,0.0025927205499972172,0.010325772421094503,-0.01984252117327669,-0.020209150632415053,-0.0017343769194520583,-0.0011751471743226506,0.0072626638966114656,-0.0017343769194520583,-0.0017343769194520583
2024-11-12 00:00:00+00:00,0.006520176426540681,0.002488313430572953,-0.0014442388821050032,0.011238493278636125,0.006934000408409254,-0.0006479396814577745,0.009093444037029039,0.004320142784536561,-0.0006479396814577745,-0.0006479396814577745
2024-11-13 00:00:00+00:00,0.010597629452137255,-0.004810080144189057,-0.0004812428255860028,-0.0063890508004692155,0.019477357312108638,-0.0004812428255860028,-0.011272686854554844,0.0073023332795719795,-0.0004812428255860028,-0.0004812428255860028
2024-11-14 00:00:00+00:00,-0.0035935422698980214,-0.008808567974530055,0.0030680399790769066,0.028674297789088286,0.002292304981454361,0.0030680399790769066,-0.022182712835723026,0.006161042698295394,0.0030680399790769066,0.0030680399790769066
2024-11-15 00:00:00+00:00,0.00018846181862843328,-0.05981122662786803,0.0032527951811187708,-0.011746155078601765,0.0032527951811187708,0.0032527951811187708,-0.021536929020332888,0.015854861157339317,0.0032527951811187708,0.0032527951811187708
2024-11-16 00:00:00+00:00,0.006404638397177634,0.008053642311827964,-0.0013834627370656334,-0.0020860150333158623,-0.0004300370710233304,-0.0013834627370656334,0.005779476037820422,-0.007766310654209761,-0.0013834627370656334,-0.0013834627370656334
2024-11-17 00:00:00+00:00,-0.010550353824892935,-0.00223248590128255,0.0022632790904796567,0.013303898967667507,0.00415392747760153,0.0022632790904796567,-0.020113122856487618,0.001419490765555261,0.0022632790904796567,0.0022632790904796567
2024-11-18 00:00:00+00:00,0.004622201355913107,-0.000289311706970676,-0.000917908739448653,0.006805782942832777,-0.001772863667243539,-0.000917908739448653,-0.006022555218155944,0.0049471102789631636,-0.000917908739448653,-0.000917908739448653
2024-11-19 00:00:00+00:00,-0.006521966243244666,0.0017556448456602161,-0.0001656062943558483,0.012930026684977149,-0.0001656062943558483,-0.0001656062943558483,0.006496149039929649,0.0008612194274991545,-0.0001656062943558483,-0.0001656062943558483
2024-11-20 00:00:00+00:00,0.008036947143365482,0.001674880123345552,0.002701039552195927,0.005945273998394281,0.002701039552195927,0.002701039552195927,0.002589675381052441,0.008801177548604162,0.002701039552195927,0.002701039552195927
2024-11-21 00:00:00+00:00,-0.020824702637133343,0.004426477536294845,0.004426477536294845,0.039694041977011596,0.004426477536294845,0.004426477536294845,-0.020084239640182938,-0.005607957767718991,0.004426477536294845,0.004426477536294845
2024-11-22 00:00:00+00:00,-0.011990161653772365,0.0020146245235473335,0.0020146245235473335,0.007166085137288661,0.0020146245235473335,0.0020146245235473335,0.0029361982039150594,0.0027385735350007492,0.0020146245235473335,0.0020146245235473335
2024-11-23 00:00:00+00:00,-0.0008591891342102311,0.002729353043205305,0.0002172159245592716,-0.006696054619490176,0.0002172159245592716,0.0002172159245592716,-0.009227760071984665,0.002754721107740528,0.0002172159245592716,0.0002172159245592716
2024-11-24 00:00:00+00:00,-0.012898389641031044,0.02067343759721734,-0.002148450148670987,-0.01258825272572331,-0.002058646506578577,-0.002148450148670987,0.007186054596984542,-0.012659220124986107,-0.002148450148670987,-0.002148450148670987
2024-11-25 00:00:00+00:00,-0.007114863674823779,0.004649585266215205,-0.0001261469606830831,0.009600733361711074,-0.0008157781824182345,-0.0001261469606830831,0.003545086704043293,-0.007457665686408964,-0.0001261469606830831,-0.0001261469606830831
2024-11-26 00:00:00+00:00,0.0023154769179707722,0.0011271378890247783,0.0023420167485231082,0.004108338230666652,0.0023420167485231082,0.0023420167485231082,0.002181426983692147,0.008873761019903522,0.0023420167485231082,0.0023420167485231082
2024-11-27 00:00:00+00:00,0.0008176732043640173,-0.00016886856003451252,-0.00016886856003451252,0.0004737288403146788,-0.00016886856003451252,-0.00016886856003451252,0.005139736995755113,0.005191266196821363,-0.00016886856003451252,-0.00016886856003451252
2024-11-28 00:00:00+00:00,0.0037282800470836894,0.005236922731587401,0.002254472291837512,0.014744503722130297,0.002254472291837512,0.002254472291837512,-0.013293342592096089,0.008131747750410485,0.002254472291837512,0.002254472291837512
2024-11-29 00:00:00+00:00,0.005404757123804822,-0.0006492560528272226,0.0003029331437789228,0.004193614592100358,0.0003029331437789228,0.0003029331437789228,0.00902678667010346,-0.0016159721612522327,0.0003029331437789228,0.0003029331437789228
2024-11-30 00:00:00+00:00,-0.0035585022608952293,0.0019923993538258763,0.0019923993538258763,0.01784119366064707,0.0019923993538258763,0.0019923993538258763,-0.016660808311140134,0.010365033005958976,0.0019923993538258763,0.0019923993538258763
2024-12-01 00:00:00+00:00,-0.02878482841314779,0.0038519066057339174,0.0038519066057339174,0.02823420055378721,0.0038519066057339174,0.0038519066057339174,-0.019660044791922748,-0.009977917481790633,0.0038519066057339174,0.0038519066057339174
2024-12-02 00:00:00+00:00,0.018221422661971385,0.010519361729071294,-0.0004727872544058223,-0.029785960967847476,-0.0004727872544058223,-0.0004727872544058223,0.023555703825903725,0.013093509271314325,-0.0004727872544058223,-0.0004727872544058223
2024-12-03 00:00:00+00:00,-0.009142556204504599,0.009410093922801083,0.0006747788520751067,-0.0010780281339678307,-0.008749226208324823,0.0006747788520751067,-0.012435369762809456,0.0021290836387122267,0.0006747788520751067,0.0006747788520751067
2024-12-04 00:00:00+00:00,-0.002951373249110439,0.0030724666562589264,-0.0009929706483362795,-0.003141515194835013,-0.007142745342183442,-0.0009929706483362795,-0.006375191742373231,-0.005777280213793547,-0.0009929706483362795,-0.0009929706483362795
2024-12-05 00:00:00+00:00,0.006853228100989874,0.0039920976497817276,0.002236192974173627,0.008634230591454434,0.001613617462947519,0.002236192974173627,-0.0018638120493275965,0.005742691507710869,0.002236192974173627,0.002236192974173627
2024-12-06 00:00:00+00:00,0.009576298050498403,-0.0008045829283442824,-0.00011700432234097029,0.0006990726566605081,-0.00011700432234097029,-0.00011700432234097029,0.002281762398987478,0.0057443053042520184,-0.00011700432234097029,-0.00011700432234097029
2024-12-07 00:00:00+00:00,-0.0013727133287977289,0.0003238607018729807,0.0003238607018729807,-0.0010296595301800093,0.0003238607018729807,0.0003238607018729807,-0.00013331562171184927,-0.0008613030859479044,0.0003238607018729807,0.0003238607018729807
2024-12-08 00:00:00+00:00,0.006312404923258584,-0.006805167636790444,-0.006805167636790444,-0.02676186981362919,-0.006805167636790444,-0.006805167636790444,0.01260465363505984,-0.006219164055206332,-0.006805167636790444,-0.006805167636790444
2024-12-09 00:00:00+00:00,0.0063900934049624745,-0.00018599013283714815,-0.00018599013283714815,0.0077274914290489435,-0.00018599013283714815,-0.00018599013283714815,-0.0027335289185913695,-0.0013300817546181923,-0.00018599013283714815,-0.00018599013283714815
2024-12-10 00:00:00+00:00,0.00022709289745952946,0.0023994634621543956,0.002878680779713741,-0.0018693731730563975,0.002878680779713741,0.002878680779713741,-0.005951646356556484,0.0064650325135719435,0.002878680779713741,0.002878680779713741
2024-12-11 00:00:00+00:00,-0.004083719126420284,-0.0032643034254094204,0.001574146964080607,0.02323227763189191,0.001574146964080607,0.001574146964080607,-0.0027446887959649375,-0.011541592776386122,0.001574146964080607,0.001574146964080607
2024-12-12 00:00:00+00:00,0.0012792959812217958,-0.0003189406493418169,0.000476019690305394,-0.002269077983184987,0.000476019690305394,0.000476019690305394,-0.0012630393385756236,0.008537019637662938,0.000476019690305394,0.000476019690305394
2024-12-13 00:00:00+00:00,0.006139290306945735,-0.01211365744381656,-0.0012909350395989723,-0.002181391621516768,-0.0012909350395989723,-0.0012909350395989723,0.008646696052157277,0.003530015566971279,-0.0012909350395989723,-0.0012909350395989723
2024-12-14 00:00:00+00:00,0.002454840553415555,0.0002715288606534496,0.001012007576203068,-0.0055457143297726365,0.001012007576203068,0.001012007576203068,-0.009268855931014048,0.0036095646925117545,0.001012007576203068,0.001012007576203068
2024-12-15 00:00:00+00:00,0.005640098126191466,-0.0007190452033012978,-0.0007190452033012978,0.003664222871282764,-0.0007190452033012978,-0.0007190452033012978,0.007685809246450545,0.006945897779585326,-0.0007190452033012978,-0.0007190452033012978
2024-12-16 00:00:00+00:00,-0.0007469121981081023,-0.0012340837373261643,-0.00025190138585080423,-0.0005430974925182451,-0.00025190138585080423,-0.00025190138585080423,-0.0035222456485434405,0.0025116265526629786,-0.00025190138585080423,-0.00025190138585080423
2024-12-17 00:00:00+00:00,0.0016322400329554065,0.000286601758675506,-0.004306120725880202,-0.013028424332630312,-0.004306120725880202,-0.004306120725880202,0.001005253289474638,-0.009045981261501893,-0.004306120725880202,-0.004306120725880202
2024-12-18 00:00:00+00:00,0.002426503840804794,-0.0035986284641254308,-0.0033452564292077176,0.004801655874741129,-0.0033452564292077176,-0.0033452564292077176,0.0017536061616142476,0.00019675819319852492,-0.0033452564292077176,-0.0033452564292077176
2024-12-19 00:00:00+00:00,0.0010576224543010456,-0.0038807585590255158,0.0011458940896762577,-0.001955710819663628,0.0011458940896762577,0.0011458940896762577,0.0034118742870953653,-0.0007400872691294748,0.0011458940896762577,0.0011458940896762577
2024-12-20 00:00:00+00:00,-0.0014173436861196907,-0.01485042723956772,-0.0018431214621305555,0.00814604990189277,-0.0018431214621305555,-0.0018431214621305555,-0.00035669536167343813,0.004298392689760734,-0.0018431214621305555,-0.0018431214621305555
2024-12-21 00:00:00+00:00,-0.001383735010322483,0.001565552046231078,-0.0007574411413504366,-0.0016029146054146867,-0.0007574411413504366,-0.0007574411413504366,0.005251336727878318,-0.005083999169873816,-0.0007574411413504366,-0.0007574411413504366
2024-12-22 00:00:00+00:00,-0.009716070552151884,0.0048224442456356745,0.002781725195642761,-0.00195733459919472,0.002781725195642761,0.002781725195642761,-0.0030862342826550315,0.0005073414437145699,0.002781725195642761,0.002781725195642761
2024-12-23 00:00:00+00:00,0.0060012640115688284,-0.0024980232922731304,0.0011895290744026066,-0.0006819859168240607,0.0011895290744026066,0.0011895290744026066,-0.0034570892905233484,0.0038663857881050903,0.0011895290744026066,0.0011895290744026066
2024-12-24 00:00:00+00:00,-0.002394235701513474,-0.0015568409452273628,-0.0004611333318479798,-0.00018080524536869707,-0.0004611333318479798,-0.0004611333318479798,-0.0005294730398449352,0.003878494340421343,-0.0004611333318479798,-0.0004611333318479798
2024-12-25 00:00:00+00:00,-0.0046940586581395655,-0.002840928295205901,-0.002840928295205901,0.0014971273893988823,-0.002840928295205901,-0.002840928295205901,0.0033396531832887454,-0.00397019888897788,-0.002840928295205901,-0.002840928295205901
2024-12-26 00:00:00+00:00,-0.006970269969704657,-0.0005200907068527694,-0.0005200907068527694,-0.005719042992740962,-0.0005200907068527694,-0.0005200907068527694,-0.0004678915134241205,-0.0012407869959996823,-0.0005200907068527694,-0.0005200907068527694
2024-12-27 00:00:00+00:00,0.001681601640083473,0.0010210780042809217,0.0010210780042809217,-0.0010720912420033115,0.0010210780042809217,0.0010210780042809217,0.003976982152606289,0.0012302330449472626,0.0010210780042809217,0.0010210780042809217
2024-12-28 00:00:00+00:00,-0.002397464899794111,-0.0014567516233487618,-0.0014567516233487618,-0.0021169580913329607,-0.0014567516233487618,-0.0014567516233487618,-0.011455580115716013,-0.0028277451309633456,-0.0014567516233487618,-0.0014567516233487618
2024-12-29 00:00:00+00:00,-0.00329410391536447,-0.0002479873432556544,-0.0002479873432556544,-0.0015348571179123484,-0.0002479873432556544,-0.0002479873432556544,-0.007021001050294805,-0.0015890798516907834,-0.0002479873432556544,-0.0002479873432556544
2024-12-30 00:00:00+00:00,0.001640022293924821,-0.0002836322348511626,-0.0002836322348511626,0.0023170985414680567,-0.0002836322348511626,-0.0002836322348511626,0.006184144681025057,0.003297675196874307,-0.0002836322348511626,-0.0002836322348511626
2024-12-31 00:00:00+00:00,0.0055862104574300265,0.002441608085314202,0.002441608085314202,-0.004470496331673898,0.002441608085314202,0.002441608085314202,0.003097998139366558,0.000909109289229624,0.002441608085314202,0.002441608085314202
2025-01-01 00:00:00+00:00,0.0015527332815462864,0.0012472016793993019,0.0012472016793993019,-0.009511835319583023,0.0012472016793993019,0.0012472016793993019,-0.0027885701310192317,-0.000795353686168058,0.0012472016793993019,0.0012472016793993019
2025-01-02 00:00:00+00:00,-0.0015959316374722018,0.002847772709527262,0.002847772709527262,-0.015107190843176993,0.002847772709527262,0.002847772709527262,-0.011579868139359623,-0.002726104376975991,0.002847772709527262,0.002847772709527262
2025-01-03 00:00:00+00:00,-0.001368666174753024,-0.0001986086187394097,-0.0001986086187394097,-0.003000236498590286,-0.0001986086187394097,-0.0001986086187394097,0.005222429992491429,-0.0019147822879419546,-0.0001986086187394097,-0.0001986086187394097
2025-01-04 00:00:00+00:00,-0.0008534708241567954,0.0001863166029097267,0.0001863166029097267,-0.0021572744258933204,0.0001863166029097267,0.0001863166029097267,-0.0011270061365768575,3.078921417109982e-05,0.0001863166029097267,0.0001863166029097267
2025-01-05 00:00:00+00:00,0.0020307954072073106,0.0006032629956695468,0.0006032629956695468,8.111006266480435e-05,0.0006032629956695468,0.0006032629956695468,-0.002743174731433893,0.008253082572999906,0.0006032629956695468,0.0006032629956695468
2025-01-06 00:00:00+00:00,-0.00036288549556298124,-0.004116598695316825,-0.004116598695316825,0.004237099670215307,-0.004116598695316825,-0.004116598695316825,0.0020670371543068276,-0.004920144905949999,-0.004116598695316825,-0.004116598695316825
2025-01-07 00:00:00+00:00,-0.00195566884287852,0.0008771582272553487,-0.0011096789966522226,0.0031409714757782434,-0.0011096789966522226,-0.0011096789966522226,-0.0018702679866211857,0.0015489372767464318,-0.0011096789966522226,-0.0011096789966522226
2025-01-08 00:00:00+00:00,-0.010600674854108465,-0.0019530618516306324,-0.0014301322982670983,-0.0012648363600111288,0.00114652349098091,-0.0014301322982670983,-0.009316555240699501,-0.0010491212401436882,-0.0014301322982670983,-0.0014301322982670983
2025-01-09 00:00:00+00:00,0.001903515721415377,0.0010440820983580075,0.0010440820983580075,-0.0017933256860192311,0.0004138853153064419,0.0010440820983580075,-0.007953090016268895,0.0050155791561834655,0.0010440820983580075,0.0010440820983580075
2025-01-10 00:00:00+00:00,0.002859514129124755,0.0008647452250781059,0.0008647452250781059,0.005859563977223288,0.0008647452250781059,0.0008647452250781059,0.00020513050384239704,0.0009809083803765377,0.0008647452250781059,0.0008647452250781059
2025-01-11 00:00:00+00:00,-0.0006087236708443176,-0.0007387527045688276,-0.0007387527045688276,-0.0019376266964963508,-0.0007387527045688276,-0.0007387527045688276,0.0007966664655565299,-0.0007020455927779758,-0.0007387527045688276,-0.0007387527045688276
2025-01-12 00:00:00+00:00,0.004855336573650967,-0.007014557801045899,-0.0011115826153204277,-0.002715150112734475,-0.0011115826153204277,-0.0011115826153204277,0.0020253365328064326,0.003951883269500339,-0.0011115826153204277,-0.0011115826153204277
2025-01-13 00:00:00+00:00,0.005261117466784609,0.0007820552200619224,0.001573149801425235,0.0018430501316956957,0.001573149801425235,0.001573149801425235,-0.002803834916219064,0.0019108617511970447,0.001573149801425235,0.001573149801425235
2025-01-14 00:00:00+00:00,0.0033670961926309806,0.003857884542022198,0.003857884542022198,3.694239845708746e-06,0.003857884542022198,0.003857884542022198,-0.005625641505205523,0.004495103445835745,0.003857884542022198,0.003857884542022198
2025-01-15 00:00:00+00:00,0.004421382190749996,0.0005498414414529462,0.0005498414414529462,0.003197425674781446,0.0005498414414529462,0.0005498414414529462,-0.007705195299134888,-0.0013133473885918656,0.0005498414414529462,0.0005498414414529462
2025-01-16 00:00:00+00:00,0.0018062327127625474,-0.007578002690803764,0.0022115659616626943,-0.0032046432659232653,0.007576503087830964,0.0022115659616626943,-0.007047920694550874,0.0062415969076232754,0.0022115659616626943,0.0022115659616626943
2025-01-17 00:00:00+00:00,0.006544804763907343,0.006874056668065688,-0.001030708278646554,0.02052976828903828,-0.0018317936850460563,-0.001030708278646554,-0.01287379167466185,-0.006217486747332633,-0.001030708278646554,-0.001030708278646554
2025-01-18 00:00:00+00:00,0.008034989408059415,-0.004352317048016974,-0.0031513552117797415,0.0007329001152598303,-0.0031513552117797415,-0.0031513552117797415,0.014212647970194269,-0.005383848966896067,-0.0031513552117797415,-0.0031513552117797415
2025-01-19 00:00:00+00:00,0.002736098371241498,0.002371575324590443,0.0007435777025894975,-0.004455800893613629,-0.010329851174669329,0.0007435777025894975,-0.0065022005563885295,0.0037510639814479817,0.0007435777025894975,0.0007435777025894975
2025-01-20 00:00:00+00:00,0.005627538538302856,-0.0014163825753955935,0.0011191433455643685,0.0027790955148348324,0.0002882195304643875,0.0011191433455643685,-0.004822636667656082,0.006230307375584314,0.0011191433455643685,0.0011191433455643685
2025-01-21 00:00:00+00:00,-0.007107956175487257,-0.001453874612926434,-0.000675002197369514,-0.0027185357811004692,-0.000675002197369514,-0.000675002197369514,-0.0028856865979591194,-0.0033166391943846092,-0.000675002197369514,-0.000675002197369514
2025-01-22 00:00:00+00:00,0.004429551906772132,-0.00024148103300244582,-0.00024148103300244582,0.00482437408157703,-0.00024148103300244582,-0.00024148103300244582,8.724192120326878e-05,0.00014055725798925586,-0.00024148103300244582,-0.00024148103300244582
2025-01-23 00:00:00+00:00,-0.0007578980820405364,-0.00013843199605244872,-0.00013843199605244872,0.0018139193540950473,-0.00013843199605244872,-0.00013843199605244872,0.0018151271125835748,0.0020981748118030835,-0.00013843199605244872,-0.00013843199605244872
2025-01-24 00:00:00+00:00,-0.0042604626013583394,0.0003951469681253153,0.0003951469681253153,-0.0035665913929662954,0.0003951469681253153,0.0003951469681253153,-0.004270434556207545,-0.0012153519450603188,0.0003951469681253153,0.0003951469681253153
2025-01-25 00:00:00+00:00,0.0003273037112034966,-0.0012439821202463455,-0.0012439821202463455,-0.0034725830401228183,-0.0012439821202463455,-0.0012439821202463455,-0.0013870502072819955,-0.0032847047593426064,-0.0012439821202463455,-0.0012439821202463455
2025-01-26 00:00:00+00:00,0.004056596060954171,-0.0008207683276281103,-0.0008207683276281103,0.0036552309654958003,-0.0008207683276281103,-0.0008207683276281103,-0.0009090277222415554,0.005200411805426823,-0.0008207683276281103,-0.0008207683276281103
2025-01-27 00:00:00+00:00,0.0031732860504985233,-0.0026004472918915557,-0.001765182058026616,0.004044220340429438,-0.001765182058026616,-0.001765182058026616,-0.004172679401299166,0.0013688109022948816,-0.001765182058026616,-0.001765182058026616
2025-01-28 00:00:00+00:00,0.004467723210729253,0.00039232861667826125,0.001046426163383843,0.005478148745513122,0.001046426163383843,0.001046426163383843,-0.0088329228531015,0.0037666604553691454,0.001046426163383843,0.001046426163383843
2025-01-29 00:00:00+00:00,-0.006840552543123817,0.000668892368788774,0.0019878096041228126,-0.001448943370674008,0.0019878096041228126,0.0019878096041228126,-0.0033248102182651925,0.00017989056330117785,0.0019878096041228126,0.0019878096041228126
2025-01-30 00:00:00+00:00,-0.006800403697689644,-0.0015663338004032084,-6.925870894697662e-05,-0.011185522065324544,-6.925870894697662e-05,-6.925870894697662e-05,-0.004481368751841131,-0.005375609818254049,-6.925870894697662e-05,-6.925870894697662e-05
2025-01-31 00:00:00+00:00,0.0023910339259715523,-0.002921441119495465,-0.002921441119495465,-0.004054232775075724,-0.002921441119495465,-0.002921441119495465,0.012739157939287009,0.00018964545801878049,-0.002921441119495465,-0.002921441119495465
2025-02-01 00:00:00+00:00,0.007313796276946518,-0.004685001618483283,-0.004685001618483283,0.015392762365697768,-0.004685001618483283,-0.004685001618483283,0.00012645703797746727,-0.0029103763738427507,-0.004685001618483283,-0.004685001618483283
2025-02-02 00:00:00+00:00,0.006070017019069509,0.0009586601879892382,0.0009586601879892382,0.011675588859149015,0.0009586601879892382,0.0009586601879892382,0.004204707242670023,0.003714753074874802,0.0009586601879892382,0.0009586601879892382
2025-02-03 00:00:00+00:00,-0.00308486590304161,-0.01411257669388537,-0.0028910495624360055,0.003977858936254943,-0.0028910495624360055,-0.0028910495624360055,-0.0018010202091466886,-0.006705364681391427,-0.0028910495624360055,-0.0028910495624360055
2025-02-04 00:00:00+00:00,-0.004807850770673012,0.0026916410074139057,-0.0007985864072652261,-0.007563622249153618,-0.0007985864072652261,-0.0007985864072652261,0.007600563312075412,-0.00021570452870856577,-0.0007985864072652261,-0.0007985864072652261
2025-02-05 00:00:00+00:00,0.007105550047771131,0.0032652205017008173,-0.001448448209113594,0.006878264784277426,-0.001448448209113594,-0.001448448209113594,-0.00201704830076812,0.004078356479390392,-0.001448448209113594,-0.001448448209113594
2025-02-06 00:00:00+00:00,0.0028628211611986627,0.0016223188455319116,0.0002157119620552285,-0.002677152815152792,0.0002157119620552285,0.0002157119620552285,-0.006526838814870574,0.0010727117762696055,0.0002157119620552285,0.0002157119620552285
2025-02-07 00:00:00+00:00,-0.001942438276673644,-0.0055592327986196625,0.0005531962407778557,-0.0006360429592847823,0.0005531962407778557,0.0005531962407778557,-0.007439026695957665,0.0026721673022494156,0.0005531962407778557,0.0005531962407778557
2025-02-08 00:00:00+00:00,-0.0018134932646111611,-0.0008064077840303832,0.00016568059280969673,0.00030084723933261615,0.00016568059280969673,0.00016568059280969673,-0.003578945846664542,0.0015307457140739658,0.00016568059280969673,0.00016568059280969673
2025-02-09 00:00:00+00:00,0.0024573600352908024,0.0013911889138884719,0.0013911889138884719,0.003296339995379704,0.0013911889138884719,0.0013911889138884719,-0.003844256131303499,0.0019236397181111452,0.0013911889138884719,0.0013911889138884719
2025-02-10 00:00:00+00:00,0.00612020589587342,5.098000483269035e-05,5.098000483269035e-05,-0.0077939074794324895,5.098000483269035e-05,5.098000483269035e-05,0.00429254842149574,-0.001663579767170845,5.098000483269035e-05,5.098000483269035e-05
2025-02-11 00:00:00+00:00,-0.004821439353427592,0.0017593539570895295,0.0017593539570895295,-0.0028645656293537487,0.0017593539570895295,0.0017593539570895295,-0.010323065082295324,0.00947538265005508,0.0017593539570895295,0.0017593539570895295
2025-02-12 00:00:00+00:00,0.003289204192833207,-0.00042407168375438936,-0.00042407168375438936,0.008401866922898649,-0.00042407168375438936,-0.00042407168375438936,0.005387995474096199,-0.002216005689440447,-0.00042407168375438936,-0.00042407168375438936
2025-02-13 00:00:00+00:00,-0.0012793774376235925,0.000701648169257691,0.000701648169257691,-0.01229012135413114,0.000701648169257691,0.000701648169257691,0.008395222661271105,-0.0010476621496917516,0.000701648169257691,0.000701648169257691
2025-02-14 00:00:00+00:00,0.005812808005007032,-0.00037916563587068027,-0.00037916563587068027,0.013972476825195502,-0.00037916563587068027,-0.00037916563587068027,-0.0017026228997287255,0.00516882601271438,-0.00037916563587068027,-0.00037916563587068027
2025-02-15 00:00:00+00:00,-0.0024697723131155394,-0.0008482591749695323,-0.0008482591749695323,-0.0013323718867864001,-0.0008482591749695323,-0.0008482591749695323,-0.0021617766017781904,0.0008720883612092506,-0.0008482591749695323,-0.0008482591749695323
2025-02-16 00:00:00+00:00,-0.0025331411526572996,-3.362652817946578e-05,-3.362652817946578e-05,-0.0022694320923253835,-3.362652817946578e-05,-3.362652817946578e-05,-0.006156410537629758,-0.0027178270598672226,-3.362652817946578e-05,-3.362652817946578e-05
2025-02-17 00:00:00+00:00,0.004083502809486552,-0.0015454623781155834,-0.0015454623781155834,0.018487796757798866,-0.0015454623781155834,-0.0015454623781155834,0.006237123232879827,0.00369261808002871,-0.0015454623781155834,-0.0015454623781155834
2025-02-18 00:00:00+00:00,0.0017189445824896186,0.0008402142369537081,0.0008402142369537081,0.005896371079417313,0.0008402142369537081,0.0008402142369537081,0.002885042859595714,0.003373041135312427,0.0008402142369537081,0.0008402142369537081
2025-02-19 00:00:00+00:00,-0.002031788955574194,0.0010223017527744727,0.0010223017527744727,-0.015469424863390736,0.0010223017527744727,0.0010223017527744727,-0.0063253714444108915,-0.0010435853003524771,0.0010223017527744727,0.0010223017527744727
2025-02-20 00:00:00+00:00,-0.003814580828079089,-0.0013355567358143124,-0.0013355567358143124,0.0011582863661056542,-0.0013355567358143124,-0.0013355567358143124,-0.001648531476203477,-0.002817134139507856,-0.0013355567358143124,-0.0013355567358143124
2025-02-21 00:00:00+00:00,-0.0046791074044412505,0.0007704293683056277,0.0007704293683056277,-0.006819999115904092,0.0007704293683056277,0.0007704293683056277,-0.007687742361511613,0.0006377246730565973,0.0007704293683056277,0.0007704293683056277
2025-02-22 00:00:00+00:00,-0.0013885495289728187,-0.000270073642488236,-0.000270073642488236,0.002400474031328351,-0.000270073642488236,-0.000270073642488236,-0.013183327115621087,0.0009328577914240896,-0.000270073642488236,-0.000270073642488236
2025-02-23 00:00:00+00:00,0.00373109826922329,-0.0053314467650234934,-0.0053314467650234934,0.008717010048102542,-0.0053314467650234934,-0.0053314467650234934,0.011488304120331643,-0.0030916934429943794,-0.0053314467650234934,-0.0053314467650234934
2025-02-24 00:00:00+00:00,-0.008368032725925656,-0.0010558599886286192,0.0004394513388616793,0.004140032707984958,0.0004394513388616793,0.0004394513388616793,0.00038151301433932117,-0.0054429987963484,0.0004394513388616793,0.0004394513388616793
2025-02-25 00:00:00+00:00,-0.0013033325127118193,0.004533404107159741,-0.0005462416886886526,0.01198963845577966,0.00047894927469798354,-0.0005462416886886526,-0.00409063892413266,-0.007468944743719923,-0.0005462416886886526,-0.0005462416886886526
2025-02-26 00:00:00+00:00,0.00018957878657387475,0.0001725779054512869,0.00031921315115257016,-0.0002062785789152525,-0.00046618192086350825,0.00031921315115257016,0.004608282998261254,-0.0014793834878570826,0.00031921315115257016,0.00031921315115257016
2025-02-27 00:00:00+00:00,0.002355328356162954,-0.00013534879782340785,-0.0003547024435069082,-0.006700251263952521,-0.0003547024435069082,-0.0003547024435069082,-0.014847395135498249,-0.004432504026305486,-0.0003547024435069082,-0.0003547024435069082
2025-02-28 00:00:00+00:00,0.008364833710636354,0.0026199779923592233,-3.221353574442803e-05,-0.004118048543403963,-3.221353574442803e-05,-3.221353574442803e-05,0.007132937514466646,0.008912152004780485,-3.221353574442803e-05,-3.221353574442803e-05
2025-03-01 00:00:00+00:00,0.019880026174064057,-0.008257139643322902,0.007511773172571877,-0.05106591885506874,0.007511773172571877,0.007511773172571877,-0.002470236862135954,-0.006578973700959076,0.007511773172571877,0.007511773172571877
2025-03-02 00:00:00+00:00,-0.0009661841566153268,-0.003991856516902582,-0.0073500613024210844,0.01418990899163437,-0.0073500613024210844,-0.0073500613024210844,0.00022056423852881944,-0.005486364998724245,-0.0073500613024210844,-0.0073500613024210844
2025-03-03 00:00:00+00:00,0.0030591928500266377,-0.015988327845432866,0.000254508794422783,-0.003086212565437113,0.01284344440085379,0.000254508794422783,-0.0027018993461811686,0.0017692721405601056,0.000254508794422783,0.000254508794422783
2025-03-04 00:00:00+00:00,0.005372641666012112,-0.017837031541740427,0.0014704303773529338,-0.00577758130959332,0.011400396836977755,0.0014704303773529338,0.013391884140294711,0.001967165894927917,0.0014704303773529338,0.0014704303773529338
2025-03-05 00:00:00+00:00,0.0005581624936638455,-0.007621073716028923,-0.00043884873864837514,-0.0023634128580193588,-0.0014981855730923674,-0.00043884873864837514,-0.001969454420944658,0.0026723729314625023,-0.00043884873864837514,-0.00043884873864837514
2025-03-06 00:00:00+00:00,-0.007075900307837974,0.00195528508024453,-0.00149500893188719,-0.009567429232476343,-0.00149500893188719,-0.00149500893188719,-0.012721013177428953,-0.0017494462129593337,-0.00149500893188719,-0.00149500893188719
2025-03-07 00:00:00+00:00,-0.005201445533947364,-0.0011905046936903523,-0.0004559248232213531,-0.008039097355042714,-0.0004559248232213531,-0.0004559248232213531,-0.003633194071397291,-0.0014923833712413021,-0.0004559248232213531,-0.0004559248232213531
2025-03-08 00:00:00+00:00,-0.0064097059687339185,-0.0031866395398151607,-0.0031866395398151607,0.0019466831206866482,-0.0031866395398151607,-0.0031866395398151607,-0.007481382075331585,-0.00632918864143769,-0.0031866395398151607,-0.0031866395398151607
2025-03-09 00:00:00+00:00,0.004003080887968813,-0.0030323655716727243,-0.0030323655716727243,0.003723190528723887,-0.0030323655716727243,-0.0030323655716727243,0.023851092536421245,-0.0033505927855751604,-0.0030323655716727243,-0.0030323655716727243
2025-03-10 00:00:00+00:00,0.006103190178725354,-0.0010862805310998989,0.0021757070016761837,0.005199573487964933,0.0021757070016761837,0.0021757070016761837,-0.008793400056727897,0.0011154410706709838,0.0021757070016761837,0.0021757070016761837
2025-03-11 00:00:00+00:00,0.0061675198573091445,0.00919261004384964,0.0006998904994080799,-0.0010488682529903798,0.0006998904994080799,0.0006998904994080799,-0.0008821993919334656,0.0006998904994080799,0.0006998904994080799,0.0006998904994080799
2025-03-12 00:00:00+00:00,-0.005630290756050095,-0.0016668062412199596,-0.0007298498275771904,-0.0006177495641853629,-0.0007298498275771904,-0.0007298498275771904,-0.012022078306861902,-0.0007298498275771904,-0.0007298498275771904,-0.0007298498275771904
2025-03-13 00:00:00+00:00,0.0008124171595188367,0.0017736381966653952,0.0017736381966653952,-0.0002445057414142228,0.0017736381966653952,0.0017736381966653952,-0.007816759086783817,0.0047718595772209375,0.0017736381966653952,0.0017736381966653952
2025-03-14 00:00:00+00:00,-0.0015828564670295358,0.0011138682330308423,0.0011138682330308423,0.005519798103989633,0.0011138682330308423,0.0011138682330308423,-0.0009320955203706428,6.325273816085858e-05,0.0011138682330308423,0.0011138682330308423
2025-03-15 00:00:00+00:00,-0.002410437512638882,-0.001504856110370647,-0.001504856110370647,0.0010077639613598364,-0.001504856110370647,-0.001504856110370647,-0.0021037877186034816,-0.0010590846983569635,-0.001504856110370647,-0.001504856110370647
2025-03-16 00:00:00+00:00,0.0034055434446446657,0.0009042149899698089,0.0009042149899698089,0.0028834566724692625,0.0009042149899698089,0.0009042149899698089,0.009570881672827058,0.004387884727933165,0.0009042149899698089,0.0009042149899698089
2025-03-17 00:00:00+00:00,-0.006911378875996705,-0.0002698698648420786,-0.0002698698648420786,-0.002196327641667453,-0.0002698698648420786,-0.0002698698648420786,0.001645898121844117,-0.0012472773345000184,-0.0002698698648420786,-0.0002698698648420786
2025-03-18 00:00:00+00:00,0.0017339539730315669,0.002007455055196399,0.002007455055196399,-0.010062945859716394,0.002007455055196399,0.002007455055196399,-0.010034943622989713,0.002007455055196399,0.002007455055196399,0.002007455055196399
2025-03-19 00:00:00+00:00,-4.5619922475315425e-05,-0.001287438748505503,-0.001287438748505503,0.008975491592635226,-0.001287438748505503,-0.001287438748505503,-0.004145872136061487,-0.001287438748505503,-0.001287438748505503,-0.001287438748505503
2025-03-20 00:00:00+00:00,-0.0025229532861608737,-0.00016336044324426929,-0.00016336044324426929,-0.0032288922934530237,-0.00016336044324426929,-0.00016336044324426929,0.002467244076315678,-0.0022055946783773625,-0.00016336044324426929,-0.00016336044324426929
2025-03-21 00:00:00+00:00,-0.001298077135682199,0.00016511952500215812,0.00016511952500215812,-0.00298000399035923,0.00016511952500215812,0.00016511952500215812,-0.0038495645890339147,-0.0007731615155986718,0.00016511952500215812,0.00016511952500215812
2025-03-22 00:00:00+00:00,0.0020812256547284675,0.000579901062205586,0.000579901062205586,-0.0015034940954170813,0.000579901062205586,0.000579901062205586,-0.00183412357534159,0.000579901062205586,0.000579901062205586,0.000579901062205586
2025-03-23 00:00:00+00:00,-0.0015426311147586226,0.0013125760947385343,0.0013125760947385343,-0.007475683142828233,0.0013125760947385343,0.0013125760947385343,0.0016496879188407719,0.0013125760947385343,0.0013125760947385343,0.0013125760947385343
2025-03-24 00:00:00+00:00,0.0014126315449508643,0.0003902212413428481,0.0003902212413428481,-0.007163689646101156,0.0003902212413428481,0.0003902212413428481,0.00896537654790841,-0.005812624387201825,0.0003902212413428481,0.0003902212413428481
2025-03-25 00:00:00+00:00,0.0008078936759981875,-0.0007804286383808259,-0.0007804286383808259,0.002841187568549006,-0.0007804286383808259,-0.0007804286383808259,0.001887726320932234,-0.0001981155704148975,-0.0007804286383808259,-0.0007804286383808259
2025-03-26 00:00:00+00:00,0.003926842813448613,0.0021426817342223726,0.00017056247668012533,0.00011193663410180056,0.00017056247668012533,0.00017056247668012533,0.004419381960191703,0.002858829165147045,0.00017056247668012533,0.00017056247668012533
2025-03-27 00:00:00+00:00,0.0001645873568885967,-0.0027763531409105376,-0.0021687368127001915,0.0012561058150024644,-0.0021687368127001915,-0.0021687368127001915,-0.013720564028710767,-0.0009483815796117363,-0.0021687368127001915,-0.0021687368127001915
2025-03-28 00:00:00+00:00,0.0007632942692415252,-0.001371602013577756,-0.001371602013577756,0.0006295191409216093,-0.001371602013577756,-0.001371602013577756,-0.006549023918745394,-0.0013574255717495086,-0.001371602013577756,-0.001371602013577756
2025-03-29 00:00:00+00:00,0.0021978910143273366,-0.00030118434784255795,-0.00030118434784255795,-0.00027324430340169566,-0.00030118434784255795,-0.00030118434784255795,-0.0021091084481594424,-0.0012006340152758777,-0.00030118434784255795,-0.00030118434784255795
2025-03-30 00:00:00+00:00,-0.0018383561785003091,-0.006715645959104596,-0.00019701269391617142,0.0003998796283977285,-0.00019701269391617142,-0.00019701269391617142,-0.0035857836244795023,-0.00019701269391617142,-0.00019701269391617142,-0.00019701269391617142
2025-03-31 00:00:00+00:00,-0.0022383572178257664,-0.004942542668083802,0.0010686036364934894,-0.003724652877190559,0.0010686036364934894,0.0010686036364934894,0.00817419344283787,0.0010686036364934894,0.0010686036364934894,0.0010686036364934894
2025-04-01 00:00:00+00:00,0.0054107006247158754,0.005584502745670583,-0.0027039366674758104,-0.009956197023479697,-0.0027039366674758104,-0.0027039366674758104,0.01639705423282963,-0.0027039366674758104,-0.0027039366674758104,-0.0027039366674758104
2025-04-02 00:00:00+00:00,-0.0009257109215856583,2.03660389060912e-05,0.0007939347453106485,0.0023496850023019943,0.0007939347453106485,0.0007939347453106485,-0.005220822707074595,0.0007939347453106485,0.0007939347453106485,0.0007939347453106485
2025-04-03 00:00:00+00:00,0.0013039105509288862,0.014521558530186836,0.0007084313437009103,0.001958916904117733,0.0007084313437009103,0.0007084313437009103,-0.010512569569761356,0.0007084313437009103,0.0007084313437009103,0.0007084313437009103
2025-04-04 00:00:00+00:00,-0.00010255814998432837,-0.0018186907924826468,-0.000445985721434795,-0.0017344400938841585,-0.000445985721434795,-0.000445985721434795,0.00059832796212602,-0.000445985721434795,-0.000445985721434795,-0.000445985721434795
2025-04-05 00:00:00+00:00,0.0008830173293741698,-0.004368041650379495,-0.004368041650379495,0.00818828237689393,-0.004368041650379495,-0.004368041650379495,0.0005379296369307312,-0.004368041650379495,-0.004368041650379495,-0.004368041650379495
2025-04-06 00:00:00+00:00,0.003767513122357422,0.00010232325282668532,0.00010232325282668532,0.001274508861224019,0.00010232325282668532,0.00010232325282668532,0.00576827619803295,0.00010232325282668532,0.00010232325282668532,0.00010232325282668532
2025-04-07 00:00:00+00:00,-0.0016533272950202563,-0.003071671601697044,-0.0015201150046931424,-0.0009191955053972804,0.001980371198300495,-0.0015201150046931424,0.0011238107029192806,-0.0015201150046931424,-0.0015201150046931424,-0.0015201150046931424
2025-04-08 00:00:00+00:00,-0.0003493262757262145,-0.006274404699165905,0.004227935922765775,-0.003628795723861078,0.003400900884864182,0.004227935922765775,-0.007065570021444253,0.004227935922765775,0.004227935922765775,0.004227935922765775
2025-04-09 00:00:00+00:00,0.003594406186199358,-0.00888381467275995,-0.0013815477694253016,0.013956987403165838,-0.0013815477694253016,-0.0013815477694253016,0.0028985598252109597,-0.0013815477694253016,-0.0013815477694253016,-0.0013815477694253016
2025-04-10 00:00:00+00:00,0.004698827889509345,0.0004399600048123998,0.0012403064643212727,0.004586617749968808,0.0012403064643212727,0.0012403064643212727,-0.006166533718325063,0.0012403064643212727,0.0012403064643212727,0.0012403064643212727
2025-04-11 00:00:00+00:00,-0.005116836421044162,0.0017419262033639914,0.0017419262033639914,-0.006606975027083578,0.0017419262033639914,0.0017419262033639914,0.004206896968266456,0.0017419262033639914,0.0017419262033639914,0.0017419262033639914
2025-04-12 00:00:00+00:00,0.0003581980885864729,-0.0009169588309207567,-0.0009169588309207567,-0.0006174919945084541,-0.0009169588309207567,-0.0009169588309207567,-0.0030824271478005778,-0.0009169588309207567,-0.0009169588309207567,-0.0009169588309207567
2025-04-13 00:00:00+00:00,-0.0015672106893737337,0.00017484804834178537,0.00017484804834178537,0.00040659517460202294,0.00017484804834178537,0.00017484804834178537,0.00018777061583924925,0.00017484804834178537,0.00017484804834178537,0.00017484804834178537
2025-04-14 00:00:00+00:00,0.0015069225799550236,-0.001082274387167144,-0.001082274387167144,0.002311730102495273,-0.001082274387167144,-0.001082274387167144,-0.0072127016487227155,-0.001082274387167144,-0.001082274387167144,-0.001082274387167144
2025-04-15 00:00:00+00:00,-0.0010963884829641242,0.00013239223471769943,0.00013239223471769943,0.0015846901969307162,0.00013239223471769943,0.00013239223471769943,-0.0008025914411133527,0.00013239223471769943,0.00013239223471769943,0.00013239223471769943
2025-04-16 00:00:00+00:00,-6.362434216924679e-05,0.00040175013786411886,0.00040175013786411886,0.000502089406667305,0.00040175013786411886,0.00040175013786411886,0.002449295222984155,0.00040175013786411886,0.00040175013786411886,0.00040175013786411886
2025-04-17 00:00:00+00:00,-0.00018490951713408588,0.00011263918783835871,0.00011263918783835871,-0.001803205587129898,0.00011263918783835871,0.00011263918783835871,-0.00040844336384139715,0.00011263918783835871,0.00011263918783835871,0.00011263918783835871
2025-04-18 00:00:00+00:00,-0.002546109296657166,0.0008146161382153208,0.0008146161382153208,-0.0023945541522274894,0.0008146161382153208,0.0008146161382153208,0.012136709118185875,0.0008146161382153208,0.0008146161382153208,0.0008146161382153208
2025-04-19 00:00:00+00:00,0.0030716173627448177,-6.792994946869656e-05,-6.792994946869656e-05,0.002024577097751462,-6.792994946869656e-05,-6.792994946869656e-05,0.0007729227633736723,-6.792994946869656e-05,-6.792994946869656e-05,-6.792994946869656e-05
2025-04-20 00:00:00+00:00,0.008223431016901034,1.5201825256001672e-05,1.5201825256001672e-05,0.0060437136112249145,1.5201825256001672e-05,1.5201825256001672e-05,-0.005750541647343214,1.5201825256001672e-05,1.5201825256001672e-05,1.5201825256001672e-05
2025-04-21 00:00:00+00:00,-0.003437439839268649,0.002472592301154275,0.002472592301154275,0.0025536400476699364,0.002472592301154275,0.002472592301154275,0.01949874923719483,0.002472592301154275,0.002472592301154275,0.002472592301154275
2025-04-22 00:00:00+00:00,-0.002002424959008957,0.0006737239415950407,0.0006737239415950407,-0.004538883352318929,0.0006737239415950407,0.0006737239415950407,-0.005335663579362558,0.0006737239415950407,0.0006737239415950407,0.0006737239415950407
2025-04-23 00:00:00+00:00,0.0003743729234784845,-0.0004968514575447516,0.0004624703806749426,0.0018425753014789028,0.0004624703806749426,0.0004624703806749426,-0.004482292684444507,-0.001529353248073104,0.0004624703806749426,0.0004624703806749426
2025-04-24 00:00:00+00:00,-1.4789767941660102e-05,-0.0010672893021365802,-0.00011804571115468358,-0.0029711489591006963,-0.00011804571115468358,-0.00011804571115468358,-0.0006422849865924657,0.0011136879197107146,-0.00011804571115468358,-0.00011804571115468358
2025-04-25 00:00:00+00:00,-0.002374745530083679,0.004946703948875142,0.00011632804600092487,-0.004855678777051528,0.00011632804600092487,0.00011632804600092487,-0.0018542388600017654,0.0006784291806590731,0.00011632804600092487,0.00011632804600092487
2025-04-26 00:00:00+00:00,0.001717129697349359,0.0023128906434182967,-0.0006355077940603846,-0.0013120506391301255,-0.0006355077940603846,-0.0006355077940603846,0.005512606501833813,0.00034871222853481774,-0.0006355077940603846,-0.0006355077940603846
2025-04-27 00:00:00+00:00,0.002059021613456736,-0.000527688843803461,0.0004486143699199071,-0.00027302588189731845,0.0004486143699199071,0.0004486143699199071,-0.003990192310347624,0.000583611434333802,0.0004486143699199071,0.0004486143699199071
2025-04-28 00:00:00+00:00,-0.0015359532727125523,-0.0005089542812439557,-0.0005089542812439557,-0.00046091075981696697,-0.0005089542812439557,-0.0005089542812439557,-0.0050497508384608186,-0.00036493003760331886,-0.0005089542812439557,-0.0005089542812439557
2025-04-29 00:00:00+00:00,9.916045670545651e-05,-0.000543632473048165,-0.000543632473048165,-0.0011236594517697461,-0.000543632473048165,-0.000543632473048165,-0.005074494074373043,0.0002690205069817724,-0.000543632473048165,-0.000543632473048165
2025-04-30 00:00:00+00:00,0.0009854250313613047,0.0009886770080888658,0.0009886770080888658,0.002174415307282499,0.0009886770080888658,0.0009886770080888658,0.0014951210088117904,0.0003551603988844492,0.0009886770080888658,0.0009886770080888658
2025-05-01 00:00:00+00:00,0.0005579859988343145,-0.000251572845984697,-0.000251572845984697,-0.00029069519848466354,-0.000251572845984697,-0.000251572845984697,-0.001892526533510854,0.0005762752640069316,-0.000251572845984697,-0.000251572845984697
2025-05-02 00:00:00+00:00,-0.0015164588177649964,-0.0004243613136195413,-0.0004243613136195413,-9.05650312408269e-05,-0.0004243613136195413,-0.0004243613136195413,0.0002471362943050489,-1.8978133779726934e-05,-0.0004243613136195413,-0.0004243613136195413
2025-05-03 00:00:00+00:00,-0.00029593881035352434,-0.0009349082730852606,-0.0009349082730852606,-0.0024705535342806786,-0.0009349082730852606,-0.0009349082730852606,0.00011608987403875131,-0.000515347754258868,-0.0009349082730852606,6.101146087013359e-05
2025-05-04 00:00:00+00:00,-0.0003917938181449948,-0.00020443311961240197,-0.00020443311961240197,-9.202333942403372e-05,-0.00020443311961240197,-0.00020443311961240197,0.0013316776132568263,0.00027387666157548476,-0.00020443311961240197,-0.00037590951228679025
2025-05-05 00:00:00+00:00,0.0036208930030869877,0.0007341550443904265,0.0007341550443904265,0.0014740459408259972,0.0007341550443904265,0.0007341550443904265,0.011071657741850961,0.0010185812782613167,0.0007341550443904265,-0.0010759118693344795
2025-05-06 00:00:00+00:00,0.0003114908131395048,-0.00028320907985543805,-0.00028320907985543805,0.000329099775543987,-0.00028320907985543805,-0.00028320907985543805,-0.0068560876091360665,4.077048101632987e-05,-0.00028320907985543805,-0.00038816355416245005
2025-05-07 00:00:00+00:00,-0.005097193692404963,0.0039885280970011665,0.0039885280970011665,0.003179279422096894,0.0039885280970011665,0.0039885280970011665,0.032335917006302485,-0.00011027202529674743,0.0039885280970011665,0.0039885280970011665
2025-05-08 00:00:00+00:00,-0.002707616185276059,0.001696991129776019,0.001696991129776019,-0.0010938164516875464,0.001696991129776019,0.001696991129776019,-0.0005159892783729934,9.962442527308119e-05,0.001696991129776019,0.00021039964333765344
2025-05-09 00:00:00+00:00,-0.0037890735019373545,0.0081768130218676,0.0026241514038022667,0.0019051676432796866,-0.008855601132231456,0.0026241514038022667,-0.010696661782849065,-0.0016503133000948197,0.0026241514038022667,0.0020896160880458227
2025-05-10 00:00:00+00:00,0.000887181598808689,-0.0007799479521037696,-0.001208400901683129,-0.0005799430516509938,-0.0019891861699657338,-0.001208400901683129,0.0027750832806964446,-0.00012282472312371458,-0.001208400901683129,-9.951405717265444e-06
2025-05-11 00:00:00+00:00,-0.00030061052251344016,-0.0006564222641500955,0.00033767086536924077,-0.0009176227651695217,-0.00023177909201137133,0.00033767086536924077,0.0013862021863493006,0.00015398147724682488,0.00033767086536924077,-0.00022194703820528188
2025-05-12 00:00:00+00:00,-0.0024655973574949554,-0.013462985334298952,0.000974164372343467,0.002381706625803434,0.000974164372343467,0.000974164372343467,0.00220034285759219,-0.0006542349221742582,0.000974164372343467,0.0006402810697191282
2025-05-13 00:00:00+00:00,0.001280084781543236,-0.0035364062147668586,-0.0009559015608634608,-0.0005615583567355415,-0.0009559015608634608,-0.0009559015608634608,-0.002762467498264306,-9.773998464183357e-05,-0.0009559015608634608,8.021455598250251e-05
2025-05-14 00:00:00+00:00,0.0014965586671238,0.005208412901963938,-0.0017064059655504573,-0.0015804350054260485,-0.0017064059655504573,-0.0017064059655504573,0.011224126009394857,0.001370855998796903,-0.0017064059655504573,-0.0014620333390242349
2025-05-15 00:00:00+00:00,-1.0868503595206462e-05,-0.0013671533688166667,-0.0002639847230189832,0.0003500784561002505,-0.0002639847230189832,-0.0002639847230189832,-0.002648068891013316,-5.9875496904210926e-05,-0.0002639847230189832,5.691070878581091e-06
2025-05-16 00:00:00+00:00,0.0014851968999143527,-0.0007955554383877769,-0.0007955554383877769,-0.00047879121726467826,-0.0007955554383877769,-0.0007955554383877769,-0.003956814783576186,0.0004603431498987774,-0.0007955554383877769,-0.00048166245528384036
2025-05-17 00:00:00+00:00,0.0015224097022930312,0.0012105504511319648,0.0012105504511319648,-1.664070139144269e-05,0.0012105504511319648,0.0012105504511319648,-0.005176324690355256,0.001755903170551595,0.0012105504511319648,-0.0017568423908367907
2025-05-18 00:00:00+00:00,0.0005897051103521383,-0.0007307294095908546,-0.0007307294095908546,-0.00512397362327921,-0.0007307294095908546,-0.0007307294095908546,-0.004176659237485847,0.0004438274532350503,-0.0007307294095908546,-0.00046792505292215635
2025-05-19 00:00:00+00:00,-0.0006624786552800976,8.936314644328432e-06,8.936314644328432e-06,-0.0010717772988920416,8.936314644328432e-06,8.936314644328432e-06,-0.0012605197635381254,0.0003297937996364154,8.936314644328432e-06,-0.00035629093107227553
2025-05-20 00:00:00+00:00,0.0019147297615929343,0.0008131536027934623,0.0008131536027934623,-0.001502911630633485,0.0008131536027934623,0.0008131536027934623,0.005465289743091049,0.002391521154927876,0.0008131536027934623,-0.002391939743218759
2025-05-21 00:00:00+00:00,-0.002071307077157172,0.0014135295586225633,0.0014135295586225633,-0.00046879570165875555,0.0014135295586225633,0.0014135295586225633,0.0017860948877159717,-0.0004121616540564541,0.0014135295586225633,0.0004066276741783011
2025-05-22 00:00:00+00:00,-5.650073177564829e-05,-0.002339728063367555,-0.002339728063367555,0.00865066747632468,-0.002339728063367555,-0.002339728063367555,0.0031843589130992694,-0.002170617911328071,-0.002339728063367555,0.0021661381544332086
2025-05-23 00:00:00+00:00,0.00039181138462402956,6.860706183212693e-05,6.860706183212693e-05,-0.0029857574170990856,6.860706183212693e-05,6.860706183212693e-05,0.0020732307402096875,0.0010993612440104747,6.860706183212693e-05,-0.001106977232895021
2025-05-24 00:00:00+00:00,0.0005321861023749963,0.00027029039527556685,0.00027029039527556685,-9.93330566791154e-05,0.00027029039527556685,0.00027029039527556685,0.0011446526569414248,0.0004342881447467538,0.00027029039527556685,-0.00043625355010113587
2025-05-25 00:00:00+00:00,7.651282187171797e-05,-0.00016510372385779054,-0.00016510372385779054,-0.0007858251652173555,-0.00016510372385779054,-0.00016510372385779054,-0.00027079674631838547,0.0008167661522883016,-0.00016510372385779054,-0.000818726364922906
2025-05-26 00:00:00+00:00,-0.011759803984297976,0.0004113093894384789,0.0004113093894384789,0.0005036254438725711,0.0004113093894384789,0.0004113093894384789,0.0005522234326266709,-0.0002378069782077069,0.0004113093894384789,0.00022961452243051112
2025-05-27 00:00:00+00:00,-0.007119937563497607,-0.00022834360295189335,-0.00022834360295189335,0.0007896740331242967,-0.00022834360295189335,-0.00022834360295189335,-0.0027513657285291246,-0.0007276200444892629,-0.00022834360295189335,0.0007190607573209578
2025-05-28 00:00:00+00:00,-0.0019086831183320594,-0.001166852352505306,-0.001166852352505306,-0.00019515517952857985,-0.001166852352505306,-0.001166852352505306,0.001309934544742568,-0.0003013311804895962,-0.001166852352505306,0.0002970002833382944
2025-05-29 00:00:00+00:00,-0.009176830293525458,-0.0024465429066130116,-0.0024465429066130116,-0.0011471689697750984,-0.0024465429066130116,-0.0024465429066130116,0.003030538681506228,-0.0005443683215740529,-0.0024465429066130116,0.0005422481084943001
2025-05-30 00:00:00+00:00,0.0001780826151526913,0.00021088164234182136,0.00021088164234182136,-0.000962190897228604,0.00021088164234182136,0.00021088164234182136,0.0007356096606920505,0.0005357529339846711,0.00021088164234182136,-0.0005402622088941239
2025-05-31 00:00:00+00:00,0.0007521824254736319,-0.0016370427650441637,0.00016163748692018135,0.00036860618992208094,0.00016163748692018135,0.00016163748692018135,-0.0007349915289800028,0.0007856794226822286,0.00016163748692018135,-0.00011253484417212865
2025-06-01 00:00:00+00:00,-0.001243816131686561,-0.006936684167660155,0.000312531587971309,0.00018342791011255545,0.000312531587971309,0.000312531587971309,0.0010886466734616,3.561764716727817e-05,0.000312531587971309,0.000312531587971309
2025-06-02 00:00:00+00:00,-4.622090987274685e-06,-0.0014678775981681578,-2.6418882503332987e-05,-0.00024476653120842175,-2.6418882503332987e-05,-2.6418882503332987e-05,-0.0012352592271098616,-0.0002476067612434915,-2.6418882503332987e-05,-2.6418882503332987e-05
2025-06-03 00:00:00+00:00,-0.00027435324684247357,-0.0007109872239362497,-0.0007109872239362497,0.0014901071586099518,-0.0007109872239362497,-0.0007109872239362497,-0.00568489939119661,0.000817462071051521,-0.0007109872239362497,-0.0012068585217145907
2025-06-04 00:00:00+00:00,0.0005318505568052469,-0.002014835212514312,-0.002014835212514312,-0.0015032399650942224,-0.002014835212514312,-0.002014835212514312,-0.002370222245001753,-0.0013766072832516142,-0.002014835212514312,0.000979195981517111
2025-06-05 00:00:00+00:00,0.0013401147418770532,0.0011996047173031014,0.0011996047173031014,-1.9407102368457148e-05,0.0011996047173031014,0.0011996047173031014,0.004475802872541737,0.0011247844359627362,0.0011996047173031014,-0.0008189435309573803
2025-06-06 00:00:00+00:00,-0.0014870134320860637,0.0042802021688449965,0.0005774318114620579,-0.00018204682193859807,0.0005774318114620579,0.0005774318114620579,0.002507309188407144,0.00029420596901410075,0.0005774318114620579,0.0003121705045628818
2025-06-07 00:00:00+00:00,-0.0026140778052434113,-0.0006887860121395329,0.00038405723605471135,-0.000991908379627556,0.00038405723605471135,0.00038405723605471135,0.006423316093805332,-0.00026413424688580305,0.00038405723605471135,0.00038405723605471135
2025-06-08 00:00:00+00:00,0.0013203193636208092,0.0014503190731487607,0.0014503190731487607,0.0013263113730750372,0.0014503190731487607,0.0014503190731487607,-0.0018484646880339893,0.0016859994988615763,0.0014503190731487607,0.0014503190731487607
2025-06-09 00:00:00+00:00,-0.0024852585913076575,0.0009494516237805008,0.0009494516237805008,-0.0020641837678242675,0.0009494516237805008,0.0009494516237805008,-0.0013608677743359465,-0.001242529025584209,0.0009494516237805008,0.0011010507115642271
2025-06-10 00:00:00+00:00,0.00011935407620492832,-0.0008698308111990241,-0.0008698308111990241,-5.214004772170278e-05,-0.0008698308111990241,-0.0008698308111990241,-0.004844889077101879,-2.476171864011108e-05,-0.0008698308111990241,-5.320867027189445e-05
2025-06-11 00:00:00+00:00,-0.0007749100151120663,-0.0011319663464977934,-0.001807910214293889,0.0002565639209379292,-0.001807910214293889,-0.001807910214293889,-0.007999209321028673,-7.749350352779381e-05,-0.001807910214293889,-4.998044287577375e-05
2025-06-12 00:00:00+00:00,0.0026084772446277413,-0.0015873775398014657,-0.0009059838922481274,0.024367579777578703,-0.0009059838922481274,-0.0009059838922481274,0.006308237589889919,0.001511402390334654,-0.0009059838922481274,-0.0015900573272337594
2025-06-13 00:00:00+00:00,0.00035082482461424306,-0.0006384977222510262,-0.0006384977222510262,0.00940897622515658,-0.0006384977222510262,-0.0006384977222510262,-0.0029175454787660707,0.00010815670122485684,-0.0006384977222510262,-0.00015506739914067434
2025-06-14 00:00:00+00:00,-0.00046275347463455924,0.00046933851667073953,0.00046933851667073953,-0.00402777164955712,0.00046933851667073953,0.00046933851667073953,-0.0024522990655313458,-0.000679241578239183,0.00046933851667073953,0.0006997222210761353
2025-06-15 00:00:00+00:00,0.0010974653605938555,0.00023549953309909776,0.00023549953309909776,0.0014449938887339388,0.00023549953309909776,0.00023549953309909776,0.0023737562674485103,0.0013345611901847698,0.00023549953309909776,-0.0013022272533269883
2025-06-16 00:00:00+00:00,-0.0010371606723082046,-0.0009797620711583844,-0.0009797620711583844,0.006550378783128206,-0.0009797620711583844,-0.0009797620711583844,-0.001426007900326724,-0.0006064202090508261,-0.0009797620711583844,-0.001252627842994864
2025-06-17 00:00:00+00:00,0.0014793221308481246,-0.00014924491478723775,-0.00014924491478723775,-0.0020725570551530345,-0.00014924491478723775,-0.00014924491478723775,-0.008155618508185917,0.0006147508054077363,-0.00014924491478723775,-0.0008421965446705168
2025-06-18 00:00:00+00:00,-0.00030432289045038144,-0.00012891725772767943,-0.00012891725772767943,0.0013074018682046858,-0.00012891725772767943,-0.00012891725772767943,-0.0006414807791548099,-0.004242160422400669,-0.00012891725772767943,-1.139162794525495e-05
2025-06-19 00:00:00+00:00,0.0005889230362041171,-0.0011751293775364815,-0.0011751293775364815,-0.0056924648360566705,-0.0011751293775364815,-0.0011751293775364815,-0.003337989948656298,-0.006171308138343898,-0.0011751293775364815,-0.001443532202647227
2025-06-20 00:00:00+00:00,-0.009887688302968328,-0.0011385479127076893,-0.0011385479127076893,0.00011189208008605079,-0.0011385479127076893,-0.0011385479127076893,-0.0015201115943789555,-0.006066191559111259,-0.0011385479127076893,-0.0011385479127076893
2025-06-21 00:00:00+00:00,-0.0005200008502737774,-0.0020903362043577936,-0.0012405128291704136,-0.0016310576623678472,-0.0012405128291704136,-0.0012405128291704136,0.013613368501958774,-0.004208947756915018,-0.0012405128291704136,-0.0012405128291704136
2025-06-22 00:00:00+00:00,-0.0004767110157283177,0.00363958199038975,0.002575252176038054,-0.0014222355253351443,0.002575252176038054,0.002575252176038054,0.007214839765302582,0.013789827308196122,0.002575252176038054,0.002575252176038054
2025-06-23 00:00:00+00:00,0.00040095024069650414,0.001718226727712627,0.0004497807885718619,0.00023085418519995635,0.0004497807885718619,0.0004497807885718619,0.0006853151695492359,0.004050068605213128,0.0004497807885718619,0.0004497807885718619
2025-06-24 00:00:00+00:00,0.005005673562512524,0.0028780927931989697,-0.0005772596218639073,0.0030903025290049163,-0.0005772596218639073,-0.0005772596218639073,0.0002493112261701292,0.002133515922677435,-0.0005772596218639073,-0.0005772596218639073
2025-06-25 00:00:00+00:00,0.00043478899333102916,0.002996312844971336,-0.0006047604645558917,0.00013542077621447478,-0.0006047604645558917,-0.0006047604645558917,-0.001220289026582217,-0.00015632673546424157,-0.0006047604645558917,-0.0005361503093514421
2025-06-26 00:00:00+00:00,-0.002775543779707819,-0.00041947284112011626,0.0004067244579947252,-0.0013218079095836117,0.0004067244579947252,0.0004067244579947252,0.0005134446942091293,0.0001814818740445767,0.0004067244579947252,0.0003932974718846747
2025-06-27 00:00:00+00:00,-0.002590284268612536,0.000623246510285913,0.000623246510285913,-0.001859698553891644,0.000623246510285913,0.000623246510285913,0.002444134753198755,0.0007406191871027284,0.000623246510285913,0.0007593861096285026
2025-06-28 00:00:00+00:00,-0.0011551611037607203,0.0006347921698898527,0.0006347921698898527,-0.0005758075764351467,0.0006347921698898527,0.0006347921698898527,0.0035938966361000633,0.0015519570113947823,0.0006347921698898527,8.900506764188665e-05
2025-06-29 00:00:00+00:00,-0.0018458005345961558,-0.00028648637993575595,-0.00028648637993575595,-0.004672702032077085,-0.00028648637993575595,-0.00028648637993575595,-0.01036556421838123,-0.0019504168788908969,-0.00028648637993575595,-7.538897716578942e-06
2025-06-30 00:00:00+00:00,0.0024566166515744706,-0.001300893021022482,-0.001300893021022482,0.003516591233850144,-0.001300893021022482,-0.001300893021022482,0.0012690390638568799,-0.002336090483821438,-0.001300893021022482,-0.000517207030416974
2025-07-01 00:00:00+00:00,-0.0011017714493447759,0.0018570242184557189,0.0018570242184557189,-0.0025769576418093704,0.0018570242184557189,0.0018570242184557189,-0.005283638462053609,0.004004649438716364,0.0018570242184557189,0.0001631028551838172
2025-07-02 00:00:00+00:00,0.003319408003526616,0.0003148938691339473,0.0003148938691339473,0.0003285834261537459,0.0003148938691339473,0.0003148938691339473,0.0009778204866896772,0.005812836208249511,0.0003148938691339473,-0.0004655839384973654
2025-07-03 00:00:00+00:00,0.0011499954621302351,-0.0011430663237669988,-0.0011430663237669988,0.0003269933768039733,-0.0011430663237669988,-0.0011430663237669988,-0.005332886753133276,-0.0033459055598874083,-0.0011430663237669988,-0.0001632598437021834
2025-07-04 00:00:00+00:00,0.0006659692676800695,0.00011464638249259753,0.00011464638249259753,-0.0006464051145183706,0.00011464638249259753,0.00011464638249259753,0.001108375482470964,0.0008369316347642428,0.00011464638249259753,-0.00013268244830061924
2025-07-05 00:00:00+00:00,-0.001493496753296305,0.0005712431875727974,0.0005712431875727974,6.199416266753033e-05,0.0005712431875727974,0.0005712431875727974,0.001471372114760182,5.756526180925755e-05,0.0005712431875727974,-0.00025650967786655703
2025-07-06 00:00:00+00:00,-1.8566748325776235e-05,-0.00029640160898988343,-0.00029640160898988343,-0.0007689198963216395,-0.00029640160898988343,-0.00029640160898988343,-0.0010267801796587223,-0.0013795244598049778,-0.00029640160898988343,7.756204923498469e-05
2025-07-07 00:00:00+00:00,-0.0005981250040422738,0.0006571246876826466,0.0006571246876826466,-0.0015983677014002379,0.0006571246876826466,0.0006571246876826466,0.0005047232609321727,0.0011717080318432856,0.0006571246876826466,0.0005224732749356204
2025-07-08 00:00:00+00:00,-0.0018638542456102009,0.0013988995281559381,0.0013988995281559381,-0.0013829523439194212,0.0013988995281559381,0.0013988995281559381,0.0038604799315242774,0.0023422527565707366,0.0013988995281559381,0.0004298179526430838
2025-07-09 00:00:00+00:00,0.003429224869255684,0.0020349410845612614,0.0020349410845612614,0.00018046336851767385,0.0020349410845612614,0.0020349410845612614,-0.00011745756821698254,0.045402964868136365,0.0020349410845612614,-0.048122856869491616
2025-07-10 00:00:00+00:00,0.0020388018600490873,0.006078867739686576,0.0013041852522347789,-0.003853514685076427,0.0013041852522347789,0.0013041852522347789,-0.019582585734956814,0.0013589005352805065,0.0013041852522347789,-0.003948243041858359
2025-07-11 00:00:00+00:00,-0.00018110288189502135,-0.0018016709634156444,-0.00018172246519928067,-0.0026528499103942857,-0.00018172246519928067,-0.00018172246519928067,-0.0031933548575450135,-0.001465717700456565,-0.00018172246519928067,0.0014448168560907142
2025-07-12 00:00:00+00:00,0.002922194343269408,-0.002445900578628449,0.0007995047118069495,-0.006614661943482928,0.0007995047118069495,0.0007995047118069495,0.0010332399608188338,0.00243189418926597,0.0007995047118069495,-0.0024323807787688897
2025-07-13 00:00:00+00:00,-9.171328524070908e-05,-0.0004715535629744323,0.0002013802233012548,0.0006801986284523287,0.0002013802233012548,0.0002013802233012548,-0.0005510372498556445,0.0010654189537643154,0.0002013802233012548,-0.0010666129522535282
2025-07-14 00:00:00+00:00,-0.009193778348160667,0.005405014253010518,0.0007028666864328719,0.016142546219399076,0.0007028666864328719,0.0007028666864328719,0.001073800019871315,-0.0023234177950118696,0.0007028666864328719,0.0023228203947683887
2025-07-15 00:00:00+00:00,-0.0024541148862687245,0.002726002444431719,0.0010186100990548924,0.009254005362734227,0.0010186100990548924,0.0010186100990548924,0.0013745336333477285,0.0012246028969530819,0.0010186100990548924,-0.0012402831469579473
2025-07-16 00:00:00+00:00,0.0013760924982583662,-0.0011611806105926701,0.0019856498959276666,-0.00031303120723545413,0.0019856498959276666,0.0019856498959276666,0.0004783511412647254,0.003467172010338311,0.0019856498959276666,-0.0034834965170056987
2025-07-17 00:00:00+00:00,-0.0014754220493454389,-0.009620984555399417,-0.00015393733878287538,0.0008429715909407955,-0.00015393733878287538,-0.00015393733878287538,0.00045648712483485013,-0.0002009626266510346,-0.00015393733878287538,0.00019167606007285782
2025-07-18 00:00:00+00:00,0.0007332297554929622,-0.0034953103759343958,0.0009476250034470375,-0.010064959652693961,-0.009397711930126021,0.0009476250034470375,-0.003855355982534906,0.008063528996637283,0.0009476250034470375,-0.008068896484042406
2025-07-19 00:00:00+00:00,-0.0020388297915032213,-0.009204330457693798,0.0011395976027649862,0.020239111817685333,0.00028157066444106725,0.0011395976027649862,0.0035480131012085954,-1.7570298175930855e-05,0.0011395976027649862,-0.00023518193044721206
2025-07-20 00:00:00+00:00,-0.001961569570073064,-0.00064792303618513,0.0006720190771019011,0.001412169621595879,0.0006720190771019011,0.0006720190771019011,0.0076590482352601515,-0.0007195270791221089,0.0006720190771019011,0.0007131228237872026
2025-07-21 00:00:00+00:00,0.006766574789968652,-0.00605662591892298,0.0005412950232447834,-0.02131204855547328,0.0005412950232447834,0.0005412950232447834,0.0010270224441429558,0.002054620392054895,0.0005412950232447834,-0.002116388086228081
2025-07-22 00:00:00+00:00,0.0006431726601403648,0.0008682776334189384,-0.00292403067702097,-0.01658438819147335,-0.00292403067702097,-0.00292403067702097,0.014541188783093623,0.0011386232375087094,-0.00292403067702097,-0.001144595240429918
2025-07-23 00:00:00+00:00,0.0015805988214177722,0.0032596142397083912,-0.00045372675943866565,-0.0007330687773855762,-0.00045372675943866565,-0.00045372675943866565,-0.0004543016780167743,-0.00030379299287426137,-0.00045372675943866565,0.00029656162212162243
2025-07-24 00:00:00+00:00,-0.0015514989863747016,-0.0005711023669544471,0.0004340681568593113,0.0036073482406167915,0.0004340681568593113,0.0004340681568593113,0.002036383903251674,-0.000343714013073326,0.0004340681568593113,0.00033301860830833185
2025-07-25 00:00:00+00:00,-5.661355751799841e-05,0.0002733011391424185,0.0002733011391424185,-0.00046572584460493596,0.0002733011391424185,0.0002733011391424185,0.001751151306194233,0.00031412501006262316,0.0002733011391424185,-0.00032267527063127734
2025-07-26 00:00:00+00:00,0.006263550470708419,0.0009787932850928794,0.0009787932850928794,-0.0009758211324897471,0.0009787932850928794,0.0009787932850928794,-0.00189262409889674,0.0025907662013522456,0.0009787932850928794,-0.0025929490446581554
2025-07-27 00:00:00+00:00,-0.0011135297940037601,-0.0014187209463888148,-0.0014187209463888148,0.0007878905352390478,-0.0014187209463888148,-0.0014187209463888148,-0.0009064982469859169,-0.000538850874975857,-0.0014187209463888148,0.0005224749597135751
2025-07-28 00:00:00+00:00,-0.0009217598861471453,0.0031394429480343534,-0.00044309659198452116,-0.0004927737411033145,-0.00044309659198452116,-0.00044309659198452116,-0.0032520774147928996,-0.0004415062634899174,-0.00044309659198452116,0.00043941867353932237
2025-07-29 00:00:00+00:00,0.0003864376492192685,-0.0011980832599690935,-0.0006587614444022846,-0.00026722212965923204,-0.0006587614444022846,-0.0006587614444022846,-0.001684353158673318,-1.1472898912435727e-06,-0.0006587614444022846,-7.507514520239532e-06
2025-07-30 00:00:00+00:00,-0.002012313745817198,-0.0011314244077235175,-0.0011314244077235175,0.000892381026626757,-0.0011314244077235175,-0.0011314244077235175,-0.004772066466910898,-0.0006796606944046364,-0.0011314244077235175,0.0006754990526390047
2025-07-31 00:00:00+00:00,0.0023807788465905083,-0.0015070085010033792,-0.0015070085010033792,-0.0014771807379986533,-0.0015070085010033792,-0.0015070085010033792,0.0032447067627605552,-0.0014065390433254492,-0.0015070085010033792,0.0013842423592325078
2025-08-01 00:00:00+00:00,-0.002019257483781632,0.0014433955327558402,-0.0009428097383047038,-0.002436416338243076,-0.0009428097383047038,-0.0009428097383047038,-0.0035160492956148696,-0.0006141712775610277,-0.0009428097383047038,0.0005954557275513226
2025-08-02 00:00:00+00:00,0.004028464158417296,-0.0011253151052770848,0.0012254876149599843,0.0012527308686860266,0.0012254876149599843,0.0012254876149599843,-0.002407423944666545,0.0008311880930605908,0.0012254876149599843,-0.000843759344215928
2025-08-03 00:00:00+00:00,-0.0022663072573952925,-0.004552964072907608,0.0017837661910166105,0.00411745092321445,0.0017837661910166105,0.0017837661910166105,-0.0019339586602982579,-0.0011399698045046888,0.0017837661910166105,0.0014944440299160219
2025-08-04 00:00:00+00:00,0.0005790111066308481,-0.0016651630611262034,-0.0011491935650513032,-0.0013411246444307943,-0.0011491935650513032,-0.0011491935650513032,-0.0003526272501494955,0.0004901352893894101,-0.0011491935650513032,-0.0011491935650513032
2025-08-05 00:00:00+00:00,-0.0009789716724138008,0.0005017411408915897,0.0005017411408915897,-0.0002651375198239388,0.0005017411408915897,0.0005017411408915897,-0.0007411974073852094,0.00048709381037294265,0.0005017411408915897,-0.0007201300037349429
2025-08-06 00:00:00+00:00,0.0028670617599675734,0.0021294214209080322,0.0021294214209080322,0.0009544907523501382,0.0021294214209080322,0.0021294214209080322,-0.0015241589724099445,0.00027871626781420916,0.0021294214209080322,0.0018371487396296917
2025-08-07 00:00:00+00:00,-0.0046819574638029835,0.001006817582432043,0.001006817582432043,-0.0013648835009999266,0.001006817582432043,0.001006817582432043,-0.006803243474141466,-0.0006211902109303635,0.001006817582432043,0.001006817582432043
2025-08-08 00:00:00+00:00,-0.00514357035589386,0.0008144997316125515,0.0008144997316125515,0.0009401965453541214,0.0008144997316125515,0.0008144997316125515,0.0013335173112441314,-0.0015547156463926416,0.0008144997316125515,0.0015911069092526926
2025-08-09 00:00:00+00:00,0.0019565383553348083,0.002257215424610471,3.454643079937613e-05,0.001380015423495561,3.454643079937613e-05,3.454643079937613e-05,-0.004802601447735469,0.002941966239927111,3.454643079937613e-05,-0.0029338552328767283
2025-08-10 00:00:00+00:00,0.004778576496114652,-0.0039157278806703786,-0.0011322096823096954,0.0011672106146686126,-0.0011322096823096954,-0.0011322096823096954,-0.0015318095386324046,0.001053284975934508,-0.0011322096823096954,-0.0011567651354302366
2025-08-11 00:00:00+00:00,-0.0032524088921413183,-0.011507683256709403,0.002735693860530921,0.002798398951080879,0.002735693860530921,0.002735693860530921,-0.0006750505806803106,-0.0017349966876303016,0.002735693860530921,0.0019074350068749438
2025-08-12 00:00:00+00:00,0.0011585103796102193,0.00027978975696263137,0.0012723894461103803,-0.0009155484134396331,0.0012723894461103803,0.0012723894461103803,0.00043112174736989104,0.0017584998206971205,0.0012723894461103803,-0.0018420840627250573
2025-08-13 00:00:00+00:00,-0.005309289712188595,-0.0021464134809224475,-0.0019413070758159165,0.00465946115248613,-0.0019413070758159165,-0.0019413070758159165,-0.0010380535654113986,-0.0022028448888024863,-0.0019413070758159165,0.0019836685309259504
2025-08-14 00:00:00+00:00,-0.0027606619706092798,0.001038823611555121,-0.0004300641319650638,-0.0035699627524204275,-0.0004300641319650638,-0.0004300641319650638,-0.006906511755312068,-0.0011345153771082142,-0.0004300641319650638,0.0010691321545295784
2025-08-15 00:00:00+00:00,0.000874548947537278,0.006581030247671439,0.00038859993094730855,-0.00010202058244215728,0.00038859993094730855,0.00038859993094730855,-0.0005713361593802856,0.00014303357272480601,0.00038859993094730855,-0.00011162159536889555
2025-08-16 00:00:00+00:00,0.00044227915509821716,-0.005709594692214914,0.0010236239960048177,0.0032784963040124967,0.0010236239960048177,0.0010236239960048177,0.0032637589951857258,-0.0005193977112859072,0.0010236239960048177,0.0007316448026534026
2025-08-17 00:00:00+00:00,0.0023082763525025364,-0.0018044404972365263,-0.0009843628865436578,0.0006740158319100101,-0.0009843628865436578,-0.0009843628865436578,-0.006623536053891311,0.0006109499101676989,-0.0009843628865436578,-0.0009843628865436578
2025-08-18 00:00:00+00:00,-0.0007881742087994321,-0.0021906545303684685,-0.0021906545303684685,-0.002272144289309844,-0.0021906545303684685,-0.0021906545303684685,-0.005649076307931293,-0.0009401412184659979,-0.0021906545303684685,0.00026491541424385667
2025-08-19 00:00:00+00:00,0.0007391736218185408,0.0019269343191651725,0.0019269343191651725,0.004349728544616108,0.0019269343191651725,0.0019269343191651725,0.006060037497803201,0.0010214600896909945,0.0019269343191651725,0.00163916727143157
2025-08-20 00:00:00+00:00,-0.002932052603327169,-0.001209825370489595,-0.001209825370489595,-0.0013825864380239156,-0.001209825370489595,-0.001209825370489595,-0.005530337954914451,-0.0014702046225984185,-0.001209825370489595,-0.001209825370489595
2025-08-21 00:00:00+00:00,0.015206246030318562,0.0035249214155821237,0.0035249214155821237,0.0011291424871036604,0.0035249214155821237,0.0035249214155821237,0.009025022727098571,0.002479156843193665,0.0035249214155821237,0.0035249214155821237
2025-08-22 00:00:00+00:00,-0.0210771839812813,-3.42977753956435e-05,-3.42977753956435e-05,-0.011827889119555766,-3.42977753956435e-05,-3.42977753956435e-05,0.0068947468595366625,-0.002841220036820988,-3.42977753956435e-05,-3.42977753956435e-05
2025-08-23 00:00:00+00:00,-0.0022347306167065767,-0.0009963084788725182,-0.0004904124511132211,0.00464309931739078,0.0026836590829744217,-0.0004904124511132211,0.007092004226837824,-0.0016132312057298992,-0.0004904124511132211,-0.0004904124511132211
2025-08-24 00:00:00+00:00,-0.008298479018420573,-0.0014531854459838768,-0.00330694918886486,-0.001962712156150134,-0.003999033390561384,-0.00330694918886486,-0.0012877581077289826,-0.0006588261229081749,-0.00330694918886486,-0.00330694918886486
2025-08-25 00:00:00+00:00,0.0008119744342663742,0.000774880305921497,0.0014425209558254362,-0.0006789471888931248,0.0014425209558254362,0.0014425209558254362,-0.0022243083958426437,0.000667251513497495,0.0014425209558254362,0.0014425209558254362
2025-08-26 00:00:00+00:00,-0.003777946534972053,-0.0012160085914044558,-0.0002591351266961835,-0.0004486618465792744,-0.0002591351266961835,-0.0002591351266961835,-0.0015783246947631163,-0.0008738542726099483,-0.0002591351266961835,-0.0002591351266961835
2025-08-27 00:00:00+00:00,-0.001687255773238947,0.0002907248616739423,0.0008535096138930825,0.014606990095408405,0.0008535096138930825,0.0008535096138930825,-0.0021677709868485797,0.0007741562214221495,0.0008535096138930825,0.0008535096138930825
2025-08-28 00:00:00+00:00,-0.001487774049776127,-0.0016311507210671659,-0.0016311507210671659,-0.0003697678137601769,-0.0016311507210671659,-0.0016311507210671659,-0.002766553174200132,-0.0013850693653064351,-0.0016311507210671659,-0.0016311507210671659
2025-08-29 00:00:00+00:00,-6.047654006493633e-05,0.0022462478819622643,6.539431083770271e-05,-0.0008532321983960758,6.539431083770271e-05,6.539431083770271e-05,0.0004530627166041488,0.0003035530214645013,6.539431083770271e-05,6.539431083770271e-05
2025-08-30 00:00:00+00:00,-9.033524505580754e-05,-0.0011547351396978276,-0.00044044871978710397,-0.0001633867167664865,-0.00044044871978710397,-0.00044044871978710397,-6.455765675652267e-05,-0.00019840375985009687,-0.00044044871978710397,-0.00044044871978710397
2025-08-31 00:00:00+00:00,0.0005575576974567555,-0.0004555076374534072,-0.0004555076374534072,-0.002463308811368871,-0.0004555076374534072,-0.0004555076374534072,-0.002406696042170096,0.0010752847729102138,-0.0004555076374534072,-0.0004555076374534072
2025-09-01 00:00:00+00:00,-0.005622240857222566,0.00131833068225999,0.00131833068225999,-0.0009134992668186545,0.00131833068225999,0.00131833068225999,-0.0007891200552566563,-0.00024070015637688846,0.00131833068225999,0.00131833068225999
2025-09-02 00:00:00+00:00,-0.0007368708878990385,0.00037512086842017805,0.00037512086842017805,-0.001381169667773521,0.00037512086842017805,0.00037512086842017805,-0.002337147815618545,-0.00034428414667483665,0.00037512086842017805,0.00037512086842017805
2025-09-03 00:00:00+00:00,0.0021643409487540313,-0.0011855257098480146,-0.0011855257098480146,-0.001550550756199406,-0.0011855257098480146,-0.0011855257098480146,-0.0036990917572807657,0.000875287219221638,-0.0011855257098480146,-0.0011855257098480146
2025-09-04 00:00:00+00:00,-0.0011156377061522294,0.00034271441513561993,0.00034271441513561993,-0.0005706311328715896,0.00034271441513561993,0.00034271441513561993,0.0018717140445453256,-5.0871727502905867e-05,0.00034271441513561993,0.00034271441513561993
2025-09-05 00:00:00+00:00,0.0018877770866266481,-0.00019962085059802213,-0.00019962085059802213,0.0003653640754944557,-0.00019962085059802213,-0.00019962085059802213,0.0008165853618784161,0.0007060410034930793,-0.00019962085059802213,-0.00019962085059802213
2025-09-06 00:00:00+00:00,-0.0011175816629429153,0.000783433705894592,0.000783433705894592,-0.00015934315750261826,0.000783433705894592,0.000783433705894592,-0.0006391411176042108,0.001286341435427173,0.000783433705894592,0.000783433705894592
2025-09-07 00:00:00+00:00,-0.004904962074472372,0.0006779421989858861,0.0006779421989858861,-0.0003495602035055511,0.0006779421989858861,0.0006779421989858861,0.0003598730826918146,-0.0007654278304083234,0.0006779421989858861,0.0006779421989858861
2025-09-08 00:00:00+00:00,-0.0028205964893774126,0.0001988857078724776,0.0001988857078724776,0.0018142078829950121,0.0001988857078724776,0.0001988857078724776,-0.00021052768315132074,-0.0008529894834271752,0.0001988857078724776,0.0001988857078724776
2025-09-09 00:00:00+00:00,-0.007833939780377412,0.0013149159199401228,0.0013149159199401228,0.0013538379100737265,0.0013149159199401228,0.0013149159199401228,0.003096951136384622,-0.00010440853165928781,0.0013149159199401228,0.0013149159199401228
2025-09-10 00:00:00+00:00,0.004216106465393351,0.0004358153729407805,0.0004358153729407805,-0.0018633483656307268,0.0004358153729407805,0.0004358153729407805,0.004206315409726067,0.000992771732132783,0.0004358153729407805,0.0004358153729407805
2025-09-11 00:00:00+00:00,0.005132712177934502,0.003390568027820388,0.0009558781931209673,0.00015089468580699978,-0.008199271210803324,0.0009558781931209673,0.009025379246560687,0.0002745051279608077,0.0009558781931209673,0.0009558781931209673
2025-09-12 00:00:00+00:00,-0.006104463129534416,-0.0027466415771782286,0.0006428138315179668,0.001488277604774972,-0.00011255179490766412,0.0006428138315179668,-0.0011060720228202282,0.000603826763229342,0.0006428138315179668,0.0006428138315179668
2025-09-13 00:00:00+00:00,0.0033463175168740814,-0.0028513756055842175,-0.001003460319000638,-0.0005821172659820588,-0.001003460319000638,-0.001003460319000638,0.0006547786782495344,0.00035517921200027,-0.001003460319000638,-0.001003460319000638
2025-09-14 00:00:00+00:00,0.0024566857629648724,0.0010629088317929223,-0.0006022314540967655,-0.00021636643333921652,-0.0006022314540967655,-0.0006022314540967655,-0.0007886579421872015,0.0002448983441665016,-0.0006022314540967655,-0.0006022314540967655
2025-09-15 00:00:00+00:00,0.004498275478575488,0.0025820655145883608,0.00044939140216057166,0.0012163284324051464,0.00044939140216057166,0.00044939140216057166,0.008983608025241877,0.0031337559361479528,0.00044939140216057166,0.00044939140216057166
2025-09-16 00:00:00+00:00,-0.0034554600971361594,0.006492206392174013,0.0010862183822524334,0.0014813698845802092,0.0010862183822524334,0.0010862183822524334,0.005163537696406664,-0.00044935836497845524,0.0010862183822524334,0.0010862183822524334
2025-09-17 00:00:00+00:00,-0.011845960615515209,0.003528056540764022,0.0007970475733281916,0.002732815285458604,0.0007970475733281916,0.0007970475733281916,0.00718176723351636,-0.0020658752332469036,0.0007970475733281916,0.0007970475733281916
2025-09-18 00:00:00+00:00,0.004950110981432054,-0.004285730398726014,-0.001275512705547167,0.0005393497698672194,-0.001275512705547167,-0.001275512705547167,0.0017369617748601808,0.0010201037780524047,-0.001275512705547167,-0.001275512705547167
2025-09-19 00:00:00+00:00,0.009909819845630536,0.003768888076110658,3.719790962872499e-05,0.0013632869538885415,3.719790962872499e-05,3.719790962872499e-05,0.011682492800476433,0.0033707470085718415,3.719790962872499e-05,3.719790962872499e-05
2025-09-20 00:00:00+00:00,0.003082688149207984,-0.0010037219017229374,-0.0003235781503743453,-0.00013538700536389606,-0.0003235781503743453,-0.0003235781503743453,0.0035028220522361894,0.00024697740819769646,-0.0003235781503743453,-0.0003235781503743453
2025-09-21 00:00:00+00:00,-0.008749118455177186,0.004303782465402179,-0.0023874797332985843,0.0025994539920746024,-0.0059488105324751435,-0.0023874797332985843,0.02868297687544488,-0.004314596820204673,-0.0023874797332985843,-0.0023874797332985843
2025-09-22 00:00:00+00:00,0.004401871626477627,-0.005790197125188302,-0.00041389131338250294,0.0007578910432530904,-0.0009199448595341234,-0.00041389131338250294,0.000948085987750149,0.0012437517000828096,-0.00041389131338250294,-0.00041389131338250294
2025-09-23 00:00:00+00:00,0.004333296019707396,-0.004227545631748894,1.8483486126503722e-05,-0.0010208431486305942,1.8483486126503722e-05,1.8483486126503722e-05,0.006269061269272685,0.0017125393667091044,1.8483486126503722e-05,1.8483486126503722e-05
2025-09-24 00:00:00+00:00,-0.005686100011030975,0.004261639191323691,-0.0026809178737710964,-0.0045070774316119866,-0.0026809178737710964,-0.0026809178737710964,-0.012251200278629042,-0.0030212958627485026,-0.0026809178737710964,-0.0026809178737710964
2025-09-25 00:00:00+00:00,-5.5285653434057e-05,0.0014046829394703038,0.001195940538406828,-0.0017323528606272645,0.001195940538406828,0.001195940538406828,-0.0030026158591561344,-0.000752823185630234,0.001195940538406828,0.001195940538406828
2025-09-26 00:00:00+00:00,0.00036146223415842247,-0.0005746047935638557,-0.00020284652991941707,-0.0002500049797004515,-0.0006528045213913799,-0.00020284652991941707,0.0018938587453744156,0.0007592072214009498,-0.00020284652991941707,-0.00020284652991941707
2025-09-27 00:00:00+00:00,-0.007726845310322034,0.0003200356618225465,0.001199266751915061,0.0010046221059558185,0.0007304628589290334,0.001199266751915061,7.040656747742146e-05,0.001603928316127949,0.001199266751915061,0.0006845701438639689
2025-09-28 00:00:00+00:00,0.0016839843812528688,0.0002829959965367191,0.0002829959965367191,0.002888808143206377,0.0002829959965367191,0.0002829959965367191,0.007026750046860446,0.0031599226671695634,0.0002829959965367191,-8.746250590062587e-05
2025-09-29 00:00:00+00:00,-0.00021650780734270737,-0.00046254066159474627,-0.00046254066159474627,-0.000936856057028577,-0.00046254066159474627,-0.00046254066159474627,-0.0038570169148261007,-0.00035044646909352165,-0.00046254066159474627,-0.00046254066159474627
2025-09-30 00:00:00+00:00,0.0019136477344754484,0.0018338399105414702,0.0018338399105414702,-0.0009681199393236418,0.0018338399105414702,0.0018338399105414702,0.003536609645762472,0.002513565054709152,0.0018338399105414702,0.0018338399105414702
2025-10-01 00:00:00+00:00,0.0024721095442375575,0.0013121445034407662,0.0013121445034407662,0.0017201915366738979,0.0013121445034407662,0.0013121445034407662,0.005178721849501418,0.003480183474360651,0.0013121445034407662,0.0013121445034407662
2025-10-02 00:00:00+00:00,0.012493461140781767,0.00022373942181794037,0.00022373942181794037,0.006365038475396054,0.00022373942181794037,0.00022373942181794037,0.012868137712984043,0.005236564723354532,0.00022373942181794037,0.00022373942181794037
2025-10-03 00:00:00+00:00,0.0003648223508686783,-0.0005178098897065421,-0.0008510282796742914,-0.0013655836247372757,-0.0008510282796742914,-0.0008510282796742914,-0.0008257269898097382,0.00022954283191607567,-0.0008510282796742914,-0.001174941436479243
2025-10-04 00:00:00+00:00,0.0036265738521909247,-0.003163730295732768,-3.341372887516685e-05,0.0012243231214001911,-3.341372887516685e-05,-3.341372887516685e-05,0.0058771029812650834,0.0013161303502885954,-3.341372887516685e-05,-0.0013839179327746196
2025-10-05 00:00:00+00:00,0.0013337374110832473,-0.00665899161399003,0.0011634202659854668,-0.0003239334239701342,0.0011634202659854668,0.0011634202659854668,0.007954018841065214,0.001222923026309071,0.0011634202659854668,-0.0012518886284475605
2025-10-06 00:00:00+00:00,0.011113414393535363,-0.0025952499524153055,-0.0021084498638101173,0.004686511001244022,-0.0021084498638101173,-0.0021084498638101173,0.022305385095596136,0.0021069458415183206,-0.0021084498638101173,-0.0021714525014556187
2025-10-07 00:00:00+00:00,-0.0014301210506948293,0.001120872935801385,0.0008603230910277729,-0.001285421565046554,0.0008603230910277729,0.0008603230910277729,-0.002505961361096365,0.00019623498590653267,0.0008603230910277729,-0.00014285500915484168
2025-10-08 00:00:00+00:00,-0.0007348145182295823,0.005753018059785872,-0.0007807222861347452,-0.0025149911092697983,-0.0007807222861347452,-0.0007807222861347452,0.0017801063239183906,-0.001229568296199931,-0.0007807222861347452,0.0015007182102612783
2025-10-09 00:00:00+00:00,0.02542300513395411,0.0032191479855937393,-0.009595082368697978,0.003178948794321531,-0.009595082368697978,-0.009595082368697978,0.015348089951320846,-0.006044181292056834,-0.009595082368697978,-0.00992310893193806
2025-10-10 00:00:00+00:00,-0.0036494719289378494,-0.0004669781063442568,1.89610343228152e-05,-0.0013451398724898672,1.89610343228152e-05,1.89610343228152e-05,0.007836951356905878,-0.00033404631604532945,1.89610343228152e-05,-0.00021811969899772333
2025-10-11 00:00:00+00:00,0.009725507522849963,-0.012047180467503556,0.003390587185670649,-0.025381392590769845,0.004663110663907694,0.003390587185670649,0.0007202056582918395,0.00498387927553441,0.003390587185670649,-0.004665360504958774
2025-10-12 00:00:00+00:00,-0.003624957254524621,0.012526592417597616,0.001369704570402942,-0.03844610335214837,0.000769364710852618,0.001369704570402942,-0.006159638417370804,-0.0020376560891724894,0.001369704570402942,-0.0032765687208614986
2025-10-13 00:00:00+00:00,-0.002509437127934191,-0.0028876360955153923,-0.001530168229344786,0.003946261984393367,-0.001530168229344786,-0.001530168229344786,0.00365122907276768,-0.0025845319080333626,-0.001530168229344786,-0.0026176886763126087
2025-10-14 00:00:00+00:00,-0.0009082538868193152,-0.0013931577269441593,-0.0013931577269441593,-0.0008204870378905073,-0.0013931577269441593,-0.0013931577269441593,-0.0038497114976802586,-0.001105491578362985,-0.0013931577269441593,-0.0017442544729412025
2025-10-15 00:00:00+00:00,0.001254191513784288,-0.0012855739022271588,-0.0012855739022271588,-0.00042081258951372663,-0.0012855739022271588,-0.0012855739022271588,-0.006312286250542004,-0.0013264145329427814,-0.0012855739022271588,-0.0012855739022271588
2025-10-16 00:00:00+00:00,-0.019044975950855938,-0.0011755865394539361,-0.0011755865394539361,-0.00128202589867256,-0.0011755865394539361,-0.0011755865394539361,-0.007487328045753909,-0.0020391062984576307,-0.0011755865394539361,-0.0011755865394539361
2025-10-17 00:00:00+00:00,-0.001432515054181815,0.0006379771580667348,0.0006379771580667348,0.00042520725857489856,0.0006379771580667348,0.0006379771580667348,-0.0005984667179113538,0.0004133576634714004,0.0006379771580667348,9.038039723191374e-05
2025-10-18 00:00:00+00:00,0.0005276871528278737,0.0007043481638066987,0.0007043481638066987,0.00026152449414086485,0.0007043481638066987,0.0007043481638066987,0.0041155247483014735,0.0003489341439970311,0.0007043481638066987,0.001053430334154247
2025-10-19 00:00:00+00:00,-0.00034360997836890166,0.000675052351133268,0.000675052351133268,-0.0014488162872194495,0.000675052351133268,0.000675052351133268,0.01586299434052042,0.000675052351133268,0.000675052351133268,0.0008513330821223204
2025-10-20 00:00:00+00:00,-0.0016877349205527657,-0.0011598067281953807,-0.0011598067281953807,0.007263454750219004,-0.0011598067281953807,-0.0011598067281953807,0.0007716079883706359,-0.0018679847055033687,-0.0011598067281953807,-0.001518391305851386
2025-10-21 00:00:00+00:00,0.0010310612101658595,-0.0007570008024297843,-0.0007570008024297843,-0.0007684491110061331,-0.0007570008024297843,-0.0007570008024297843,8.258110385509512e-05,0.0008665247275502911,-0.0007570008024297843,0.0008664717978257627
2025-10-22 00:00:00+00:00,0.0006450280517788299,0.0009214770269703774,0.0009214770269703774,0.002990110888157871,0.0009214770269703774,0.0009214770269703774,0.0010130843978531222,0.0026839987625798824,0.0009214770269703774,0.0005673783984250015
2025-10-23 00:00:00+00:00,-0.00018900346653065746,0.0007457871249991737,0.0007457871249991737,-0.0008357694168701955,0.0007457871249991737,0.0007457871249991737,-0.002463412701479851,0.00037417672215997157,0.0007457871249991737,-0.0005834559232135841
2025-10-24 00:00:00+00:00,0.0002427802632893279,0.0002604659964003983,0.0002604659964003983,0.0003584756344206698,0.0002604659964003983,0.0002604659964003983,0.0008995825960131131,0.00038555353941615715,0.0002604659964003983,0.0007477355242035983
2025-10-25 00:00:00+00:00,0.0011733430664847247,0.0012846103989551901,0.0012846103989551901,-7.449868689723136e-05,0.0012846103989551901,0.0012846103989551901,0.007210074675123148,0.0015622637964756323,0.0012846103989551901,0.0009209715547178487
2025-10-26 00:00:00+00:00,0.0005287434506040399,-0.0004582809765188999,-0.0004582809765188999,0.0012001685040699884,-0.0004582809765188999,-0.0004582809765188999,-0.001620336019383206,0.00037340282732960245,-0.0004582809765188999,-0.0004582809765188999
2025-10-27 00:00:00+00:00,-0.0005798690843562838,-0.000999412267116276,-0.000999412267116276,-0.00023242869046021674,-0.000999412267116276,-0.000999412267116276,-0.002031400590847844,-0.00048344163872884947,-0.000999412267116276,-0.000999412267116276
2025-10-28 00:00:00+00:00,-0.0029278234585844417,-2.348534393419339e-05,-2.348534393419339e-05,-0.004287259229677525,-2.348534393419339e-05,-2.348534393419339e-05,0.007725728793306456,-0.0032030872151135787,-2.348534393419339e-05,-2.348534393419339e-05
2025-10-29 00:00:00+00:00,0.0013660956600887006,-0.0019894691980541614,-0.0019894691980541614,0.002902639370270778,-0.0019894691980541614,-0.0019894691980541614,-0.002890909900108726,0.0006530784044194789,-0.0019894691980541614,-0.0019894691980541614
2025-10-30 00:00:00+00:00,-0.001301671142526389,0.000522252378167161,0.000522252378167161,0.001029654778832339,0.000522252378167161,0.000522252378167161,0.0008349677778702601,0.0008983107165234038,0.000522252378167161,0.000522252378167161
2025-10-31 00:00:00+00:00,-0.0018834403562103077,0.00047264262018075463,0.00047264262018075463,-0.0018555853994635051,0.00047264262018075463,0.00047264262018075463,0.008723989402454196,0.00011001287222229124,0.00047264262018075463,0.00047264262018075463
2025-11-01 00:00:00+00:00,0.0009711582050879416,0.00013507012783673677,0.00013507012783673677,-0.0002691420173189941,0.00013507012783673677,0.00013507012783673677,0.0006390380332851992,-0.0006472881996867863,0.00013507012783673677,-0.0006472881996867678
2025-11-02 00:00:00+00:00,0.0035426754937922644,-0.005184428053910386,-0.005184428053910386,-0.00796475147316933,-0.005184428053910386,-0.005184428053910386,0.007249418089907363,-0.004783131692508057,-0.005184428053910386,-0.005539243671282696
2025-11-03 00:00:00+00:00,-0.011815625092092828,-0.0018319108263608118,-0.0018319108263608118,-0.0032397701833876196,-0.0018319108263608118,-0.0018319108263608118,-0.004719115747920641,-0.0044609895495224886,-0.0018319108263608118,-0.0018319108263608118
2025-11-04 00:00:00+00:00,-0.0014338738682798664,-0.004480156789186465,0.001561626489416453,0.0010243283837257458,0.005607439391694709,0.001561626489416453,-0.006639349585056362,0.0012097850987642725,0.001561626489416453,0.001561626489416453
2025-11-05 00:00:00+00:00,-0.01739283044150992,-0.0026612445321354313,-0.001013853015727404,-0.0024841620189534125,-0.0016512796137199436,-0.001013853015727404,-0.001572045551162225,-0.001013853015727404,-0.001013853015727404,-0.0020759680122152202
2025-11-06 00:00:00+00:00,-0.010127530144655408,-0.01023576642661079,0.0037213984813090216,-0.013652490691538616,0.0037213984813090216,0.0037213984813090216,0.011340261269732047,0.0037213984813090216,0.0037213984813090216,0.0019501033583573346
2025-11-07 00:00:00+00:00,-0.004595581294162289,-0.004032449532200442,-0.0002268103670113255,-0.0010092729518567495,-0.0002268103670113255,-0.0002268103670113255,0.005216218433913507,-0.0002268103670113255,-0.0002268103670113255,-0.0005264722699812743
2025-11-08 00:00:00+00:00,0.0036783313272400983,4.50884548245581e-05,0.0007539147551896841,-0.0004595057260893523,0.0007539147551896841,0.0007539147551896841,0.005013068104651054,0.0007539147551896841,0.0007539147551896841,0.00092359629722209
2025-11-09 00:00:00+00:00,0.001097984532202731,0.013913495156085013,0.0004550714484123216,-0.0001249731382068349,0.0004550714484123216,0.0004550714484123216,0.004399204145150186,0.0004550714484123216,0.0004550714484123216,0.0003403431126258192
2025-11-10 00:00:00+00:00,0.0010063430902182424,-0.0011066412538708631,-0.0022412975176556247,-0.0006764010499664185,-0.0022412975176556247,-0.0022412975176556247,-0.0023242921041263433,-0.0022412975176556247,-0.0022412975176556247,-0.0005758411516217813
2025-11-11 00:00:00+00:00,0.001256308678452415,-0.0011246134018762614,-0.0005263713535520467,-0.0022806423728128204,-0.0005263713535520467,-0.0005263713535520467,-0.0018016581559737962,-0.0005263713535520467,-0.0005263713535520467,-0.001373228991266781
2025-11-12 00:00:00+00:00,-0.00463029890578838,-0.0013590792678406338,-0.0013590792678406338,0.00026858494306341505,-0.0013590792678406338,-0.0013590792678406338,-0.005811557586512545,-0.0013590792678406338,-0.0013590792678406338,-0.0006379928413584184
2025-11-13 00:00:00+00:00,-0.006185504827116627,-0.0013994432048564927,-0.0013994432048564927,0.001781392435852783,-0.0013994432048564927,-0.0013994432048564927,0.010177649443345052,-0.0013994432048564927,-0.0013994432048564927,-0.004005402771715588
2025-11-14 00:00:00+00:00,0.0010469506367058413,0.0006136827803448516,0.0006136827803448516,-0.010324413522067132,0.0006136827803448516,0.0006136827803448516,0.002164841992803165,0.0006136827803448516,0.0006136827803448516,0.0008889817692773265
2025-11-15 00:00:00+00:00,0.004222794966859118,-0.00047369234930560685,-0.0009755494171416792,-0.0020331984897899056,-0.0009755494171416792,-0.0009755494171416792,0.0011361791525231475,-0.0009755494171416792,-0.0009755494171416792,-9.206003551424752e-05
2025-11-16 00:00:00+00:00,0.00011627275530823302,-0.00190308445046037,-0.0013551203370085181,-0.0006985458993106544,-0.0013551203370085181,-0.0013551203370085181,0.0020102440754917834,-0.0013551203370085181,-0.0013551203370085181,-0.0011529307177273462
2025-11-17 00:00:00+00:00,0.0006272471231888487,0.0012005958049730178,0.0012005958049730178,-0.014527081744102954,0.0012005958049730178,0.0012005958049730178,-0.001990557867590196,0.0012005958049730178,0.0012005958049730178,-0.0003618013451182796
2025-11-18 00:00:00+00:00,-0.0013964058628370933,-0.0010794440314935475,-0.0010794440314935475,-0.004448557261719071,-0.0010794440314935475,-0.0010794440314935475,-0.0013671384950776659,-0.0010794440314935475,-0.0010794440314935475,-0.0016192746716445414
2025-11-19 00:00:00+00:00,-0.0013132702027884137,-0.0023451158964886043,-0.0023451158964886043,-0.0034211666033447073,-0.0023451158964886043,-0.0023451158964886043,0.007037911971686997,-0.0023451158964886043,-0.0023451158964886043,-0.006005469881124775
2025-11-20 00:00:00+00:00,0.0017398290047887504,-0.0018237760855493574,-0.0018237760855493574,-0.0014076184123100431,-0.0018237760855493574,-0.0018237760855493574,-0.0009190639169234426,-0.0018237760855493574,-0.0018237760855493574,-0.0006695210094000406
2025-11-21 00:00:00+00:00,0.0007449420048667137,-0.0010045515515776989,-0.00016821924063249632,-2.6777007650913287e-06,-0.00016821924063249632,-0.00016821924063249632,-0.0007086400923708885,-0.00016821924063249632,-0.00016821924063249632,-0.00021460988439975
2025-11-22 00:00:00+00:00,0.006517311718950153,0.0009906599834300274,0.0005457789647857295,0.000468607560808021,0.0005457789647857295,0.0005457789647857295,0.00572165888676771,0.0005457789647857295,0.0005457789647857295,0.0025648496586738174
2025-11-23 00:00:00+00:00,0.00048071400768312294,-0.001704523264452207,0.0017364719649811218,0.0012033030326076683,0.0017364719649811218,0.0017364719649811218,-0.0026786230456238864,0.0017364719649811218,0.0017364719649811218,5.1839306456637976e-05
2025-11-24 00:00:00+00:00,0.0004591679329944934,-0.0007495878197171913,-5.517729071979985e-05,-5.982397194692282e-05,-5.517729071979985e-05,-5.517729071979985e-05,0.0033437431323857384,-5.517729071979985e-05,-5.517729071979985e-05,-0.0014670979938346586
2025-11-25 00:00:00+00:00,0.003868871598390909,0.0011086948609077807,0.0011086948609077807,-0.003600144594809859,0.0011086948609077807,0.0011086948609077807,-0.002223725486675072,0.0011086948609077807,0.0011086948609077807,0.0036196483946205464
2025-11-26 00:00:00+00:00,0.0017594077342370017,-0.00014556858395119504,-0.00014556858395119504,-0.0014754125200472385,-0.00014556858395119504,-0.00014556858395119504,0.0008915895880873864,-0.00014556858395119504,-0.00014556858395119504,0.0016948401904219674
2025-11-27 00:00:00+00:00,0.002957366121052319,-0.0006580690987994912,-0.0006580690987994912,0.00103874478114337,-0.0006580690987994912,-0.0006580690987994912,0.0017150734462229513,-0.0006580690987994912,-0.0006580690987994912,0.00028431749973434404
2025-11-28 00:00:00+00:00,0.0010011957704905122,-0.0004292390380408929,-0.0004292390380408929,-0.00019204690602038065,-0.0004292390380408929,-0.0004292390380408929,-0.005011015464230265,-0.0004292390380408929,-0.0004292390380408929,0.00036761941935883863
2025-11-29 00:00:00+00:00,-0.0006735370511126539,-0.00044148656669000026,-0.00044148656669000026,0.007060337257517552,-0.00044148656669000026,-0.00044148656669000026,0.00017966845515827285,-0.00044148656669000026,-0.00044148656669000026,-4.6495819504101015e-05
2025-11-30 00:00:00+00:00,-0.002515701447989741,-0.0027280131526820086,-0.0027280131526820086,-0.0017740518252947802,-0.0027280131526820086,-0.0027280131526820086,0.004493631519397212,-0.0027280131526820086,-0.0027280131526820086,-0.0035451551039491313
2025-12-01 00:00:00+00:00,-8.889011430422709e-06,0.003206059749257005,0.003206059749257005,-0.0030980152809493124,0.003206059749257005,0.003206059749257005,0.006276524842789693,0.003206059749257005,0.003206059749257005,0.002857804377956795
2025-12-02 00:00:00+00:00,0.00329653432715215,0.0020086868081507134,0.0020086868081507134,0.000564787027247728,0.0020086868081507134,0.0020086868081507134,0.004402734520649959,0.0020086868081507134,0.0020086868081507134,0.0009048330820948249
2025-12-03 00:00:00+00:00,-0.0019216339606687649,-0.0011459687614451342,-0.0011459687614451342,0.003620306836952996,-0.0011459687614451342,-0.0011459687614451342,-0.0017910903054507454,-0.0011459687614451342,-0.0011459687614451342,-0.0008715822069359518
2025-12-04 00:00:00+00:00,0.0020018765245956747,-0.0029904229521632185,-0.0018809013250261904,0.015384646771322874,-0.0018809013250261904,-0.0018809013250261904,-0.003221452096911535,-0.0018809013250261904,-0.0018809013250261904,-0.0011210830773814066
2025-12-05 00:00:00+00:00,0.0008060944510813056,-0.00040476628404854085,0.0002271795978203905,-0.0006007030199674766,0.0002271795978203905,0.0002271795978203905,0.0019217329227883579,0.0002271795978203905,0.0002271795978203905,-0.000137378279281341
2025-12-06 00:00:00+00:00,0.001412283867791059,-1.237166923680649e-05,-1.237166923680649e-05,-0.0009231962928045634,-1.237166923680649e-05,-1.237166923680649e-05,0.005999122171989559,-1.237166923680649e-05,-1.237166923680649e-05,0.001662739207866152
2025-12-07 00:00:00+00:00,-0.002560333999614437,0.0006200487000918451,0.0006200487000918451,-0.002014835551781176,0.0006200487000918451,0.0006200487000918451,-6.54594300982499e-05,0.0006200487000918451,0.0006200487000918451,-0.0009516881602760518
2025-12-08 00:00:00+00:00,-0.008305901462936804,0.0018195238801871723,0.0018195238801871723,-0.003274034296574343,0.0018195238801871723,0.0018195238801871723,0.0011512822535416681,0.0018195238801871723,0.0018195238801871723,-0.0010142152801446167
2025-12-09 00:00:00+00:00,0.005033773527056735,-0.0008836136120238114,-0.0008836136120238114,0.017637127148679634,-0.0008836136120238114,-0.0008836136120238114,0.0046110473234832906,-0.0008836136120238114,-0.0008836136120238114,0.0003686813480517418
2025-12-10 00:00:00+00:00,0.012314143953701904,0.009951011623937035,-0.0009983197749071932,-0.0033962022526595604,-0.0009983197749071932,-0.0009983197749071932,0.0006318849572532665,-0.0009983197749071932,-0.0009983197749071932,0.0027025878215837626
2025-12-11 00:00:00+00:00,0.0020551143715293037,-0.001995734071166173,-0.0010450168464671689,-0.002115415981385405,-0.0010450168464671689,-0.0010450168464671689,-0.004204063090356069,-0.0010450168464671689,-0.0010450168464671689,-0.0011567843871132953
2025-12-12 00:00:00+00:00,-0.0008287574457074857,0.00026951670963589353,0.00026951670963589353,0.0024425542737321606,0.00026951670963589353,0.00026951670963589353,0.0016860662689672696,0.00026951670963589353,0.00026951670963589353,-9.305346465802713e-06
2025-12-13 00:00:00+00:00,-0.001125097008482378,-0.0011402888823990097,-0.0011402888823990097,-0.002946599725383519,-0.0011402888823990097,-0.0011402888823990097,-0.0016000793947190508,-0.0011402888823990097,-0.0011402888823990097,-0.0015850622598239529
2025-12-14 00:00:00+00:00,-0.002344797542885774,-0.0011086301976639744,-0.0011086301976639744,-0.011819677352720008,-0.0011086301976639744,-0.0011086301976639744,0.0004674770577345099,-0.0011086301976639744,-0.0011086301976639744,-0.0016197435176263809
2025-12-15 00:00:00+00:00,0.0044240973946349715,0.0002702001715199677,0.0002702001715199677,-0.002782604725450346,0.0002702001715199677,0.0002702001715199677,0.0036167050066164496,0.0002702001715199677,0.0002702001715199677,0.0024751310676871673
2025-12-16 00:00:00+00:00,-0.0037962784399592003,0.0003469367092046898,-0.0017009041937686622,0.014467317165018194,-0.0017009041937686622,-0.0017009041937686622,-0.0015182403386096973,-0.0017009041937686622,-0.0017009041937686622,-0.00046033051143193815
2025-12-17 00:00:00+00:00,0.004730479620188879,-0.0017721677933020684,-0.0010927248396170154,-0.0005202762676762291,-0.0010927248396170154,-0.0010927248396170154,-0.0023604105826492607,-0.0010927248396170154,-0.0010927248396170154,0.000421541553445863
2025-12-18 00:00:00+00:00,-0.0014513353253894298,-0.00021821114587836023,0.002140300309728078,-0.03186489898146444,0.002140300309728078,0.002140300309728078,-0.0019238939045755656,0.002140300309728078,0.002140300309728078,0.0011714998317586486
2025-12-19 00:00:00+00:00,0.0021544245434574755,-0.0030671721685766695,-1.116620369113473e-05,-0.00230873083158118,-1.116620369113473e-05,-1.116620369113473e-05,-0.0007992272439069062,-1.116620369113473e-05,-1.116620369113473e-05,0.000589981716085134
2025-12-20 00:00:00+00:00,0.002750337988856629,-0.0016686083431996773,-0.00017671827606981257,0.000529389866870508,-0.00017671827606981257,-0.00017671827606981257,0.0011852433932134077,-0.00017671827606981257,-0.00017671827606981257,0.0010212828904770446
2025-12-21 00:00:00+00:00,-0.0019469851681084248,3.9513662958344905e-05,3.9513662958344905e-05,0.0018666180909469147,3.9513662958344905e-05,3.9513662958344905e-05,0.00953334537064318,3.9513662958344905e-05,3.9513662958344905e-05,-0.0003889884567357792
2025-12-22 00:00:00+00:00,-0.00011838661813966919,-0.0005979416186315193,-0.0005979416186315193,-0.00022062296327525268,-0.0005979416186315193,-0.0005979416186315193,-0.0008793488757052885,-0.0005979416186315193,-0.0005979416186315193,-0.001020684579297039
2025-12-23 00:00:00+00:00,0.0017527964407535986,-0.0003074638583673879,-0.0003074638583673879,0.00038633250221705676,-0.0003074638583673879,-0.0003074638583673879,-0.0010263702348029574,-0.0003074638583673879,-0.0003074638583673879,0.0009578668255946646
2025-12-24 00:00:00+00:00,-0.0003111584291581207,-0.000544836875441027,-0.000544836875441027,0.00041620903281336207,-0.000544836875441027,-0.000544836875441027,-0.008491824971028324,-0.000544836875441027,-0.000544836875441027,0.0001697286390046892
2025-12-25 00:00:00+00:00,0.002471985134307673,0.00033403402932975714,0.00033403402932975714,0.00026927561999983633,0.00033403402932975714,0.00033403402932975714,0.003781662830673685,0.00033403402932975714,0.00033403402932975714,-0.0003054468807872491
2025-12-26 00:00:00+00:00,-0.010929330278325104,0.0014546504949054554,0.0014546504949054554,-0.005049450330045658,0.0014546504949054554,0.0014546504949054554,-0.013935441051279338,0.0014546504949054554,0.0014546504949054554,-0.0016566605938084756
2025-12-27 00:00:00+00:00,-0.0003595941575467635,-7.110969564835122e-05,-7.110969564835122e-05,-0.00034160822110733234,-7.110969564835122e-05,-7.110969564835122e-05,-0.0004752250560010825,-7.110969564835122e-05,-7.110969564835122e-05,0.0004711335567957866
2025-12-28 00:00:00+00:00,0.008437324592673413,-0.0007919013067227217,-0.0007919013067227217,0.0027050440715955734,-0.0007919013067227217,-0.0007919013067227217,0.003810156703171183,-0.0007919013067227217,-0.0007919013067227217,0.00041813590109935776
2025-12-29 00:00:00+00:00,0.0032769678450128422,0.00035986738872160746,0.00035986738872160746,0.0022180245759496468,0.00035986738872160746,0.00035986738872160746,0.004197889435425766,0.00035986738872160746,0.00035986738872160746,0.001836522188566195
2025-12-30 00:00:00+00:00,0.003259060532341724,-0.0006401635930710853,-0.0006401635930710853,0.0017467571183885076,-0.0006401635930710853,-0.0006401635930710853,0.008415336811816151,-0.0006401635930710853,-0.0006401635930710853,5.714981126167239e-05
2025-12-31 00:00:00+00:00,-0.015764423022390773,0.0018244233667377454,0.0018244233667377454,-0.003769523895731824,0.0018244233667377454,0.0018244233667377454,-0.005599134148419288,0.0018244233667377454,0.0018244233667377454,-0.0012272955723450368
2026-01-01 00:00:00+00:00,-0.0041516191028281154,0.001987219927800222,0.001987219927800222,-0.006614950778760139,0.001987219927800222,0.001987219927800222,-0.012147140642068524,0.001987219927800222,0.001987219927800222,-0.0016685959537033634
2026-01-02 00:00:00+00:00,0.0008541576501357743,-0.004783318454235163,-4.482459265067304e-05,0.0010290272076311805,0.0033368810924760337,-4.482459265067304e-05,0.004818649779956989,-4.482459265067304e-05,-4.482459265067304e-05,0.0011955212089781217
2026-01-03 00:00:00+00:00,-7.045839152333754e-05,0.0014283806186272746,0.0005667105000662146,-0.002669830487286876,0.0024065106876086147,0.0005667105000662146,0.0011470997215422079,0.0005667105000662146,0.0005667105000662146,0.0008508042526010641
2026-01-04 00:00:00+00:00,0.0008654682358023259,-0.004781890614495251,0.001481506473215509,-0.0003815678271086021,0.0008004664394671013,0.001481506473215509,0.0002683323804327951,0.001481506473215509,0.001481506473215509,0.0018418193305744467
2026-01-05 00:00:00+00:00,0.0003411816579508559,-3.847835956396128e-05,0.00029852396464420173,0.0002041424143917013,0.00029852396464420173,0.00029852396464420173,0.006423951346465646,0.00029852396464420173,0.00029852396464420173,-0.0005500879999871112
2026-01-06 00:00:00+00:00,-0.0013479214745656986,0.003476928408336574,-0.001546754742598921,-0.002199136581741658,-0.006044255484464701,-0.001546754742598921,0.0015325303948231094,-0.001546754742598921,-0.001546754742598921,-0.0017263409717592111
2026-01-07 00:00:00+00:00,-0.00045482822892113585,0.0002814988932807183,-0.00038900830529349983,-0.000575693538786735,-0.0010668963096307211,-0.00038900830529349983,-0.0020640922638162206,-0.00038900830529349983,-0.00038900830529349983,-0.0007598492142536731
2026-01-08 00:00:00+00:00,0.0003853409503967556,-0.0009210197590961263,-0.00024569474630514233,-8.714076392543046e-05,-0.00024569474630514233,-0.00024569474630514233,-0.00043332310435853624,-0.00024569474630514233,-0.00024569474630514233,-0.00024569474630514233
2026-01-09 00:00:00+00:00,0.0004765401287944965,-3.461312616850857e-05,-3.461312616850857e-05,-2.40849680495779e-06,-3.461312616850857e-05,-3.461312616850857e-05,-0.0009703649947456391,-3.461312616850857e-05,-3.461312616850857e-05,-0.0002496186191688122
2026-01-10 00:00:00+00:00,0.00024390395297409022,3.5848645780170095e-05,3.5848645780170095e-05,0.0012923819503929549,3.5848645780170095e-05,3.5848645780170095e-05,0.0011414672101932432,3.5848645780170095e-05,3.5848645780170095e-05,0.0001251735632977803
2026-01-11 00:00:00+00:00,-0.0008791934340403882,-0.000605797029043021,-0.000605797029043021,-0.004126562004360082,-0.000605797029043021,-0.000605797029043021,0.005699175482901855,-0.000605797029043021,-0.000605797029043021,0.0010478256867593896
2026-01-12 00:00:00+00:00,0.0010636471964836172,0.002730571480929176,0.002730571480929176,0.0010218748274362498,0.002730571480929176,0.002730571480929176,-0.0048255707595985945,0.002730571480929176,0.002730571480929176,0.0025684829502269483
2026-01-13 00:00:00+00:00,0.002960670227753409,-0.0002534852612356752,-0.0002534852612356752,-0.0016142264444393905,-0.0002534852612356752,-0.0002534852612356752,0.0058359859861293,-0.0002534852612356752,-0.0002534852612356752,0.002669165792756612
2026-01-14 00:00:00+00:00,0.0014673758654962384,-0.0022037881238898827,-0.0014802587322886155,-0.0007547985886579575,0.0025627408199527853,-0.0014802587322886155,0.0019831574701309786,-0.0014802587322886155,-0.0014802587322886155,-0.00015129076167545654
2026-01-15 00:00:00+00:00,-0.0001827985634907337,0.0002151107050169344,0.00013155243147045247,-0.009918135809277617,-0.0005691916348081974,0.00013155243147045247,0.0014669532807017956,0.00013155243147045247,0.00013155243147045247,-0.00023779356770879111
2026-01-16 00:00:00+00:00,-0.00048331677483397944,-0.0038555917021692683,0.0002099619586381687,-0.0008252424733101273,0.0002099619586381687,0.0002099619586381687,-0.0035312650036876296,0.0002099619586381687,0.0002099619586381687,-0.00019096858815916007
2026-01-17 00:00:00+00:00,0.0021409270147433883,-0.0022130358138748862,-0.0015903374377097999,0.0004989648331942132,-0.0015903374377097999,-0.0015903374377097999,0.004560596485609346,-0.0015903374377097999,-0.0015903374377097999,-0.0019089733728591739
2026-01-18 00:00:00+00:00,-0.0008588965202102887,-0.0008377943896976432,-0.0008377943896976432,-0.0003577947799137936,-0.0008377943896976432,-0.0008377943896976432,-0.0025009890470753288,-0.0008377943896976432,-0.0008377943896976432,-0.0008377943896976432
2026-01-19 00:00:00+00:00,-0.004259298850424052,-0.002411502166599663,-0.002411502166599663,-0.0019062927884522885,-0.002411502166599663,-0.002411502166599663,-0.0035787509411967754,-0.002411502166599663,-0.002411502166599663,-0.002411502166599663
2026-01-20 00:00:00+00:00,-0.001372112933500031,0.0010188023603573753,0.0010188023603573753,-0.0004246004875017521,0.0010188023603573753,0.0010188023603573753,-0.004326743769601947,0.0010188023603573753,0.0010188023603573753,0.0010188023603573753
2026-01-21 00:00:00+00:00,0.0011736500483097167,-0.0034262696782836775,-0.00035411259326586624,2.7945325272301746e-05,0.00012901916032512695,-0.00035411259326586624,0.0008668629630629952,-0.00035411259326586624,-0.00035411259326586624,-0.00035411259326586624
2026-01-22 00:00:00+00:00,0.00025802480381849157,-0.0010785568531606646,-7.304940981043981e-05,2.199096858059336e-05,-0.0007604420302788308,-7.304940981043981e-05,0.0007731256457880672,-7.304940981043981e-05,-7.304940981043981e-05,-0.0007425209972989757
2026-01-23 00:00:00+00:00,-0.0005557142733088668,-4.7600852702826946e-05,-4.7600852702826946e-05,-0.0017284223425536385,-4.7600852702826946e-05,-4.7600852702826946e-05,-0.0011218028030098913,-4.7600852702826946e-05,-4.7600852702826946e-05,-0.0006042263988715041
2026-01-24 00:00:00+00:00,-0.0002726647548800803,-0.0016963889492334935,-0.0016963889492334935,-0.0014630809497475355,-0.0016963889492334935,-0.0016963889492334935,-0.004031720824449175,-0.0016963889492334935,-0.0016963889492334935,-0.0014077152407445917
2026-01-25 00:00:00+00:00,0.001013614576960532,0.001196794084915276,0.001196794084915276,-0.0025366598304129994,0.001196794084915276,0.001196794084915276,0.0035910455890601333,0.001196794084915276,0.001196794084915276,0.0009831225815056415
2026-01-26 00:00:00+00:00,2.7602898414514927e-06,-0.00482844844981497,0.0006924623284536259,-0.0007771481155591375,0.0006924623284536259,0.0006924623284536259,0.003897687867413643,0.0006924623284536259,0.0006924623284536259,0.0005329824771043297
2026-01-27 00:00:00+00:00,0.0007306748843336349,-0.0016862178927594925,-0.00048744011047185086,-0.000647384025923746,-0.00048744011047185086,-0.00048744011047185086,0.0033389880027102667,-0.00048744011047185086,-0.00048744011047185086,0.0008308397034678821
2026-01-28 00:00:00+00:00,0.0003609616594636118,-0.0026599506551211777,-0.0026599506551211777,-0.0022157789422318124,-0.0026599506551211777,-0.0026599506551211777,-0.0035612270918113486,-0.0026599506551211777,-0.0026599506551211777,-0.004195302999754502
2026-01-29 00:00:00+00:00,-0.00195700756125772,-0.0010053652269955311,-0.0010053652269955311,0.0004996142626262735,-0.0010053652269955311,-0.0010053652269955311,-0.0025243911968984775,-0.0010053652269955311,-0.0010053652269955311,0.0010300853003427557
2026-01-30 00:00:00+00:00,-0.0016041802274595824,-0.0018297316032567187,-0.003550615870526725,-0.003966565405266422,-0.003550615870526725,-0.003550615870526725,0.002929812786866469,-0.003550615870526725,-0.003550615870526725,-0.005866586205016741
2026-01-31 00:00:00+00:00,-0.0032933998509500012,-0.0035974309088150093,-0.0015672376051752614,-0.0010183866536680932,-0.0015672376051752614,-0.0015672376051752614,0.0030486669364948806,-0.0015672376051752614,-0.0015672376051752614,-0.0010445068747303454
2026-02-01 00:00:00+00:00,-0.0010539875176103863,-0.0005208653939735345,0.0012823081851079964,0.00011384779297797911,0.000268099956115853,0.0012823081851079964,-0.001354838771334417,0.0012823081851079964,0.0012823081851079964,0.0012888115328772954
2026-02-02 00:00:00+00:00,-0.00014324391869453783,-0.006161357923227608,-0.0013134639593420482,0.018336666897053294,-0.0018954800455106946,0.002380759372246512,-0.0046669536833374905,-0.0013134639593420482,-0.0013134639593420482,-0.0034275481338284512
2026-02-03 00:00:00+00:00,-0.018274399956115846,-0.0020848970627643493,-0.0014071645293360208,0.005344786880897344,-0.0014071645293360208,-0.0019864018862949815,0.0021357652476949773,-0.0014071645293360208,-0.0014071645293360208,-0.003872140007161316
2026-02-04 00:00:00+00:00,-0.0027886439651985187,-0.00847239993969882,-0.00847239993969882,-0.011622709179981872,-0.00847239993969882,-0.00847239993969882,0.0032485745281136723,-0.00847239993969882,-0.00847239993969882,-0.01924852915717613
2026-02-05 00:00:00+00:00,0.004094573409527481,0.007319226196280851,0.004401643329034697,0.0024357157082763484,0.004401643329034697,0.004401643329034697,0.009150103188560884,0.004401643329034697,0.004401643329034697,0.008161408895998505
2026-02-06 00:00:00+00:00,0.0003639463925720935,-0.004156678046259382,-0.00021498138209659462,-0.0022864019080446347,0.003216879497393732,-0.004172250841804121,0.0033549924593189694,-0.00021498138209659462,-0.00021498138209659462,-0.001959016037643198
2026-02-07 00:00:00+00:00,-0.0008738023178163088,-0.0007524391706832009,-0.00019526290854974266,0.0010867991695105309,-0.0007669677365458593,-0.0008379073856182368,0.0032857531779921755,-0.00019526290854974266,-0.00019526290854974266,0.0015386759952281683
2026-02-08 00:00:00+00:00,0.00032253992779770536,0.00021877109750802816,-7.547007427581928e-06,-0.0030462466756717645,-7.547007427581928e-06,-7.547007427581928e-06,0.0011741551128876108,-7.547007427581928e-06,-7.547007427581928e-06,-0.0005822077493183103
2026-02-09 00:00:00+00:00,-0.000995242361493638,-0.0020079395904982343,-0.0010458628782488968,3.849151124311137e-05,-0.0010458628782488968,-0.0010458628782488968,-0.008107039127769795,-0.0010458628782488968,-0.0010458628782488968,-0.0007725220892326719
2026-02-10 00:00:00+00:00,-0.0009928611629153605,-0.0009127760082681904,-0.0009127760082681904,-0.00038421616194921353,-0.0009127760082681904,-0.0009127760082681904,-0.0007701669870441791,-0.0009127760082681904,-0.0009127760082681904,-0.0016397447703623484
2026-02-11 00:00:00+00:00,-0.0003238727551369186,0.00033615763895272397,0.00033615763895272397,0.0007143588405496106,0.00033615763895272397,0.00033615763895272397,0.007907907438048645,0.00033615763895272397,0.00033615763895272397,-0.0012927022006932601
2026-02-12 00:00:00+00:00,0.0003444377997045205,0.0012998566206663942,0.0012998566206663942,7.092074752484541e-05,0.0012998566206663942,0.0012998566206663942,0.007213952903654928,0.0012998566206663942,0.0012998566206663942,0.0021499733225846854
2026-02-13 00:00:00+00:00,-0.0016802392071233524,0.001407059898923493,0.001407059898923493,0.0015615179474714922,0.001407059898923493,0.001407059898923493,0.0009628548251066661,0.001407059898923493,0.001407059898923493,-0.000666744349930121
2026-02-14 00:00:00+00:00,-0.0018296486374802202,-0.0010752140652093008,-0.0010752140652093008,-0.00026480169063193565,-0.0010752140652093008,-0.0010752140652093008,-0.007280728525673476,-0.0010752140652093008,-0.0010752140652093008,-0.0002503037244319991
2026-02-15 00:00:00+00:00,0.001465395208453357,0.00029167586333794413,0.00029167586333794413,-0.0003229875729389556,0.00029167586333794413,0.00029167586333794413,0.0009325155627601985,0.00029167586333794413,0.00029167586333794413,-6.114037535304773e-05
2026-02-16 00:00:00+00:00,-0.0017716830795859347,-0.00047918226984411947,-0.00047918226984411947,-0.002578465622287705,-0.00047918226984411947,-0.00047918226984411947,-0.0021246655702994756,-0.00047918226984411947,-0.00047918226984411947,-0.0022333003648496654
2026-02-17 00:00:00+00:00,-0.001810607627146798,-0.0009021908889167468,-0.0009021908889167468,-0.0008708817914134969,-0.0009021908889167468,-0.0009021908889167468,-0.007391804995395521,-0.0009021908889167468,-0.0009021908889167468,-0.0004797120072141723
2026-02-18 00:00:00+00:00,-0.005188934683354571,-1.6471841149301252e-05,-1.6471841149301252e-05,-0.00042150872005079407,-1.6471841149301252e-05,-1.6471841149301252e-05,0.0010948690204907782,-1.6471841149301252e-05,-1.6471841149301252e-05,0.001046753606048183
2026-02-19 00:00:00+00:00,-0.002767258499429127,0.0010175785417112105,0.0010175785417112105,0.002530686280492397,0.0010175785417112105,0.0010175785417112105,0.008302014160159863,0.0010175785417112105,0.0010175785417112105,0.0014700126846570042
2026-02-20 00:00:00+00:00,0.0010365455283750176,-0.00012930348311106354,-0.00012930348311106354,-0.006750410033204776,-0.00012930348311106354,-0.00012930348311106354,-0.0007024774250495975,-0.00012930348311106354,-0.00012930348311106354,-0.00013799761125009663
2026-02-21 00:00:00+00:00,-0.000593259885324822,-0.0007673598528147338,-0.0007673598528147338,-0.003973648041368846,-0.0007673598528147338,-0.0007673598528147338,-0.006776716492697479,-0.0007673598528147338,-0.0007673598528147338,0.0002278274273563494
2026-02-22 00:00:00+00:00,0.00048180819037706797,-0.0015751584414959402,-0.0015751584414959402,0.0031771488151713743,-0.0015751584414959402,-0.0015751584414959402,-0.0016992819786298032,-0.0015751584414959402,-0.0015751584414959402,-0.0033831636030428607
2026-02-23 00:00:00+00:00,-0.00026931522265618885,-0.0002013105988262974,-0.0002013105988262974,-0.0020860038228076895,-0.0002013105988262974,-0.0002013105988262974,0.0017387018803601887,-0.0002013105988262974,-0.0002013105988262974,-0.0015011136449895766
2026-02-24 00:00:00+00:00,-0.0006307178713126565,0.004533653138390306,0.004533653138390306,0.0011393242546520492,0.004533653138390306,0.004533653138390306,-0.0063950544629087875,0.004533653138390306,0.004533653138390306,0.002454235000925683
2026-02-25 00:00:00+00:00,0.000886646527315946,0.0005063033626818899,-0.0008352636177228033,-0.0013108927269650137,-0.0008352636177228033,-0.0008352636177228033,0.00011913850805697363,-0.0008352636177228033,-0.0008352636177228033,0.00026484951243443505
2026-02-26 00:00:00+00:00,-0.0006075703649013343,-0.006882117201449404,-0.0012303475494878716,-0.018856443963467008,-0.0036448963562676316,-0.0012303475494878716,-0.005885303271590208,-0.0012303475494878716,-0.0012303475494878716,-0.0007799335237332205
2026-02-27 00:00:00+00:00,-0.0002577219081343716,-0.006728321067867641,0.000691399191077411,0.0002373212640740599,-0.0007079557260094513,0.000691399191077411,-9.558203079027407e-05,0.000691399191077411,0.000691399191077411,0.0006852027530673696
2026-02-28 00:00:00+00:00,0.0009673708502104768,0.011709474457665243,-0.0009064575084477298,-0.003970737415797001,-0.0009064575084477298,-0.0009064575084477298,0.008284804835790761,-0.0009064575084477298,-0.0003007543991953679,-0.0010925399509968358
2026-03-01 00:00:00+00:00,0.0019958448699492473,0.0058979770143266575,0.0008938400309884458,-0.004156667477656061,0.0008938400309884458,0.0008938400309884458,0.008044979289747959,0.0008938400309884458,0.0036666486994877782,0.004154689886688623
2026-03-02 00:00:00+00:00,0.00042421772732034675,-0.0011819677694262169,-0.00041359530414095277,-0.00167375404695792,-0.00041359530414095277,-0.00041359530414095277,0.005941717188333386,-0.00041359530414095277,-0.004556718663028113,1.018481954189152e-05
2026-03-03 00:00:00+00:00,0.0019032086098350381,0.0016960307619067903,0.0016960307619067903,-0.0045299902368858246,0.0016960307619067903,0.0016960307619067903,0.007568489009729791,0.0016960307619067903,0.0029583017465495383,0.004719201615097111
2026-03-04 00:00:00+00:00,-0.0016503873794005064,-0.0006888237075714404,-0.0006888237075714404,0.0010033312170019586,-0.0006888237075714404,-0.0006888237075714404,-0.003954501184990656,-0.0006888237075714404,-0.0010600332759153187,-0.0018692919299328984
2026-03-05 00:00:00+00:00,-0.0002000055237549332,0.0037133213064768768,-0.0013361258818092522,-0.000334857245727639,-0.0013361258818092522,-0.0013361258818092522,-0.0026755366424095414,-0.0013361258818092522,-0.001954623767880888,-0.002756019697538706
2026-03-06 00:00:00+00:00,0.0010699352686144709,-0.0010591410541968748,-0.00036538744529242246,-0.00019186594013969113,-0.00036538744529242246,-0.00036538744529242246,-0.002879501442003725,-0.00036538744529242246,-0.0007580140638130177,-0.0010057183354747101
2026-03-07 00:00:00+00:00,-0.000504352815307537,-0.0005719882836774952,-0.0005719882836774952,-0.000566417095483243,-0.0005719882836774952,-0.0005719882836774952,-0.004451462778879143,-0.0005719882836774952,-0.0012550797136479876,-0.0014849870526417945
2026-03-08 00:00:00+00:00,-0.0009367660135058834,0.0011141462533776063,0.0011141462533776063,0.0013210173337551033,0.0011141462533776063,0.0011141462533776063,0.0065324432840455065,0.0011141462533776063,0.002544049321124217,0.0029889070320777375
2026-03-09 00:00:00+00:00,-0.004400604251557814,0.0005876234676196318,0.0005876234676196318,-0.0008292895350256571,0.0005876234676196318,0.0005876234676196318,0.0023178179736317228,0.0005876234676196318,0.0005740541749934436,0.0014565601513118996
2026-03-10 00:00:00+00:00,-0.001049779957128409,0.000190148454212674,0.000190148454212674,-0.0011320760567018703,0.000190148454212674,0.000190148454212674,0.002648453780115551,0.000190148454212674,0.0007016285206329815,0.0005115731813133157
2026-03-11 00:00:00+00:00,-0.003321860689150062,0.0001500514923230534,0.0001500514923230534,0.00013503000322095048,0.0001500514923230534,0.0001500514923230534,0.001010483026630795,0.0001500514923230534,0.00017931829321921706,0.00019535859159943388
2026-03-12 00:00:00+00:00,-0.001179720305682823,5.0774792709568904e-05,5.0774792709568904e-05,-0.010780316940148268,5.0774792709568904e-05,5.0774792709568904e-05,0.010864640525545696,5.0774792709568904e-05,0.001590274026014279,4.566342778329185e-05
2026-03-13 00:00:00+00:00,0.0005971315146621918,2.9527381044385844e-05,2.9527381044385844e-05,-0.0016677368397000057,2.9527381044385844e-05,2.9527381044385844e-05,0.0005750148425041615,2.9527381044385844e-05,0.00041457013753672773,0.0003945769212354499
2026-03-14 00:00:00+00:00,0.0009725890003837234,0.0010351620539047997,0.0010351620539047997,-0.0007054693141965091,0.0010351620539047997,0.0010351620539047997,0.0015227064731228627,0.0010351620539047997,0.0002135687325760477,0.0008296916244054433
2026-03-15 00:00:00+00:00,-0.024045078609211,0.002230159303334814,0.002230159303334814,0.0014428301711906623,0.002230159303334814,0.002230159303334814,-0.011145026876265354,0.002230159303334814,-0.01504773534934983,0.00010419316188175097
2026-03-16 00:00:00+00:00,-0.0022231322176823713,-0.0002491332358990271,-0.0005681572037362899,-0.001813212124208128,-0.0005681572037362899,-0.0005681572037362899,-0.0006756907630265871,-0.0005681572037362899,0.00040991481314715686,-0.0008788140496428482
2026-03-17 00:00:00+00:00,-0.00022750176955252608,0.001463651763884764,-0.0016726139394855654,-0.0009736679635603798,-0.0016726139394855654,-0.0016726139394855654,-0.0025207315895536264,-0.0016726139394855654,-0.0028435335466825773,-0.0017940329267882174
2026-03-18 00:00:00+00:00,-0.0007936349628919254,-0.0007281201912192658,-0.0006475163967834514,-0.012945528676660514,-0.0006475163967834514,-0.0006475163967834514,-0.003403692920034221,-0.0006475163967834514,-0.0005164179183036276,-0.0012428691713661697
2026-03-19 00:00:00+00:00,0.00022248432219974183,-0.001280652543760741,0.00018213509094546507,-0.0015140776062057028,0.00018213509094546507,0.00018213509094546507,0.0006008465528586603,0.00018213509094546507,-0.0005897534550752944,0.0007925867712555209
2026-03-20 00:00:00+00:00,-0.010565753331308452,-0.0008120225151290792,-0.0008120225151290792,0.0006662167661376727,-0.0008120225151290792,-0.0008120225151290792,-0.0028436565174401567,-0.0008120225151290792,-0.0009319740209506339,-0.001387231453286307
2026-03-21 00:00:00+00:00,-0.001418279780180586,-0.0007859102966462842,-0.0007859102966462842,-0.0007561113198332116,-0.0007859102966462842,-0.0007859102966462842,-0.00728119344725319,-0.0007859102966462842,-0.0011378524336685726,-0.00066013719353027
2026-03-22 00:00:00+00:00,0.000744656639988016,0.0010444972088413148,0.0010444972088413148,-0.0008488857196433912,0.0010444972088413148,0.0010444972088413148,0.020765469604024634,0.0010444972088413148,0.032515276707211396,0.002024912660891227
2026-03-23 00:00:00+00:00,-0.0001716472860002652,7.392326507115095e-05,7.392326507115095e-05,-0.0036088815762013436,7.392326507115095e-05,7.392326507115095e-05,0.0056523546598399995,7.392326507115095e-05,-0.0028574083188167188,-0.0006020999748626228
2026-03-24 00:00:00+00:00,-8.962021123279388e-05,-0.0080684269292009,0.00017018632962942408,-0.0018444677269795983,0.00017018632962942408,0.00017018632962942408,0.0076643697740733565,0.00017018632962942408,-0.001603100047797021,0.0008689139944479651
2026-03-25 00:00:00+00:00,0.0034899884365599534,0.002861701845642359,-0.001812985851039554,-0.0009856027994953722,-0.001812985851039554,-0.001812985851039554,-0.0009454743833376745,-0.001812985851039554,-0.00015640151429759,-0.0014287197911140646
2026-03-26 00:00:00+00:00,-0.003162079574969023,0.003879662681228121,-0.0011030895286196888,-0.0008529176323779463,-0.0011030895286196888,-0.0011030895286196888,5.8272925840632296e-05,-0.0011030895286196888,-0.00042748904184838963,-0.0022041515505959257
2026-03-27 00:00:00+00:00,-0.0004530974113285337,0.0002022111959644963,-0.00010225138989754698,-0.000604828364591001,-0.00010225138989754698,-0.00010225138989754698,-0.0004118643419546167,-0.00010225138989754698,6.308125022106063e-05,3.4057684707761595e-05
2026-03-28 00:00:00+00:00,0.0005072610836155489,-0.0011281550864282411,-0.00022893856093452906,-4.727480155574011e-05,-0.00022893856093452906,-0.00022893856093452906,-0.002109713045678277,-0.00022893856093452906,0.0014439418372000031,-0.0002956626396028578
2026-03-29 00:00:00+00:00,0.0011488233993353985,0.0003145784798002583,0.0003145784798002583,-6.0934263216542105e-05,0.0003145784798002583,0.0003145784798002583,0.00339185703356644,0.0003145784798002583,-0.0007822108330428738,0.0005848224813676376
2026-03-30 00:00:00+00:00,0.002827451388292644,0.00046949665393685445,0.00046949665393685445,0.0018849561884398238,0.00046949665393685445,0.00046949665393685445,0.003643603189364581,0.00046949665393685445,-0.0006391010819886459,0.0016680798835301488
2026-03-31 00:00:00+00:00,-0.0012197260986680373,0.0002461269776854645,0.0002461269776854645,2.7464309849271396e-05,0.0002461269776854645,0.0002461269776854645,0.0007884517748116822,0.0002461269776854645,0.002769766151364048,-0.001020586848275142
2026-04-01 00:00:00+00:00,-0.00026364669012349847,-0.001167953658478912,-0.001167953658478912,-0.0008701619226212116,-0.001167953658478912,-0.001167953658478912,0.0005267603623999256,-0.001167953658478912,-0.002311262213770899,-0.0007853465717223104
2026-04-02 00:00:00+00:00,-0.0015295445838322673,0.0003820574559891492,0.0003820574559891492,-0.0016860150810609834,0.0003820574559891492,0.0003820574559891492,0.003973191313693937,0.0003820574559891492,0.00018216498379365124,-0.0002769863518147317
2026-04-03 00:00:00+00:00,0.0005522405282332602,0.00030288294712790494,0.00010215086530011039,-0.0006504023353698126,0.00010215086530011039,0.00010215086530011039,-0.0009002813780005519,0.00010215086530011039,0.0001707400091202221,0.0005391004289546976
2026-04-04 00:00:00+00:00,0.007377928876845096,-0.00020906898629243756,0.000412874378640352,0.0005167702482529273,0.000412874378640352,0.000412874378640352,0.00406280633634271,0.000412874378640352,0.0006576997670337988,0.0022669976775674637
2026-04-05 00:00:00+00:00,-0.00035333718819761245,-0.00019709406389858709,-0.00019709406389858709,-0.00030482735092095736,-0.00019709406389858709,-0.00019709406389858709,-0.0032864590497662595,-0.00019709406389858709,0.0014896992872372662,0.00034324864890362413
2026-04-06 00:00:00+00:00,0.00048781277629680414,0.0018132000101196497,0.0018132000101196497,-0.0009934690619680217,0.0018132000101196497,0.0018132000101196497,0.005348395465902421,0.0018132000101196497,0.0016978176526630513,0.0016104876956673849
2026-04-07 00:00:00+00:00,0.001077650752344029,-0.001179024837446412,-0.001179024837446412,0.0013581700567995348,-0.001179024837446412,-0.001179024837446412,-0.00829835259814794,-0.001179024837446412,-0.002316290656687214,0.00029851792371827926
2026-04-08 00:00:00+00:00,-0.0004171695522094996,0.001271578152001465,0.0003893736415893439,0.00039623009028222074,0.0003893736415893439,0.0003893736415893439,0.0006151476081480902,0.0003893736415893439,0.001018160595005287,0.0006890031242857782
2026-04-09 00:00:00+00:00,0.0062991616294116965,-0.00030394093514028286,0.0003678766085175877,0.001551402989731401,0.0003678766085175877,0.0003678766085175877,-0.0041280069662945175,0.0003678766085175877,0.00031001628026312123,0.0009631698270039931
2026-04-10 00:00:00+00:00,-0.0004864501462011287,-2.366124654168807e-05,-2.366124654168807e-05,0.0009013282264818484,-2.366124654168807e-05,-2.366124654168807e-05,-0.00012382272017165625,-2.366124654168807e-05,-0.001309964873000063,2.9273144788520433e-05
2026-04-11 00:00:00+00:00,-0.0003793364639482152,-0.0012716245967420567,-0.0012716245967420567,-0.002126458931291936,-0.0012716245967420567,-0.0012716245967420567,-0.00916929885974827,-0.0012716245967420567,-0.012508281738096861,-0.0015163646567177456
2026-04-12 00:00:00+00:00,-0.0007762517230827205,0.0015371662489017262,0.0015371662489017262,0.004362917454788291,0.0015371662489017262,0.0015371662489017262,0.0072393285530320895,0.0015371662489017262,0.002135994953647631,0.0015417322895344109
2026-04-13 00:00:00+00:00,0.008102983681583761,-0.001047932161988165,-0.001047932161988165,0.00014375093599850776,-0.001047932161988165,-0.001047932161988165,-0.00030084817676554897,-0.001047932161988165,-7.40892081062287e-05,0.0008569832325369159
2026-04-14 00:00:00+00:00,-0.0024014692029657348,-0.003071616438456113,0.0006316269341475101,-0.00011031424491398837,0.0006316269341475101,0.0006316269341475101,-0.0007430172945809067,0.0006316269341475101,0.003826784878336295,-3.0335707121841126e-05
2026-04-15 00:00:00+00:00,0.0035159407686177094,0.016520548655950658,0.0016642925153466865,-0.005709137670489111,0.0016642925153466865,0.0016642925153466865,-0.004654320137991605,0.0016642925153466865,-0.0020182593880063507,0.0001735248287401473
2026-04-16 00:00:00+00:00,0.0006757929845415105,0.0009092522274221334,0.0002798954657580708,0.00226627769394704,0.0002798954657580708,0.0002798954657580708,0.0074805478283340755,0.0002798954657580708,-0.001881726764660442,0.0023806447975963296
2026-04-17 00:00:00+00:00,0.00046277653372910814,0.00014598879753283957,-0.0010369277885681743,-0.0006562166869596097,-0.0010369277885681743,-0.0010369277885681743,-0.004935374526104142,-0.0010369277885681743,-0.000817730468403667,-7.97830245237456e-05
2026-04-18 00:00:00+00:00,-0.0003168902433276908,0.0002570556858779327,-0.0010287251193415205,-0.0007532588833290513,-0.0010287251193415205,-0.0010287251193415205,-0.0028327835167726054,-0.0010287251193415205,-0.0006176391452793747,-0.0010745838093925758
2026-04-19 00:00:00+00:00,0.0020165303674996417,-0.0005538813908208023,0.0008146183574056172,0.0009335026483150316,0.0008146183574056172,0.0008146183574056172,0.0028075617347497607,0.0008146183574056172,-0.0005240759582713164,0.0019323303924565311
2026-04-20 00:00:00+00:00,0.0005831234431436226,0.00029953831243259706,0.00029953831243259706,-2.9180783274677854e-05,0.00029953831243259706,0.00029953831243259706,0.00030654200524071534,0.00029953831243259706,8.844629933423204e-05,0.0002646390140995919
2026-04-21 00:00:00+00:00,0.011074471084582264,8.121197704256101e-05,8.121197704256101e-05,0.001587134616523358,8.121197704256101e-05,8.121197704256101e-05,5.264634720026588e-06,8.121197704256101e-05,-0.0037166709614962407,0.0027099118714271936
2026-04-22 00:00:00+00:00,-0.003745026696095683,5.471815931812063e-05,5.471815931812063e-05,-0.0007347950037757721,5.471815931812063e-05,5.471815931812063e-05,0.0007059479833473839,5.471815931812063e-05,0.0015266556897062234,-0.0003352642630355122
2026-04-23 00:00:00+00:00,-0.002292853784277105,-2.1581079573094583e-05,-2.1581079573094583e-05,-0.007545292742670372,-2.1581079573094583e-05,-2.1581079573094583e-05,0.001055962499816319,-2.1581079573094583e-05,0.0036861836686147734,-2.1581079573094583e-05
2026-04-24 00:00:00+00:00,-0.0005398263301639635,-5.102590920672567e-05,-5.102590920672567e-05,-0.002415898760561309,-5.102590920672567e-05,-5.102590920672567e-05,0.0006770567794855927,-5.102590920672567e-05,-0.0023662183305303485,-5.102590920672567e-05
2026-04-25 00:00:00+00:00,0.00017198982267020157,0.00031849130585172064,0.00031849130585172064,-0.0015389162812574492,0.00031849130585172064,0.00031849130585172064,-0.00038335533704399443,0.00031849130585172064,-0.0008405810325084804,0.00031849130585172064
2026-04-26 00:00:00+00:00,-0.0007618015263591981,-0.0006908977337908158,-0.0006908977337908158,-0.0009313737810704597,-0.0006908977337908158,-0.0006908977337908158,-0.002730527329285599,-0.0006908977337908158,0.00031441098808398653,-0.0006908977337908158
2026-04-27 00:00:00+00:00,-0.0011072124747534442,-0.00014527656153826625,-0.00014527656153826625,-0.0011544025216138711,-0.00014527656153826625,-0.00014527656153826625,-0.00011973409651539163,-0.00014527656153826625,0.003101909907995141,-0.00014527656153826625
